id,salary
1,100.00
2,100.00
3,100.00
4,100.00
5,100.00
6,100.00
7,100.00
8,100.00
9,100.00
10,100.00
11,100.00
12,100.00
13,100.00
14,100.00
15,100.00
16,100.00
17,100.00
18,100.00
19,100.00
20,100.00
21,100.00
22,100.00
23,100.00
24,100.00
25,100.00
26,100.00
27,100.00
28,100.00
29,100.00
30,100.00
31,100.00
32,100.00
33,100.00
34,100.00
35,100.00
36,100.00
37,100.00
38,100.00
39,100.00
40,100.00
41,100.00
42,100.00
43,100.00
44,100.00
45,100.00
46,100.00
47,100.00
48,100.00
49,100.00
50,100.00
51,100.00
52,100.00
53,100.00
54,100.00
55,100.00
56,100.00
57,100.00
58,100.00
59,100.00
60,100.00
61,100.00
62,100.00
63,100.00
64,100.00
65,100.00
66,100.00
67,100.00
68,100.00
69,100.00
70,100.00
71,100.00
72,100.00
73,100.00
74,100.00
75,100.00
76,100.00
77,100.00
78,100.00
79,100.00
80,100.00
81,100.00
82,100.00
83,100.00
84,100.00
85,100.00
86,100.00
87,100.00
88,100.00
89,100.00
90,100.00
91,100.00
92,100.00
93,100.00
94,100.00
95,100.00
96,100.00
97,100.00
98,100.00
99,100.00
100,100.00
101,100.00
102,100.00
103,100.00
104,100.00
105,100.00
106,100.00
107,100.00
108,100.00
109,100.00
110,100.00
111,100.00
112,100.00
113,100.00
114,100.00
115,100.00
116,100.00
117,100.00
118,100.00
119,100.00
120,100.00
121,100.00
122,100.00
123,100.00
124,100.00
125,100.00
126,100.00
127,100.00
128,100.00
129,100.00
130,100.00
131,100.00
132,100.00
133,100.00
134,100.00
135,100.00
136,100.00
137,100.00
138,100.00
139,100.00
140,100.00
141,100.00
142,100.00
143,100.00
144,100.00
145,100.00
146,100.00
147,100.00
148,100.00
149,100.00
150,100.00
151,100.00
152,100.00
153,100.00
154,100.00
155,100.00
156,100.00
157,100.00
158,100.00
159,100.00
160,100.00
161,100.00
162,100.00
163,100.00
164,100.00
165,100.00
166,100.00
167,100.00
168,100.00
169,100.00
170,100.00
171,100.00
172,100.00
173,100.00
174,100.00
175,100.00
176,100.00
177,100.00
178,100.00
179,100.00
180,100.00
181,100.00
182,100.00
183,100.00
184,100.00
185,100.00
186,100.00
187,100.00
188,100.00
189,100.00
190,100.00
191,100.00
192,100.00
193,100.00
194,100.00
195,100.00
196,100.00
197,100.00
198,100.00
199,100.00
200,100.00
201,100.00
202,100.00
203,100.00
204,100.00
205,100.00
206,100.00
207,100.00
208,100.00
209,100.00
210,100.00
211,100.00
212,100.00
213,100.00
214,100.00
215,100.00
216,100.00
217,100.00
218,100.00
219,100.00
220,100.00
221,100.00
222,100.00
223,100.00
224,100.00
225,100.00
226,100.00
227,100.00
228,100.00
229,100.00
230,100.00
231,100.00
232,100.00
233,100.00
234,100.00
235,100.00
236,100.00
237,100.00
238,100.00
239,100.00
240,100.00
241,100.00
242,100.00
243,100.00
244,100.00
245,100.00
246,100.00
247,100.00
248,100.00
249,100.00
250,100.00
251,100.00
252,100.00
253,100.00
254,100.00
255,100.00
256,100.00
257,100.00
258,100.00
259,100.00
260,100.00
261,100.00
262,100.00
263,100.00
264,100.00
265,100.00
266,100.00
267,100.00
268,100.00
269,100.00
270,100.00
271,100.00
272,100.00
273,100.00
274,100.00
275,100.00
276,100.00
277,100.00
278,100.00
279,100.00
280,100.00
281,100.00
282,100.00
283,100.00
284,100.00
285,100.00
286,100.00
287,100.00
288,100.00
289,100.00
290,100.00
291,100.00
292,100.00
293,100.00
294,100.00
295,100.00
296,100.00
297,100.00
298,100.00
299,100.00
300,100.00
301,100.00
302,100.00
303,100.00
304,100.00
305,100.00
306,100.00
307,100.00
308,100.00
309,100.00
310,100.00
311,100.00
312,100.00
313,100.00
314,100.00
315,100.00
316,100.00
317,100.00
318,100.00
319,100.00
320,100.00
321,100.00
322,100.00
323,100.00
324,100.00
325,100.00
326,100.00
327,100.00
328,100.00
329,100.00
330,100.00
331,100.00
332,100.00
333,100.00
334,100.00
335,100.00
336,100.00
337,100.00
338,100.00
339,100.00
340,100.00
341,100.00
342,100.00
343,100.00
344,100.00
345,100.00
346,100.00
347,100.00
348,100.00
349,100.00
350,100.00
351,100.00
352,100.00
353,100.00
354,100.00
355,100.00
356,100.00
357,100.00
358,100.00
359,100.00
360,100.00
361,100.00
362,100.00
363,100.00
364,100.00
365,100.00
366,100.00
367,100.00
368,100.00
369,100.00
370,100.00
371,100.00
372,100.00
373,100.00
374,100.00
375,100.00
376,100.00
377,100.00
378,100.00
379,100.00
380,100.00
381,100.00
382,100.00
383,100.00
384,100.00
385,100.00
386,100.00
387,100.00
388,100.00
389,100.00
390,100.00
391,100.00
392,100.00
393,100.00
394,100.00
395,100.00
396,100.00
397,100.00
398,100.00
399,100.00
400,100.00
401,100.00
402,100.00
403,100.00
404,100.00
405,100.00
406,100.00
407,100.00
408,100.00
409,100.00
410,100.00
411,100.00
412,100.00
413,100.00
414,100.00
415,100.00
416,100.00
417,100.00
418,100.00
419,100.00
420,100.00
421,100.00
422,100.00
423,100.00
424,100.00
425,100.00
426,100.00
427,100.00
428,100.00
429,100.00
430,100.00
431,100.00
432,100.00
433,100.00
434,100.00
435,100.00
436,100.00
437,100.00
438,100.00
439,100.00
440,100.00
441,100.00
442,100.00
443,100.00
444,100.00
445,100.00
446,100.00
447,100.00
448,100.00
449,100.00
450,100.00
451,100.00
452,100.00
453,100.00
454,100.00
455,100.00
456,100.00
457,100.00
458,100.00
459,100.00
460,100.00
461,100.00
462,100.00
463,100.00
464,100.00
465,100.00
466,100.00
467,100.00
468,100.00
469,100.00
470,100.00
471,100.00
472,100.00
473,100.00
474,100.00
475,100.00
476,100.00
477,100.00
478,100.00
479,100.00
480,100.00
481,100.00
482,100.00
483,100.00
484,100.00
485,100.00
486,100.00
487,100.00
488,100.00
489,100.00
490,100.00
491,100.00
492,100.00
493,100.00
494,100.00
495,100.00
496,100.00
497,100.00
498,100.00
499,100.00
500,100.00
501,100.00
502,100.00
503,100.00
504,100.00
505,100.00
506,100.00
507,100.00
508,100.00
509,100.00
510,100.00
511,100.00
512,100.00
513,100.00
514,100.00
515,100.00
516,100.00
517,100.00
518,100.00
519,100.00
520,100.00
521,100.00
522,100.00
523,100.00
524,100.00
525,100.00
526,100.00
527,100.00
528,100.00
529,100.00
530,100.00
531,100.00
532,100.00
533,100.00
534,100.00
535,100.00
536,100.00
537,100.00
538,100.00
539,100.00
540,100.00
541,100.00
542,100.00
543,100.00
544,100.00
545,100.00
546,100.00
547,100.00
548,100.00
549,100.00
550,100.00
551,100.00
552,100.00
553,100.00
554,100.00
555,100.00
556,100.00
557,100.00
558,100.00
559,100.00
560,100.00
561,100.00
562,100.00
563,100.00
564,100.00
565,100.00
566,100.00
567,100.00
568,100.00
569,100.00
570,100.00
571,100.00
572,100.00
573,100.00
574,100.00
575,100.00
576,100.00
577,100.00
578,100.00
579,100.00
580,100.00
581,100.00
582,100.00
583,100.00
584,100.00
585,100.00
586,100.00
587,100.00
588,100.00
589,100.00
590,100.00
591,100.00
592,100.00
593,100.00
594,100.00
595,100.00
596,100.00
597,100.00
598,100.00
599,100.00
600,100.00
601,100.00
602,100.00
603,100.00
604,100.00
605,100.00
606,100.00
607,100.00
608,100.00
609,100.00
610,100.00
611,100.00
612,100.00
613,100.00
614,100.00
615,100.00
616,100.00
617,100.00
618,100.00
619,100.00
620,100.00
621,100.00
622,100.00
623,100.00
624,100.00
625,100.00
626,100.00
627,100.00
628,100.00
629,100.00
630,100.00
631,100.00
632,100.00
633,100.00
634,100.00
635,100.00
636,100.00
637,100.00
638,100.00
639,100.00
640,100.00
641,100.00
642,100.00
643,100.00
644,100.00
645,100.00
646,100.00
647,100.00
648,100.00
649,100.00
650,100.00
651,100.00
652,100.00
653,100.00
654,100.00
655,100.00
656,100.00
657,100.00
658,100.00
659,100.00
660,100.00
661,100.00
662,100.00
663,100.00
664,100.00
665,100.00
666,100.00
667,100.00
668,100.00
669,100.00
670,100.00
671,100.00
672,100.00
673,100.00
674,100.00
675,100.00
676,100.00
677,100.00
678,100.00
679,100.00
680,100.00
681,100.00
682,100.00
683,100.00
684,100.00
685,100.00
686,100.00
687,100.00
688,100.00
689,100.00
690,100.00
691,100.00
692,100.00
693,100.00
694,100.00
695,100.00
696,100.00
697,100.00
698,100.00
699,100.00
700,100.00
701,100.00
702,100.00
703,100.00
704,100.00
705,100.00
706,100.00
707,100.00
708,100.00
709,100.00
710,100.00
711,100.00
712,100.00
713,100.00
714,100.00
715,100.00
716,100.00
717,100.00
718,100.00
719,100.00
720,100.00
721,100.00
722,100.00
723,100.00
724,100.00
725,100.00
726,100.00
727,100.00
728,100.00
729,100.00
730,100.00
731,100.00
732,100.00
733,100.00
734,100.00
735,100.00
736,100.00
737,100.00
738,100.00
739,100.00
740,100.00
741,100.00
742,100.00
743,100.00
744,100.00
745,100.00
746,100.00
747,100.00
748,100.00
749,100.00
750,100.00
751,100.00
752,100.00
753,100.00
754,100.00
755,100.00
756,100.00
757,100.00
758,100.00
759,100.00
760,100.00
761,100.00
762,100.00
763,100.00
764,100.00
765,100.00
766,100.00
767,100.00
768,100.00
769,100.00
770,100.00
771,100.00
772,100.00
773,100.00
774,100.00
775,100.00
776,100.00
777,100.00
778,100.00
779,100.00
780,100.00
781,100.00
782,100.00
783,100.00
784,100.00
785,100.00
786,100.00
787,100.00
788,100.00
789,100.00
790,100.00
791,100.00
792,100.00
793,100.00
794,100.00
795,100.00
796,100.00
797,100.00
798,100.00
799,100.00
800,100.00
801,100.00
802,100.00
803,100.00
804,100.00
805,100.00
806,100.00
807,100.00
808,100.00
809,100.00
810,100.00
811,100.00
812,100.00
813,100.00
814,100.00
815,100.00
816,100.00
817,100.00
818,100.00
819,100.00
820,100.00
821,100.00
822,100.00
823,100.00
824,100.00
825,100.00
826,100.00
827,100.00
828,100.00
829,100.00
830,100.00
831,100.00
832,100.00
833,100.00
834,100.00
835,100.00
836,100.00
837,100.00
838,100.00
839,100.00
840,100.00
841,100.00
842,100.00
843,100.00
844,100.00
845,100.00
846,100.00
847,100.00
848,100.00
849,100.00
850,100.00
851,100.00
852,100.00
853,100.00
854,100.00
855,100.00
856,100.00
857,100.00
858,100.00
859,100.00
860,100.00
861,100.00
862,100.00
863,100.00
864,100.00
865,100.00
866,100.00
867,100.00
868,100.00
869,100.00
870,100.00
871,100.00
872,100.00
873,100.00
874,100.00
875,100.00
876,100.00
877,100.00
878,100.00
879,100.00
880,100.00
881,100.00
882,100.00
883,100.00
884,100.00
885,100.00
886,100.00
887,100.00
888,100.00
889,100.00
890,100.00
891,100.00
892,100.00
893,100.00
894,100.00
895,100.00
896,100.00
897,100.00
898,100.00
899,100.00
900,100.00
901,100.00
902,100.00
903,100.00
904,100.00
905,100.00
906,100.00
907,100.00
908,100.00
909,100.00
910,100.00
911,100.00
912,100.00
913,100.00
914,100.00
915,100.00
916,100.00
917,100.00
918,100.00
919,100.00
920,100.00
921,100.00
922,100.00
923,100.00
924,100.00
925,100.00
926,100.00
927,100.00
928,100.00
929,100.00
930,100.00
931,100.00
932,100.00
933,100.00
934,100.00
935,100.00
936,100.00
937,100.00
938,100.00
939,100.00
940,100.00
941,100.00
942,100.00
943,100.00
944,100.00
945,100.00
946,100.00
947,100.00
948,100.00
949,100.00
950,100.00
951,100.00
952,100.00
953,100.00
954,100.00
955,100.00
956,100.00
957,100.00
958,100.00
959,100.00
960,100.00
961,100.00
962,100.00
963,100.00
964,100.00
965,100.00
966,100.00
967,100.00
968,100.00
969,100.00
970,100.00
971,100.00
972,100.00
973,100.00
974,100.00
975,100.00
976,100.00
977,100.00
978,100.00
979,100.00
980,100.00
981,100.00
982,100.00
983,100.00
984,100.00
985,100.00
986,100.00
987,100.00
988,100.00
989,100.00
990,100.00
991,100.00
992,100.00
993,100.00
994,100.00
995,100.00
996,100.00
997,100.00
998,100.00
999,100.00
1000,100.00
1001,100.00
1002,100.00
1003,100.00
1004,100.00
1005,100.00
1006,100.00
1007,100.00
1008,100.00
1009,100.00
1010,100.00
1011,100.00
1012,100.00
1013,100.00
1014,100.00
1015,100.00
1016,100.00
1017,100.00
1018,100.00
1019,100.00
1020,100.00
1021,100.00
1022,100.00
1023,100.00
1024,100.00
1025,100.00
1026,100.00
1027,100.00
1028,100.00
1029,100.00
1030,100.00
1031,100.00
1032,100.00
1033,100.00
1034,100.00
1035,100.00
1036,100.00
1037,100.00
1038,100.00
1039,100.00
1040,100.00
1041,100.00
1042,100.00
1043,100.00
1044,100.00
1045,100.00
1046,100.00
1047,100.00
1048,100.00
1049,100.00
1050,100.00
1051,100.00
1052,100.00
1053,100.00
1054,100.00
1055,100.00
1056,100.00
1057,100.00
1058,100.00
1059,100.00
1060,100.00
1061,100.00
1062,100.00
1063,100.00
1064,100.00
1065,100.00
1066,100.00
1067,100.00
1068,100.00
1069,100.00
1070,100.00
1071,100.00
1072,100.00
1073,100.00
1074,100.00
1075,100.00
1076,100.00
1077,100.00
1078,100.00
1079,100.00
1080,100.00
1081,100.00
1082,100.00
1083,100.00
1084,100.00
1085,100.00
1086,100.00
1087,100.00
1088,100.00
1089,100.00
1090,100.00
1091,100.00
1092,100.00
1093,100.00
1094,100.00
1095,100.00
1096,100.00
1097,100.00
1098,100.00
1099,100.00
1100,100.00
1101,100.00
1102,100.00
1103,100.00
1104,100.00
1105,100.00
1106,100.00
1107,100.00
1108,100.00
1109,100.00
1110,100.00
1111,100.00
1112,100.00
1113,100.00
1114,100.00
1115,100.00
1116,100.00
1117,100.00
1118,100.00
1119,100.00
1120,100.00
1121,100.00
1122,100.00
1123,100.00
1124,100.00
1125,100.00
1126,100.00
1127,100.00
1128,100.00
1129,100.00
1130,100.00
1131,100.00
1132,100.00
1133,100.00
1134,100.00
1135,100.00
1136,100.00
1137,100.00
1138,100.00
1139,100.00
1140,100.00
1141,100.00
1142,100.00
1143,100.00
1144,100.00
1145,100.00
1146,100.00
1147,100.00
1148,100.00
1149,100.00
1150,100.00
1151,100.00
1152,100.00
1153,100.00
1154,100.00
1155,100.00
1156,100.00
1157,100.00
1158,100.00
1159,100.00
1160,100.00
1161,100.00
1162,100.00
1163,100.00
1164,100.00
1165,100.00
1166,100.00
1167,100.00
1168,100.00
1169,100.00
1170,100.00
1171,100.00
1172,100.00
1173,100.00
1174,100.00
1175,100.00
1176,100.00
1177,100.00
1178,100.00
1179,100.00
1180,100.00
1181,100.00
1182,100.00
1183,100.00
1184,100.00
1185,100.00
1186,100.00
1187,100.00
1188,100.00
1189,100.00
1190,100.00
1191,100.00
1192,100.00
1193,100.00
1194,100.00
1195,100.00
1196,100.00
1197,100.00
1198,100.00
1199,100.00
1200,100.00
1201,100.00
1202,100.00
1203,100.00
1204,100.00
1205,100.00
1206,100.00
1207,100.00
1208,100.00
1209,100.00
1210,100.00
1211,100.00
1212,100.00
1213,100.00
1214,100.00
1215,100.00
1216,100.00
1217,100.00
1218,100.00
1219,100.00
1220,100.00
1221,100.00
1222,100.00
1223,100.00
1224,100.00
1225,100.00
1226,100.00
1227,100.00
1228,100.00
1229,100.00
1230,100.00
1231,100.00
1232,100.00
1233,100.00
1234,100.00
1235,100.00
1236,100.00
1237,100.00
1238,100.00
1239,100.00
1240,100.00
1241,100.00
1242,100.00
1243,100.00
1244,100.00
1245,100.00
1246,100.00
1247,100.00
1248,100.00
1249,100.00
1250,100.00
1251,100.00
1252,100.00
1253,100.00
1254,100.00
1255,100.00
1256,100.00
1257,100.00
1258,100.00
1259,100.00
1260,100.00
1261,100.00
1262,100.00
1263,100.00
1264,100.00
1265,100.00
1266,100.00
1267,100.00
1268,100.00
1269,100.00
1270,100.00
1271,100.00
1272,100.00
1273,100.00
1274,100.00
1275,100.00
1276,100.00
1277,100.00
1278,100.00
1279,100.00
1280,100.00
1281,100.00
1282,100.00
1283,100.00
1284,100.00
1285,100.00
1286,100.00
1287,100.00
1288,100.00
1289,100.00
1290,100.00
1291,100.00
1292,100.00
1293,100.00
1294,100.00
1295,100.00
1296,100.00
1297,100.00
1298,100.00
1299,100.00
1300,100.00
1301,100.00
1302,100.00
1303,100.00
1304,100.00
1305,100.00
1306,100.00
1307,100.00
1308,100.00
1309,100.00
1310,100.00
1311,100.00
1312,100.00
1313,100.00
1314,100.00
1315,100.00
1316,100.00
1317,100.00
1318,100.00
1319,100.00
1320,100.00
1321,100.00
1322,100.00
1323,100.00
1324,100.00
1325,100.00
1326,100.00
1327,100.00
1328,100.00
1329,100.00
1330,100.00
1331,100.00
1332,100.00
1333,100.00
1334,100.00
1335,100.00
1336,100.00
1337,100.00
1338,100.00
1339,100.00
1340,100.00
1341,100.00
1342,100.00
1343,100.00
1344,100.00
1345,100.00
1346,100.00
1347,100.00
1348,100.00
1349,100.00
1350,100.00
1351,100.00
1352,100.00
1353,100.00
1354,100.00
1355,100.00
1356,100.00
1357,100.00
1358,100.00
1359,100.00
1360,100.00
1361,100.00
1362,100.00
1363,100.00
1364,100.00
1365,100.00
1366,100.00
1367,100.00
1368,100.00
1369,100.00
1370,100.00
1371,100.00
1372,100.00
1373,100.00
1374,100.00
1375,100.00
1376,100.00
1377,100.00
1378,100.00
1379,100.00
1380,100.00
1381,100.00
1382,100.00
1383,100.00
1384,100.00
1385,100.00
1386,100.00
1387,100.00
1388,100.00
1389,100.00
1390,100.00
1391,100.00
1392,100.00
1393,100.00
1394,100.00
1395,100.00
1396,100.00
1397,100.00
1398,100.00
1399,100.00
1400,100.00
1401,100.00
1402,100.00
1403,100.00
1404,100.00
1405,100.00
1406,100.00
1407,100.00
1408,100.00
1409,100.00
1410,100.00
1411,100.00
1412,100.00
1413,100.00
1414,100.00
1415,100.00
1416,100.00
1417,100.00
1418,100.00
1419,100.00
1420,100.00
1421,100.00
1422,100.00
1423,100.00
1424,100.00
1425,100.00
1426,100.00
1427,100.00
1428,100.00
1429,100.00
1430,100.00
1431,100.00
1432,100.00
1433,100.00
1434,100.00
1435,100.00
1436,100.00
1437,100.00
1438,100.00
1439,100.00
1440,100.00
1441,100.00
1442,100.00
1443,100.00
1444,100.00
1445,100.00
1446,100.00
1447,100.00
1448,100.00
1449,100.00
1450,100.00
1451,100.00
1452,100.00
1453,100.00
1454,100.00
1455,100.00
1456,100.00
1457,100.00
1458,100.00
1459,100.00
1460,100.00
1461,100.00
1462,100.00
1463,100.00
1464,100.00
1465,100.00
1466,100.00
1467,100.00
1468,100.00
1469,100.00
1470,100.00
1471,100.00
1472,100.00
1473,100.00
1474,100.00
1475,100.00
1476,100.00
1477,100.00
1478,100.00
1479,100.00
1480,100.00
1481,100.00
1482,100.00
1483,100.00
1484,100.00
1485,100.00
1486,100.00
1487,100.00
1488,100.00
1489,100.00
1490,100.00
1491,100.00
1492,100.00
1493,100.00
1494,100.00
1495,100.00
1496,100.00
1497,100.00
1498,100.00
1499,100.00
1500,100.00
1501,100.00
1502,100.00
1503,100.00
1504,100.00
1505,100.00
1506,100.00
1507,100.00
1508,100.00
1509,100.00
1510,100.00
1511,100.00
1512,100.00
1513,100.00
1514,100.00
1515,100.00
1516,100.00
1517,100.00
1518,100.00
1519,100.00
1520,100.00
1521,100.00
1522,100.00
1523,100.00
1524,100.00
1525,100.00
1526,100.00
1527,100.00
1528,100.00
1529,100.00
1530,100.00
1531,100.00
1532,100.00
1533,100.00
1534,100.00
1535,100.00
1536,100.00
1537,100.00
1538,100.00
1539,100.00
1540,100.00
1541,100.00
1542,100.00
1543,100.00
1544,100.00
1545,100.00
1546,100.00
1547,100.00
1548,100.00
1549,100.00
1550,100.00
1551,100.00
1552,100.00
1553,100.00
1554,100.00
1555,100.00
1556,100.00
1557,100.00
1558,100.00
1559,100.00
1560,100.00
1561,100.00
1562,100.00
1563,100.00
1564,100.00
1565,100.00
1566,100.00
1567,100.00
1568,100.00
1569,100.00
1570,100.00
1571,100.00
1572,100.00
1573,100.00
1574,100.00
1575,100.00
1576,100.00
1577,100.00
1578,100.00
1579,100.00
1580,100.00
1581,100.00
1582,100.00
1583,100.00
1584,100.00
1585,100.00
1586,100.00
1587,100.00
1588,100.00
1589,100.00
1590,100.00
1591,100.00
1592,100.00
1593,100.00
1594,100.00
1595,100.00
1596,100.00
1597,100.00
1598,100.00
1599,100.00
1600,100.00
1601,100.00
1602,100.00
1603,100.00
1604,100.00
1605,100.00
1606,100.00
1607,100.00
1608,100.00
1609,100.00
1610,100.00
1611,100.00
1612,100.00
1613,100.00
1614,100.00
1615,100.00
1616,100.00
1617,100.00
1618,100.00
1619,100.00
1620,100.00
1621,100.00
1622,100.00
1623,100.00
1624,100.00
1625,100.00
1626,100.00
1627,100.00
1628,100.00
1629,100.00
1630,100.00
1631,100.00
1632,100.00
1633,100.00
1634,100.00
1635,100.00
1636,100.00
1637,100.00
1638,100.00
1639,100.00
1640,100.00
1641,100.00
1642,100.00
1643,100.00
1644,100.00
1645,100.00
1646,100.00
1647,100.00
1648,100.00
1649,100.00
1650,100.00
1651,100.00
1652,100.00
1653,100.00
1654,100.00
1655,100.00
1656,100.00
1657,100.00
1658,100.00
1659,100.00
1660,100.00
1661,100.00
1662,100.00
1663,100.00
1664,100.00
1665,100.00
1666,100.00
1667,100.00
1668,100.00
1669,100.00
1670,100.00
1671,100.00
1672,100.00
1673,100.00
1674,100.00
1675,100.00
1676,100.00
1677,100.00
1678,100.00
1679,100.00
1680,100.00
1681,100.00
1682,100.00
1683,100.00
1684,100.00
1685,100.00
1686,100.00
1687,100.00
1688,100.00
1689,100.00
1690,100.00
1691,100.00
1692,100.00
1693,100.00
1694,100.00
1695,100.00
1696,100.00
1697,100.00
1698,100.00
1699,100.00
1700,100.00
1701,100.00
1702,100.00
1703,100.00
1704,100.00
1705,100.00
1706,100.00
1707,100.00
1708,100.00
1709,100.00
1710,100.00
1711,100.00
1712,100.00
1713,100.00
1714,100.00
1715,100.00
1716,100.00
1717,100.00
1718,100.00
1719,100.00
1720,100.00
1721,100.00
1722,100.00
1723,100.00
1724,100.00
1725,100.00
1726,100.00
1727,100.00
1728,100.00
1729,100.00
1730,100.00
1731,100.00
1732,100.00
1733,100.00
1734,100.00
1735,100.00
1736,100.00
1737,100.00
1738,100.00
1739,100.00
1740,100.00
1741,100.00
1742,100.00
1743,100.00
1744,100.00
1745,100.00
1746,100.00
1747,100.00
1748,100.00
1749,100.00
1750,100.00
1751,100.00
1752,100.00
1753,100.00
1754,100.00
1755,100.00
1756,100.00
1757,100.00
1758,100.00
1759,100.00
1760,100.00
1761,100.00
1762,100.00
1763,100.00
1764,100.00
1765,100.00
1766,100.00
1767,100.00
1768,100.00
1769,100.00
1770,100.00
1771,100.00
1772,100.00
1773,100.00
1774,100.00
1775,100.00
1776,100.00
1777,100.00
1778,100.00
1779,100.00
1780,100.00
1781,100.00
1782,100.00
1783,100.00
1784,100.00
1785,100.00
1786,100.00
1787,100.00
1788,100.00
1789,100.00
1790,100.00
1791,100.00
1792,100.00
1793,100.00
1794,100.00
1795,100.00
1796,100.00
1797,100.00
1798,100.00
1799,100.00
1800,100.00
1801,100.00
1802,100.00
1803,100.00
1804,100.00
1805,100.00
1806,100.00
1807,100.00
1808,100.00
1809,100.00
1810,100.00
1811,100.00
1812,100.00
1813,100.00
1814,100.00
1815,100.00
1816,100.00
1817,100.00
1818,100.00
1819,100.00
1820,100.00
1821,100.00
1822,100.00
1823,100.00
1824,100.00
1825,100.00
1826,100.00
1827,100.00
1828,100.00
1829,100.00
1830,100.00
1831,100.00
1832,100.00
1833,100.00
1834,100.00
1835,100.00
1836,100.00
1837,100.00
1838,100.00
1839,100.00
1840,100.00
1841,100.00
1842,100.00
1843,100.00
1844,100.00
1845,100.00
1846,100.00
1847,100.00
1848,100.00
1849,100.00
1850,100.00
1851,100.00
1852,100.00
1853,100.00
1854,100.00
1855,100.00
1856,100.00
1857,100.00
1858,100.00
1859,100.00
1860,100.00
1861,100.00
1862,100.00
1863,100.00
1864,100.00
1865,100.00
1866,100.00
1867,100.00
1868,100.00
1869,100.00
1870,100.00
1871,100.00
1872,100.00
1873,100.00
1874,100.00
1875,100.00
1876,100.00
1877,100.00
1878,100.00
1879,100.00
1880,100.00
1881,100.00
1882,100.00
1883,100.00
1884,100.00
1885,100.00
1886,100.00
1887,100.00
1888,100.00
1889,100.00
1890,100.00
1891,100.00
1892,100.00
1893,100.00
1894,100.00
1895,100.00
1896,100.00
1897,100.00
1898,100.00
1899,100.00
1900,100.00
1901,100.00
1902,100.00
1903,100.00
1904,100.00
1905,100.00
1906,100.00
1907,100.00
1908,100.00
1909,100.00
1910,100.00
1911,100.00
1912,100.00
1913,100.00
1914,100.00
1915,100.00
1916,100.00
1917,100.00
1918,100.00
1919,100.00
1920,100.00
1921,100.00
1922,100.00
1923,100.00
1924,100.00
1925,100.00
1926,100.00
1927,100.00
1928,100.00
1929,100.00
1930,100.00
1931,100.00
1932,100.00
1933,100.00
1934,100.00
1935,100.00
1936,100.00
1937,100.00
1938,100.00
1939,100.00
1940,100.00
1941,100.00
1942,100.00
1943,100.00
1944,100.00
1945,100.00
1946,100.00
1947,100.00
1948,100.00
1949,100.00
1950,100.00
1951,100.00
1952,100.00
1953,100.00
1954,100.00
1955,100.00
1956,100.00
1957,100.00
1958,100.00
1959,100.00
1960,100.00
1961,100.00
1962,100.00
1963,100.00
1964,100.00
1965,100.00
1966,100.00
1967,100.00
1968,100.00
1969,100.00
1970,100.00
1971,100.00
1972,100.00
1973,100.00
1974,100.00
1975,100.00
1976,100.00
1977,100.00
1978,100.00
1979,100.00
1980,100.00
1981,100.00
1982,100.00
1983,100.00
1984,100.00
1985,100.00
1986,100.00
1987,100.00
1988,100.00
1989,100.00
1990,100.00
1991,100.00
1992,100.00
1993,100.00
1994,100.00
1995,100.00
1996,100.00
1997,100.00
1998,100.00
1999,100.00
2000,100.00
2001,100.00
2002,100.00
2003,100.00
2004,100.00
2005,100.00
2006,100.00
2007,100.00
2008,100.00
2009,100.00
2010,100.00
2011,100.00
2012,100.00
2013,100.00
2014,100.00
2015,100.00
2016,100.00
2017,100.00
2018,100.00
2019,100.00
2020,100.00
2021,100.00
2022,100.00
2023,100.00
2024,100.00
2025,100.00
2026,100.00
2027,100.00
2028,100.00
2029,100.00
2030,100.00
2031,100.00
2032,100.00
2033,100.00
2034,100.00
2035,100.00
2036,100.00
2037,100.00
2038,100.00
2039,100.00
2040,100.00
2041,100.00
2042,100.00
2043,100.00
2044,100.00
2045,100.00
2046,100.00
2047,100.00
2048,100.00
2049,100.00
2050,100.00
2051,100.00
2052,100.00
2053,100.00
2054,100.00
2055,100.00
2056,100.00
2057,100.00
2058,100.00
2059,100.00
2060,100.00
2061,100.00
2062,100.00
2063,100.00
2064,100.00
2065,100.00
2066,100.00
2067,100.00
2068,100.00
2069,100.00
2070,100.00
2071,100.00
2072,100.00
2073,100.00
2074,100.00
2075,100.00
2076,100.00
2077,100.00
2078,100.00
2079,100.00
2080,100.00
2081,100.00
2082,100.00
2083,100.00
2084,100.00
2085,100.00
2086,100.00
2087,100.00
2088,100.00
2089,100.00
2090,100.00
2091,100.00
2092,100.00
2093,100.00
2094,100.00
2095,100.00
2096,100.00
2097,100.00
2098,100.00
2099,100.00
2100,100.00
2101,100.00
2102,100.00
2103,100.00
2104,100.00
2105,100.00
2106,100.00
2107,100.00
2108,100.00
2109,100.00
2110,100.00
2111,100.00
2112,100.00
2113,100.00
2114,100.00
2115,100.00
2116,100.00
2117,100.00
2118,100.00
2119,100.00
2120,100.00
2121,100.00
2122,100.00
2123,100.00
2124,100.00
2125,100.00
2126,100.00
2127,100.00
2128,100.00
2129,100.00
2130,100.00
2131,100.00
2132,100.00
2133,100.00
2134,100.00
2135,100.00
2136,100.00
2137,100.00
2138,100.00
2139,100.00
2140,100.00
2141,100.00
2142,100.00
2143,100.00
2144,100.00
2145,100.00
2146,100.00
2147,100.00
2148,100.00
2149,100.00
2150,100.00
2151,100.00
2152,100.00
2153,100.00
2154,100.00
2155,100.00
2156,100.00
2157,100.00
2158,100.00
2159,100.00
2160,100.00
2161,100.00
2162,100.00
2163,100.00
2164,100.00
2165,100.00
2166,100.00
2167,100.00
2168,100.00
2169,100.00
2170,100.00
2171,100.00
2172,100.00
2173,100.00
2174,100.00
2175,100.00
2176,100.00
2177,100.00
2178,100.00
2179,100.00
2180,100.00
2181,100.00
2182,100.00
2183,100.00
2184,100.00
2185,100.00
2186,100.00
2187,100.00
2188,100.00
2189,100.00
2190,100.00
2191,100.00
2192,100.00
2193,100.00
2194,100.00
2195,100.00
2196,100.00
2197,100.00
2198,100.00
2199,100.00
2200,100.00
2201,100.00
2202,100.00
2203,100.00
2204,100.00
2205,100.00
2206,100.00
2207,100.00
2208,100.00
2209,100.00
2210,100.00
2211,100.00
2212,100.00
2213,100.00
2214,100.00
2215,100.00
2216,100.00
2217,100.00
2218,100.00
2219,100.00
2220,100.00
2221,100.00
2222,100.00
2223,100.00
2224,100.00
2225,100.00
2226,100.00
2227,100.00
2228,100.00
2229,100.00
2230,100.00
2231,100.00
2232,100.00
2233,100.00
2234,100.00
2235,100.00
2236,100.00
2237,100.00
2238,100.00
2239,100.00
2240,100.00
2241,100.00
2242,100.00
2243,100.00
2244,100.00
2245,100.00
2246,100.00
2247,100.00
2248,100.00
2249,100.00
2250,100.00
2251,100.00
2252,100.00
2253,100.00
2254,100.00
2255,100.00
2256,100.00
2257,100.00
2258,100.00
2259,100.00
2260,100.00
2261,100.00
2262,100.00
2263,100.00
2264,100.00
2265,100.00
2266,100.00
2267,100.00
2268,100.00
2269,100.00
2270,100.00
2271,100.00
2272,100.00
2273,100.00
2274,100.00
2275,100.00
2276,100.00
2277,100.00
2278,100.00
2279,100.00
2280,100.00
2281,100.00
2282,100.00
2283,100.00
2284,100.00
2285,100.00
2286,100.00
2287,100.00
2288,100.00
2289,100.00
2290,100.00
2291,100.00
2292,100.00
2293,100.00
2294,100.00
2295,100.00
2296,100.00
2297,100.00
2298,100.00
2299,100.00
2300,100.00
2301,100.00
2302,100.00
2303,100.00
2304,100.00
2305,100.00
2306,100.00
2307,100.00
2308,100.00
2309,100.00
2310,100.00
2311,100.00
2312,100.00
2313,100.00
2314,100.00
2315,100.00
2316,100.00
2317,100.00
2318,100.00
2319,100.00
2320,100.00
2321,100.00
2322,100.00
2323,100.00
2324,100.00
2325,100.00
2326,100.00
2327,100.00
2328,100.00
2329,100.00
2330,100.00
2331,100.00
2332,100.00
2333,100.00
2334,100.00
2335,100.00
2336,100.00
2337,100.00
2338,100.00
2339,100.00
2340,100.00
2341,100.00
2342,100.00
2343,100.00
2344,100.00
2345,100.00
2346,100.00
2347,100.00
2348,100.00
2349,100.00
2350,100.00
2351,100.00
2352,100.00
2353,100.00
2354,100.00
2355,100.00
2356,100.00
2357,100.00
2358,100.00
2359,100.00
2360,100.00
2361,100.00
2362,100.00
2363,100.00
2364,100.00
2365,100.00
2366,100.00
2367,100.00
2368,100.00
2369,100.00
2370,100.00
2371,100.00
2372,100.00
2373,100.00
2374,100.00
2375,100.00
2376,100.00
2377,100.00
2378,100.00
2379,100.00
2380,100.00
2381,100.00
2382,100.00
2383,100.00
2384,100.00
2385,100.00
2386,100.00
2387,100.00
2388,100.00
2389,100.00
2390,100.00
2391,100.00
2392,100.00
2393,100.00
2394,100.00
2395,100.00
2396,100.00
2397,100.00
2398,100.00
2399,100.00
2400,100.00
2401,100.00
2402,100.00
2403,100.00
2404,100.00
2405,100.00
2406,100.00
2407,100.00
2408,100.00
2409,100.00
2410,100.00
2411,100.00
2412,100.00
2413,100.00
2414,100.00
2415,100.00
2416,100.00
2417,100.00
2418,100.00
2419,100.00
2420,100.00
2421,100.00
2422,100.00
2423,100.00
2424,100.00
2425,100.00
2426,100.00
2427,100.00
2428,100.00
2429,100.00
2430,100.00
2431,100.00
2432,100.00
2433,100.00
2434,100.00
2435,100.00
2436,100.00
2437,100.00
2438,100.00
2439,100.00
2440,100.00
2441,100.00
2442,100.00
2443,100.00
2444,100.00
2445,100.00
2446,100.00
2447,100.00
2448,100.00
2449,100.00
2450,100.00
2451,100.00
2452,100.00
2453,100.00
2454,100.00
2455,100.00
2456,100.00
2457,100.00
2458,100.00
2459,100.00
2460,100.00
2461,100.00
2462,100.00
2463,100.00
2464,100.00
2465,100.00
2466,100.00
2467,100.00
2468,100.00
2469,100.00
2470,100.00
2471,100.00
2472,100.00
2473,100.00
2474,100.00
2475,100.00
2476,100.00
2477,100.00
2478,100.00
2479,100.00
2480,100.00
2481,100.00
2482,100.00
2483,100.00
2484,100.00
2485,100.00
2486,100.00
2487,100.00
2488,100.00
2489,100.00
2490,100.00
2491,100.00
2492,100.00
2493,100.00
2494,100.00
2495,100.00
2496,100.00
2497,100.00
2498,100.00
2499,100.00
2500,100.00
2501,100.00
2502,100.00
2503,100.00
2504,100.00
2505,100.00
2506,100.00
2507,100.00
2508,100.00
2509,100.00
2510,100.00
2511,100.00
2512,100.00
2513,100.00
2514,100.00
2515,100.00
2516,100.00
2517,100.00
2518,100.00
2519,100.00
2520,100.00
2521,100.00
2522,100.00
2523,100.00
2524,100.00
2525,100.00
2526,100.00
2527,100.00
2528,100.00
2529,100.00
2530,100.00
2531,100.00
2532,100.00
2533,100.00
2534,100.00
2535,100.00
2536,100.00
2537,100.00
2538,100.00
2539,100.00
2540,100.00
2541,100.00
2542,100.00
2543,100.00
2544,100.00
2545,100.00
2546,100.00
2547,100.00
2548,100.00
2549,100.00
2550,100.00
2551,100.00
2552,100.00
2553,100.00
2554,100.00
2555,100.00
2556,100.00
2557,100.00
2558,100.00
2559,100.00
2560,100.00
2561,100.00
2562,100.00
2563,100.00
2564,100.00
2565,100.00
2566,100.00
2567,100.00
2568,100.00
2569,100.00
2570,100.00
2571,100.00
2572,100.00
2573,100.00
2574,100.00
2575,100.00
2576,100.00
2577,100.00
2578,100.00
2579,100.00
2580,100.00
2581,100.00
2582,100.00
2583,100.00
2584,100.00
2585,100.00
2586,100.00
2587,100.00
2588,100.00
2589,100.00
2590,100.00
2591,100.00
2592,100.00
2593,100.00
2594,100.00
2595,100.00
2596,100.00
2597,100.00
2598,100.00
2599,100.00
2600,100.00
2601,100.00
2602,100.00
2603,100.00
2604,100.00
2605,100.00
2606,100.00
2607,100.00
2608,100.00
2609,100.00
2610,100.00
2611,100.00
2612,100.00
2613,100.00
2614,100.00
2615,100.00
2616,100.00
2617,100.00
2618,100.00
2619,100.00
2620,100.00
2621,100.00
2622,100.00
2623,100.00
2624,100.00
2625,100.00
2626,100.00
2627,100.00
2628,100.00
2629,100.00
2630,100.00
2631,100.00
2632,100.00
2633,100.00
2634,100.00
2635,100.00
2636,100.00
2637,100.00
2638,100.00
2639,100.00
2640,100.00
2641,100.00
2642,100.00
2643,100.00
2644,100.00
2645,100.00
2646,100.00
2647,100.00
2648,100.00
2649,100.00
2650,100.00
2651,100.00
2652,100.00
2653,100.00
2654,100.00
2655,100.00
2656,100.00
2657,100.00
2658,100.00
2659,100.00
2660,100.00
2661,100.00
2662,100.00
2663,100.00
2664,100.00
2665,100.00
2666,100.00
2667,100.00
2668,100.00
2669,100.00
2670,100.00
2671,100.00
2672,100.00
2673,100.00
2674,100.00
2675,100.00
2676,100.00
2677,100.00
2678,100.00
2679,100.00
2680,100.00
2681,100.00
2682,100.00
2683,100.00
2684,100.00
2685,100.00
2686,100.00
2687,100.00
2688,100.00
2689,100.00
2690,100.00
2691,100.00
2692,100.00
2693,100.00
2694,100.00
2695,100.00
2696,100.00
2697,100.00
2698,100.00
2699,100.00
2700,100.00
2701,100.00
2702,100.00
2703,100.00
2704,100.00
2705,100.00
2706,100.00
2707,100.00
2708,100.00
2709,100.00
2710,100.00
2711,100.00
2712,100.00
2713,100.00
2714,100.00
2715,100.00
2716,100.00
2717,100.00
2718,100.00
2719,100.00
2720,100.00
2721,100.00
2722,100.00
2723,100.00
2724,100.00
2725,100.00
2726,100.00
2727,100.00
2728,100.00
2729,100.00
2730,100.00
2731,100.00
2732,100.00
2733,100.00
2734,100.00
2735,100.00
2736,100.00
2737,100.00
2738,100.00
2739,100.00
2740,100.00
2741,100.00
2742,100.00
2743,100.00
2744,100.00
2745,100.00
2746,100.00
2747,100.00
2748,100.00
2749,100.00
2750,100.00
2751,100.00
2752,100.00
2753,100.00
2754,100.00
2755,100.00
2756,100.00
2757,100.00
2758,100.00
2759,100.00
2760,100.00
2761,100.00
2762,100.00
2763,100.00
2764,100.00
2765,100.00
2766,100.00
2767,100.00
2768,100.00
2769,100.00
2770,100.00
2771,100.00
2772,100.00
2773,100.00
2774,100.00
2775,100.00
2776,100.00
2777,100.00
2778,100.00
2779,100.00
2780,100.00
2781,100.00
2782,100.00
2783,100.00
2784,100.00
2785,100.00
2786,100.00
2787,100.00
2788,100.00
2789,100.00
2790,100.00
2791,100.00
2792,100.00
2793,100.00
2794,100.00
2795,100.00
2796,100.00
2797,100.00
2798,100.00
2799,100.00
2800,100.00
2801,100.00
2802,100.00
2803,100.00
2804,100.00
2805,100.00
2806,100.00
2807,100.00
2808,100.00
2809,100.00
2810,100.00
2811,100.00
2812,100.00
2813,100.00
2814,100.00
2815,100.00
2816,100.00
2817,100.00
2818,100.00
2819,100.00
2820,100.00
2821,100.00
2822,100.00
2823,100.00
2824,100.00
2825,100.00
2826,100.00
2827,100.00
2828,100.00
2829,100.00
2830,100.00
2831,100.00
2832,100.00
2833,100.00
2834,100.00
2835,100.00
2836,100.00
2837,100.00
2838,100.00
2839,100.00
2840,100.00
2841,100.00
2842,100.00
2843,100.00
2844,100.00
2845,100.00
2846,100.00
2847,100.00
2848,100.00
2849,100.00
2850,100.00
2851,100.00
2852,100.00
2853,100.00
2854,100.00
2855,100.00
2856,100.00
2857,100.00
2858,100.00
2859,100.00
2860,100.00
2861,100.00
2862,100.00
2863,100.00
2864,100.00
2865,100.00
2866,100.00
2867,100.00
2868,100.00
2869,100.00
2870,100.00
2871,100.00
2872,100.00
2873,100.00
2874,100.00
2875,100.00
2876,100.00
2877,100.00
2878,100.00
2879,100.00
2880,100.00
2881,100.00
2882,100.00
2883,100.00
2884,100.00
2885,100.00
2886,100.00
2887,100.00
2888,100.00
2889,100.00
2890,100.00
2891,100.00
2892,100.00
2893,100.00
2894,100.00
2895,100.00
2896,100.00
2897,100.00
2898,100.00
2899,100.00
2900,100.00
2901,100.00
2902,100.00
2903,100.00
2904,100.00
2905,100.00
2906,100.00
2907,100.00
2908,100.00
2909,100.00
2910,100.00
2911,100.00
2912,100.00
2913,100.00
2914,100.00
2915,100.00
2916,100.00
2917,100.00
2918,100.00
2919,100.00
2920,100.00
2921,100.00
2922,100.00
2923,100.00
2924,100.00
2925,100.00
2926,100.00
2927,100.00
2928,100.00
2929,100.00
2930,100.00
2931,100.00
2932,100.00
2933,100.00
2934,100.00
2935,100.00
2936,100.00
2937,100.00
2938,100.00
2939,100.00
2940,100.00
2941,100.00
2942,100.00
2943,100.00
2944,100.00
2945,100.00
2946,100.00
2947,100.00
2948,100.00
2949,100.00
2950,100.00
2951,100.00
2952,100.00
2953,100.00
2954,100.00
2955,100.00
2956,100.00
2957,100.00
2958,100.00
2959,100.00
2960,100.00
2961,100.00
2962,100.00
2963,100.00
2964,100.00
2965,100.00
2966,100.00
2967,100.00
2968,100.00
2969,100.00
2970,100.00
2971,100.00
2972,100.00
2973,100.00
2974,100.00
2975,100.00
2976,100.00
2977,100.00
2978,100.00
2979,100.00
2980,100.00
2981,100.00
2982,100.00
2983,100.00
2984,100.00
2985,100.00
2986,100.00
2987,100.00
2988,100.00
2989,100.00
2990,100.00
2991,100.00
2992,100.00
2993,100.00
2994,100.00
2995,100.00
2996,100.00
2997,100.00
2998,100.00
2999,100.00
3000,100.00
3001,100.00
3002,100.00
3003,100.00
3004,100.00
3005,100.00
3006,100.00
3007,100.00
3008,100.00
3009,100.00
3010,100.00
3011,100.00
3012,100.00
3013,100.00
3014,100.00
3015,100.00
3016,100.00
3017,100.00
3018,100.00
3019,100.00
3020,100.00
3021,100.00
3022,100.00
3023,100.00
3024,100.00
3025,100.00
3026,100.00
3027,100.00
3028,100.00
3029,100.00
3030,100.00
3031,100.00
3032,100.00
3033,100.00
3034,100.00
3035,100.00
3036,100.00
3037,100.00
3038,100.00
3039,100.00
3040,100.00
3041,100.00
3042,100.00
3043,100.00
3044,100.00
3045,100.00
3046,100.00
3047,100.00
3048,100.00
3049,100.00
3050,100.00
3051,100.00
3052,100.00
3053,100.00
3054,100.00
3055,100.00
3056,100.00
3057,100.00
3058,100.00
3059,100.00
3060,100.00
3061,100.00
3062,100.00
3063,100.00
3064,100.00
3065,100.00
3066,100.00
3067,100.00
3068,100.00
3069,100.00
3070,100.00
3071,100.00
3072,100.00
3073,100.00
3074,100.00
3075,100.00
3076,100.00
3077,100.00
3078,100.00
3079,100.00
3080,100.00
3081,100.00
3082,100.00
3083,100.00
3084,100.00
3085,100.00
3086,100.00
3087,100.00
3088,100.00
3089,100.00
3090,100.00
3091,100.00
3092,100.00
3093,100.00
3094,100.00
3095,100.00
3096,100.00
3097,100.00
3098,100.00
3099,100.00
3100,100.00
3101,100.00
3102,100.00
3103,100.00
3104,100.00
3105,100.00
3106,100.00
3107,100.00
3108,100.00
3109,100.00
3110,100.00
3111,100.00
3112,100.00
3113,100.00
3114,100.00
3115,100.00
3116,100.00
3117,100.00
3118,100.00
3119,100.00
3120,100.00
3121,100.00
3122,100.00
3123,100.00
3124,100.00
3125,100.00
3126,100.00
3127,100.00
3128,100.00
3129,100.00
3130,100.00
3131,100.00
3132,100.00
3133,100.00
3134,100.00
3135,100.00
3136,100.00
3137,100.00
3138,100.00
3139,100.00
3140,100.00
3141,100.00
3142,100.00
3143,100.00
3144,100.00
3145,100.00
3146,100.00
3147,100.00
3148,100.00
3149,100.00
3150,100.00
3151,100.00
3152,100.00
3153,100.00
3154,100.00
3155,100.00
3156,100.00
3157,100.00
3158,100.00
3159,100.00
3160,100.00
3161,100.00
3162,100.00
3163,100.00
3164,100.00
3165,100.00
3166,100.00
3167,100.00
3168,100.00
3169,100.00
3170,100.00
3171,100.00
3172,100.00
3173,100.00
3174,100.00
3175,100.00
3176,100.00
3177,100.00
3178,100.00
3179,100.00
3180,100.00
3181,100.00
3182,100.00
3183,100.00
3184,100.00
3185,100.00
3186,100.00
3187,100.00
3188,100.00
3189,100.00
3190,100.00
3191,100.00
3192,100.00
3193,100.00
3194,100.00
3195,100.00
3196,100.00
3197,100.00
3198,100.00
3199,100.00
3200,100.00
3201,100.00
3202,100.00
3203,100.00
3204,100.00
3205,100.00
3206,100.00
3207,100.00
3208,100.00
3209,100.00
3210,100.00
3211,100.00
3212,100.00
3213,100.00
3214,100.00
3215,100.00
3216,100.00
3217,100.00
3218,100.00
3219,100.00
3220,100.00
3221,100.00
3222,100.00
3223,100.00
3224,100.00
3225,100.00
3226,100.00
3227,100.00
3228,100.00
3229,100.00
3230,100.00
3231,100.00
3232,100.00
3233,100.00
3234,100.00
3235,100.00
3236,100.00
3237,100.00
3238,100.00
3239,100.00
3240,100.00
3241,100.00
3242,100.00
3243,100.00
3244,100.00
3245,100.00
3246,100.00
3247,100.00
3248,100.00
3249,100.00
3250,100.00
3251,100.00
3252,100.00
3253,100.00
3254,100.00
3255,100.00
3256,100.00
3257,100.00
3258,100.00
3259,100.00
3260,100.00
3261,100.00
3262,100.00
3263,100.00
3264,100.00
3265,100.00
3266,100.00
3267,100.00
3268,100.00
3269,100.00
3270,100.00
3271,100.00
3272,100.00
3273,100.00
3274,100.00
3275,100.00
3276,100.00
3277,100.00
3278,100.00
3279,100.00
3280,100.00
3281,100.00
3282,100.00
3283,100.00
3284,100.00
3285,100.00
3286,100.00
3287,100.00
3288,100.00
3289,100.00
3290,100.00
3291,100.00
3292,100.00
3293,100.00
3294,100.00
3295,100.00
3296,100.00
3297,100.00
3298,100.00
3299,100.00
3300,100.00
3301,100.00
3302,100.00
3303,100.00
3304,100.00
3305,100.00
3306,100.00
3307,100.00
3308,100.00
3309,100.00
3310,100.00
3311,100.00
3312,100.00
3313,100.00
3314,100.00
3315,100.00
3316,100.00
3317,100.00
3318,100.00
3319,100.00
3320,100.00
3321,100.00
3322,100.00
3323,100.00
3324,100.00
3325,100.00
3326,100.00
3327,100.00
3328,100.00
3329,100.00
3330,100.00
3331,100.00
3332,100.00
3333,100.00
3334,100.00
3335,100.00
3336,100.00
3337,100.00
3338,100.00
3339,100.00
3340,100.00
3341,100.00
3342,100.00
3343,100.00
3344,100.00
3345,100.00
3346,100.00
3347,100.00
3348,100.00
3349,100.00
3350,100.00
3351,100.00
3352,100.00
3353,100.00
3354,100.00
3355,100.00
3356,100.00
3357,100.00
3358,100.00
3359,100.00
3360,100.00
3361,100.00
3362,100.00
3363,100.00
3364,100.00
3365,100.00
3366,100.00
3367,100.00
3368,100.00
3369,100.00
3370,100.00
3371,100.00
3372,100.00
3373,100.00
3374,100.00
3375,100.00
3376,100.00
3377,100.00
3378,100.00
3379,100.00
3380,100.00
3381,100.00
3382,100.00
3383,100.00
3384,100.00
3385,100.00
3386,100.00
3387,100.00
3388,100.00
3389,100.00
3390,100.00
3391,100.00
3392,100.00
3393,100.00
3394,100.00
3395,100.00
3396,100.00
3397,100.00
3398,100.00
3399,100.00
3400,100.00
3401,100.00
3402,100.00
3403,100.00
3404,100.00
3405,100.00
3406,100.00
3407,100.00
3408,100.00
3409,100.00
3410,100.00
3411,100.00
3412,100.00
3413,100.00
3414,100.00
3415,100.00
3416,100.00
3417,100.00
3418,100.00
3419,100.00
3420,100.00
3421,100.00
3422,100.00
3423,100.00
3424,100.00
3425,100.00
3426,100.00
3427,100.00
3428,100.00
3429,100.00
3430,100.00
3431,100.00
3432,100.00
3433,100.00
3434,100.00
3435,100.00
3436,100.00
3437,100.00
3438,100.00
3439,100.00
3440,100.00
3441,100.00
3442,100.00
3443,100.00
3444,100.00
3445,100.00
3446,100.00
3447,100.00
3448,100.00
3449,100.00
3450,100.00
3451,100.00
3452,100.00
3453,100.00
3454,100.00
3455,100.00
3456,100.00
3457,100.00
3458,100.00
3459,100.00
3460,100.00
3461,100.00
3462,100.00
3463,100.00
3464,100.00
3465,100.00
3466,100.00
3467,100.00
3468,100.00
3469,100.00
3470,100.00
3471,100.00
3472,100.00
3473,100.00
3474,100.00
3475,100.00
3476,100.00
3477,100.00
3478,100.00
3479,100.00
3480,100.00
3481,100.00
3482,100.00
3483,100.00
3484,100.00
3485,100.00
3486,100.00
3487,100.00
3488,100.00
3489,100.00
3490,100.00
3491,100.00
3492,100.00
3493,100.00
3494,100.00
3495,100.00
3496,100.00
3497,100.00
3498,100.00
3499,100.00
3500,100.00
3501,100.00
3502,100.00
3503,100.00
3504,100.00
3505,100.00
3506,100.00
3507,100.00
3508,100.00
3509,100.00
3510,100.00
3511,100.00
3512,100.00
3513,100.00
3514,100.00
3515,100.00
3516,100.00
3517,100.00
3518,100.00
3519,100.00
3520,100.00
3521,100.00
3522,100.00
3523,100.00
3524,100.00
3525,100.00
3526,100.00
3527,100.00
3528,100.00
3529,100.00
3530,100.00
3531,100.00
3532,100.00
3533,100.00
3534,100.00
3535,100.00
3536,100.00
3537,100.00
3538,100.00
3539,100.00
3540,100.00
3541,100.00
3542,100.00
3543,100.00
3544,100.00
3545,100.00
3546,100.00
3547,100.00
3548,100.00
3549,100.00
3550,100.00
3551,100.00
3552,100.00
3553,100.00
3554,100.00
3555,100.00
3556,100.00
3557,100.00
3558,100.00
3559,100.00
3560,100.00
3561,100.00
3562,100.00
3563,100.00
3564,100.00
3565,100.00
3566,100.00
3567,100.00
3568,100.00
3569,100.00
3570,100.00
3571,100.00
3572,100.00
3573,100.00
3574,100.00
3575,100.00
3576,100.00
3577,100.00
3578,100.00
3579,100.00
3580,100.00
3581,100.00
3582,100.00
3583,100.00
3584,100.00
3585,100.00
3586,100.00
3587,100.00
3588,100.00
3589,100.00
3590,100.00
3591,100.00
3592,100.00
3593,100.00
3594,100.00
3595,100.00
3596,100.00
3597,100.00
3598,100.00
3599,100.00
3600,100.00
3601,100.00
3602,100.00
3603,100.00
3604,100.00
3605,100.00
3606,100.00
3607,100.00
3608,100.00
3609,100.00
3610,100.00
3611,100.00
3612,100.00
3613,100.00
3614,100.00
3615,100.00
3616,100.00
3617,100.00
3618,100.00
3619,100.00
3620,100.00
3621,100.00
3622,100.00
3623,100.00
3624,100.00
3625,100.00
3626,100.00
3627,100.00
3628,100.00
3629,100.00
3630,100.00
3631,100.00
3632,100.00
3633,100.00
3634,100.00
3635,100.00
3636,100.00
3637,100.00
3638,100.00
3639,100.00
3640,100.00
3641,100.00
3642,100.00
3643,100.00
3644,100.00
3645,100.00
3646,100.00
3647,100.00
3648,100.00
3649,100.00
3650,100.00
3651,100.00
3652,100.00
3653,100.00
3654,100.00
3655,100.00
3656,100.00
3657,100.00
3658,100.00
3659,100.00
3660,100.00
3661,100.00
3662,100.00
3663,100.00
3664,100.00
3665,100.00
3666,100.00
3667,100.00
3668,100.00
3669,100.00
3670,100.00
3671,100.00
3672,100.00
3673,100.00
3674,100.00
3675,100.00
3676,100.00
3677,100.00
3678,100.00
3679,100.00
3680,100.00
3681,100.00
3682,100.00
3683,100.00
3684,100.00
3685,100.00
3686,100.00
3687,100.00
3688,100.00
3689,100.00
3690,100.00
3691,100.00
3692,100.00
3693,100.00
3694,100.00
3695,100.00
3696,100.00
3697,100.00
3698,100.00
3699,100.00
3700,100.00
3701,100.00
3702,100.00
3703,100.00
3704,100.00
3705,100.00
3706,100.00
3707,100.00
3708,100.00
3709,100.00
3710,100.00
3711,100.00
3712,100.00
3713,100.00
3714,100.00
3715,100.00
3716,100.00
3717,100.00
3718,100.00
3719,100.00
3720,100.00
3721,100.00
3722,100.00
3723,100.00
3724,100.00
3725,100.00
3726,100.00
3727,100.00
3728,100.00
3729,100.00
3730,100.00
3731,100.00
3732,100.00
3733,100.00
3734,100.00
3735,100.00
3736,100.00
3737,100.00
3738,100.00
3739,100.00
3740,100.00
3741,100.00
3742,100.00
3743,100.00
3744,100.00
3745,100.00
3746,100.00
3747,100.00
3748,100.00
3749,100.00
3750,100.00
3751,100.00
3752,100.00
3753,100.00
3754,100.00
3755,100.00
3756,100.00
3757,100.00
3758,100.00
3759,100.00
3760,100.00
3761,100.00
3762,100.00
3763,100.00
3764,100.00
3765,100.00
3766,100.00
3767,100.00
3768,100.00
3769,100.00
3770,100.00
3771,100.00
3772,100.00
3773,100.00
3774,100.00
3775,100.00
3776,100.00
3777,100.00
3778,100.00
3779,100.00
3780,100.00
3781,100.00
3782,100.00
3783,100.00
3784,100.00
3785,100.00
3786,100.00
3787,100.00
3788,100.00
3789,100.00
3790,100.00
3791,100.00
3792,100.00
3793,100.00
3794,100.00
3795,100.00
3796,100.00
3797,100.00
3798,100.00
3799,100.00
3800,100.00
3801,100.00
3802,100.00
3803,100.00
3804,100.00
3805,100.00
3806,100.00
3807,100.00
3808,100.00
3809,100.00
3810,100.00
3811,100.00
3812,100.00
3813,100.00
3814,100.00
3815,100.00
3816,100.00
3817,100.00
3818,100.00
3819,100.00
3820,100.00
3821,100.00
3822,100.00
3823,100.00
3824,100.00
3825,100.00
3826,100.00
3827,100.00
3828,100.00
3829,100.00
3830,100.00
3831,100.00
3832,100.00
3833,100.00
3834,100.00
3835,100.00
3836,100.00
3837,100.00
3838,100.00
3839,100.00
3840,100.00
3841,100.00
3842,100.00
3843,100.00
3844,100.00
3845,100.00
3846,100.00
3847,100.00
3848,100.00
3849,100.00
3850,100.00
3851,100.00
3852,100.00
3853,100.00
3854,100.00
3855,100.00
3856,100.00
3857,100.00
3858,100.00
3859,100.00
3860,100.00
3861,100.00
3862,100.00
3863,100.00
3864,100.00
3865,100.00
3866,100.00
3867,100.00
3868,100.00
3869,100.00
3870,100.00
3871,100.00
3872,100.00
3873,100.00
3874,100.00
3875,100.00
3876,100.00
3877,100.00
3878,100.00
3879,100.00
3880,100.00
3881,100.00
3882,100.00
3883,100.00
3884,100.00
3885,100.00
3886,100.00
3887,100.00
3888,100.00
3889,100.00
3890,100.00
3891,100.00
3892,100.00
3893,100.00
3894,100.00
3895,100.00
3896,100.00
3897,100.00
3898,100.00
3899,100.00
3900,100.00
3901,100.00
3902,100.00
3903,100.00
3904,100.00
3905,100.00
3906,100.00
3907,100.00
3908,100.00
3909,100.00
3910,100.00
3911,100.00
3912,100.00
3913,100.00
3914,100.00
3915,100.00
3916,100.00
3917,100.00
3918,100.00
3919,100.00
3920,100.00
3921,100.00
3922,100.00
3923,100.00
3924,100.00
3925,100.00
3926,100.00
3927,100.00
3928,100.00
3929,100.00
3930,100.00
3931,100.00
3932,100.00
3933,100.00
3934,100.00
3935,100.00
3936,100.00
3937,100.00
3938,100.00
3939,100.00
3940,100.00
3941,100.00
3942,100.00
3943,100.00
3944,100.00
3945,100.00
3946,100.00
3947,100.00
3948,100.00
3949,100.00
3950,100.00
3951,100.00
3952,100.00
3953,100.00
3954,100.00
3955,100.00
3956,100.00
3957,100.00
3958,100.00
3959,100.00
3960,100.00
3961,100.00
3962,100.00
3963,100.00
3964,100.00
3965,100.00
3966,100.00
3967,100.00
3968,100.00
3969,100.00
3970,100.00
3971,100.00
3972,100.00
3973,100.00
3974,100.00
3975,100.00
3976,100.00
3977,100.00
3978,100.00
3979,100.00
3980,100.00
3981,100.00
3982,100.00
3983,100.00
3984,100.00
3985,100.00
3986,100.00
3987,100.00
3988,100.00
3989,100.00
3990,100.00
3991,100.00
3992,100.00
3993,100.00
3994,100.00
3995,100.00
3996,100.00
3997,100.00
3998,100.00
3999,100.00
4000,100.00
4001,100.00
4002,100.00
4003,100.00
4004,100.00
4005,100.00
4006,100.00
4007,100.00
4008,100.00
4009,100.00
4010,100.00
4011,100.00
4012,100.00
4013,100.00
4014,100.00
4015,100.00
4016,100.00
4017,100.00
4018,100.00
4019,100.00
4020,100.00
4021,100.00
4022,100.00
4023,100.00
4024,100.00
4025,100.00
4026,100.00
4027,100.00
4028,100.00
4029,100.00
4030,100.00
4031,100.00
4032,100.00
4033,100.00
4034,100.00
4035,100.00
4036,100.00
4037,100.00
4038,100.00
4039,100.00
4040,100.00
4041,100.00
4042,100.00
4043,100.00
4044,100.00
4045,100.00
4046,100.00
4047,100.00
4048,100.00
4049,100.00
4050,100.00
4051,100.00
4052,100.00
4053,100.00
4054,100.00
4055,100.00
4056,100.00
4057,100.00
4058,100.00
4059,100.00
4060,100.00
4061,100.00
4062,100.00
4063,100.00
4064,100.00
4065,100.00
4066,100.00
4067,100.00
4068,100.00
4069,100.00
4070,100.00
4071,100.00
4072,100.00
4073,100.00
4074,100.00
4075,100.00
4076,100.00
4077,100.00
4078,100.00
4079,100.00
4080,100.00
4081,100.00
4082,100.00
4083,100.00
4084,100.00
4085,100.00
4086,100.00
4087,100.00
4088,100.00
4089,100.00
4090,100.00
4091,100.00
4092,100.00
4093,100.00
4094,100.00
4095,100.00
4096,100.00
4097,100.00
4098,100.00
4099,100.00
4100,100.00
4101,100.00
4102,100.00
4103,100.00
4104,100.00
4105,100.00
4106,100.00
4107,100.00
4108,100.00
4109,100.00
4110,100.00
4111,100.00
4112,100.00
4113,100.00
4114,100.00
4115,100.00
4116,100.00
4117,100.00
4118,100.00
4119,100.00
4120,100.00
4121,100.00
4122,100.00
4123,100.00
4124,100.00
4125,100.00
4126,100.00
4127,100.00
4128,100.00
4129,100.00
4130,100.00
4131,100.00
4132,100.00
4133,100.00
4134,100.00
4135,100.00
4136,100.00
4137,100.00
4138,100.00
4139,100.00
4140,100.00
4141,100.00
4142,100.00
4143,100.00
4144,100.00
4145,100.00
4146,100.00
4147,100.00
4148,100.00
4149,100.00
4150,100.00
4151,100.00
4152,100.00
4153,100.00
4154,100.00
4155,100.00
4156,100.00
4157,100.00
4158,100.00
4159,100.00
4160,100.00
4161,100.00
4162,100.00
4163,100.00
4164,100.00
4165,100.00
4166,100.00
4167,100.00
4168,100.00
4169,100.00
4170,100.00
4171,100.00
4172,100.00
4173,100.00
4174,100.00
4175,100.00
4176,100.00
4177,100.00
4178,100.00
4179,100.00
4180,100.00
4181,100.00
4182,100.00
4183,100.00
4184,100.00
4185,100.00
4186,100.00
4187,100.00
4188,100.00
4189,100.00
4190,100.00
4191,100.00
4192,100.00
4193,100.00
4194,100.00
4195,100.00
4196,100.00
4197,100.00
4198,100.00
4199,100.00
4200,100.00
4201,100.00
4202,100.00
4203,100.00
4204,100.00
4205,100.00
4206,100.00
4207,100.00
4208,100.00
4209,100.00
4210,100.00
4211,100.00
4212,100.00
4213,100.00
4214,100.00
4215,100.00
4216,100.00
4217,100.00
4218,100.00
4219,100.00
4220,100.00
4221,100.00
4222,100.00
4223,100.00
4224,100.00
4225,100.00
4226,100.00
4227,100.00
4228,100.00
4229,100.00
4230,100.00
4231,100.00
4232,100.00
4233,100.00
4234,100.00
4235,100.00
4236,100.00
4237,100.00
4238,100.00
4239,100.00
4240,100.00
4241,100.00
4242,100.00
4243,100.00
4244,100.00
4245,100.00
4246,100.00
4247,100.00
4248,100.00
4249,100.00
4250,100.00
4251,100.00
4252,100.00
4253,100.00
4254,100.00
4255,100.00
4256,100.00
4257,100.00
4258,100.00
4259,100.00
4260,100.00
4261,100.00
4262,100.00
4263,100.00
4264,100.00
4265,100.00
4266,100.00
4267,100.00
4268,100.00
4269,100.00
4270,100.00
4271,100.00
4272,100.00
4273,100.00
4274,100.00
4275,100.00
4276,100.00
4277,100.00
4278,100.00
4279,100.00
4280,100.00
4281,100.00
4282,100.00
4283,100.00
4284,100.00
4285,100.00
4286,100.00
4287,100.00
4288,100.00
4289,100.00
4290,100.00
4291,100.00
4292,100.00
4293,100.00
4294,100.00
4295,100.00
4296,100.00
4297,100.00
4298,100.00
4299,100.00
4300,100.00
4301,100.00
4302,100.00
4303,100.00
4304,100.00
4305,100.00
4306,100.00
4307,100.00
4308,100.00
4309,100.00
4310,100.00
4311,100.00
4312,100.00
4313,100.00
4314,100.00
4315,100.00
4316,100.00
4317,100.00
4318,100.00
4319,100.00
4320,100.00
4321,100.00
4322,100.00
4323,100.00
4324,100.00
4325,100.00
4326,100.00
4327,100.00
4328,100.00
4329,100.00
4330,100.00
4331,100.00
4332,100.00
4333,100.00
4334,100.00
4335,100.00
4336,100.00
4337,100.00
4338,100.00
4339,100.00
4340,100.00
4341,100.00
4342,100.00
4343,100.00
4344,100.00
4345,100.00
4346,100.00
4347,100.00
4348,100.00
4349,100.00
4350,100.00
4351,100.00
4352,100.00
4353,100.00
4354,100.00
4355,100.00
4356,100.00
4357,100.00
4358,100.00
4359,100.00
4360,100.00
4361,100.00
4362,100.00
4363,100.00
4364,100.00
4365,100.00
4366,100.00
4367,100.00
4368,100.00
4369,100.00
4370,100.00
4371,100.00
4372,100.00
4373,100.00
4374,100.00
4375,100.00
4376,100.00
4377,100.00
4378,100.00
4379,100.00
4380,100.00
4381,100.00
4382,100.00
4383,100.00
4384,100.00
4385,100.00
4386,100.00
4387,100.00
4388,100.00
4389,100.00
4390,100.00
4391,100.00
4392,100.00
4393,100.00
4394,100.00
4395,100.00
4396,100.00
4397,100.00
4398,100.00
4399,100.00
4400,100.00
4401,100.00
4402,100.00
4403,100.00
4404,100.00
4405,100.00
4406,100.00
4407,100.00
4408,100.00
4409,100.00
4410,100.00
4411,100.00
4412,100.00
4413,100.00
4414,100.00
4415,100.00
4416,100.00
4417,100.00
4418,100.00
4419,100.00
4420,100.00
4421,100.00
4422,100.00
4423,100.00
4424,100.00
4425,100.00
4426,100.00
4427,100.00
4428,100.00
4429,100.00
4430,100.00
4431,100.00
4432,100.00
4433,100.00
4434,100.00
4435,100.00
4436,100.00
4437,100.00
4438,100.00
4439,100.00
4440,100.00
4441,100.00
4442,100.00
4443,100.00
4444,100.00
4445,100.00
4446,100.00
4447,100.00
4448,100.00
4449,100.00
4450,100.00
4451,100.00
4452,100.00
4453,100.00
4454,100.00
4455,100.00
4456,100.00
4457,100.00
4458,100.00
4459,100.00
4460,100.00
4461,100.00
4462,100.00
4463,100.00
4464,100.00
4465,100.00
4466,100.00
4467,100.00
4468,100.00
4469,100.00
4470,100.00
4471,100.00
4472,100.00
4473,100.00
4474,100.00
4475,100.00
4476,100.00
4477,100.00
4478,100.00
4479,100.00
4480,100.00
4481,100.00
4482,100.00
4483,100.00
4484,100.00
4485,100.00
4486,100.00
4487,100.00
4488,100.00
4489,100.00
4490,100.00
4491,100.00
4492,100.00
4493,100.00
4494,100.00
4495,100.00
4496,100.00
4497,100.00
4498,100.00
4499,100.00
4500,100.00
4501,100.00
4502,100.00
4503,100.00
4504,100.00
4505,100.00
4506,100.00
4507,100.00
4508,100.00
4509,100.00
4510,100.00
4511,100.00
4512,100.00
4513,100.00
4514,100.00
4515,100.00
4516,100.00
4517,100.00
4518,100.00
4519,100.00
4520,100.00
4521,100.00
4522,100.00
4523,100.00
4524,100.00
4525,100.00
4526,100.00
4527,100.00
4528,100.00
4529,100.00
4530,100.00
4531,100.00
4532,100.00
4533,100.00
4534,100.00
4535,100.00
4536,100.00
4537,100.00
4538,100.00
4539,100.00
4540,100.00
4541,100.00
4542,100.00
4543,100.00
4544,100.00
4545,100.00
4546,100.00
4547,100.00
4548,100.00
4549,100.00
4550,100.00
4551,100.00
4552,100.00
4553,100.00
4554,100.00
4555,100.00
4556,100.00
4557,100.00
4558,100.00
4559,100.00
4560,100.00
4561,100.00
4562,100.00
4563,100.00
4564,100.00
4565,100.00
4566,100.00
4567,100.00
4568,100.00
4569,100.00
4570,100.00
4571,100.00
4572,100.00
4573,100.00
4574,100.00
4575,100.00
4576,100.00
4577,100.00
4578,100.00
4579,100.00
4580,100.00
4581,100.00
4582,100.00
4583,100.00
4584,100.00
4585,100.00
4586,100.00
4587,100.00
4588,100.00
4589,100.00
4590,100.00
4591,100.00
4592,100.00
4593,100.00
4594,100.00
4595,100.00
4596,100.00
4597,100.00
4598,100.00
4599,100.00
4600,100.00
4601,100.00
4602,100.00
4603,100.00
4604,100.00
4605,100.00
4606,100.00
4607,100.00
4608,100.00
4609,100.00
4610,100.00
4611,100.00
4612,100.00
4613,100.00
4614,100.00
4615,100.00
4616,100.00
4617,100.00
4618,100.00
4619,100.00
4620,100.00
4621,100.00
4622,100.00
4623,100.00
4624,100.00
4625,100.00
4626,100.00
4627,100.00
4628,100.00
4629,100.00
4630,100.00
4631,100.00
4632,100.00
4633,100.00
4634,100.00
4635,100.00
4636,100.00
4637,100.00
4638,100.00
4639,100.00
4640,100.00
4641,100.00
4642,100.00
4643,100.00
4644,100.00
4645,100.00
4646,100.00
4647,100.00
4648,100.00
4649,100.00
4650,100.00
4651,100.00
4652,100.00
4653,100.00
4654,100.00
4655,100.00
4656,100.00
4657,100.00
4658,100.00
4659,100.00
4660,100.00
4661,100.00
4662,100.00
4663,100.00
4664,100.00
4665,100.00
4666,100.00
4667,100.00
4668,100.00
4669,100.00
4670,100.00
4671,100.00
4672,100.00
4673,100.00
4674,100.00
4675,100.00
4676,100.00
4677,100.00
4678,100.00
4679,100.00
4680,100.00
4681,100.00
4682,100.00
4683,100.00
4684,100.00
4685,100.00
4686,100.00
4687,100.00
4688,100.00
4689,100.00
4690,100.00
4691,100.00
4692,100.00
4693,100.00
4694,100.00
4695,100.00
4696,100.00
4697,100.00
4698,100.00
4699,100.00
4700,100.00
4701,100.00
4702,100.00
4703,100.00
4704,100.00
4705,100.00
4706,100.00
4707,100.00
4708,100.00
4709,100.00
4710,100.00
4711,100.00
4712,100.00
4713,100.00
4714,100.00
4715,100.00
4716,100.00
4717,100.00
4718,100.00
4719,100.00
4720,100.00
4721,100.00
4722,100.00
4723,100.00
4724,100.00
4725,100.00
4726,100.00
4727,100.00
4728,100.00
4729,100.00
4730,100.00
4731,100.00
4732,100.00
4733,100.00
4734,100.00
4735,100.00
4736,100.00
4737,100.00
4738,100.00
4739,100.00
4740,100.00
4741,100.00
4742,100.00
4743,100.00
4744,100.00
4745,100.00
4746,100.00
4747,100.00
4748,100.00
4749,100.00
4750,100.00
4751,100.00
4752,100.00
4753,100.00
4754,100.00
4755,100.00
4756,100.00
4757,100.00
4758,100.00
4759,100.00
4760,100.00
4761,100.00
4762,100.00
4763,100.00
4764,100.00
4765,100.00
4766,100.00
4767,100.00
4768,100.00
4769,100.00
4770,100.00
4771,100.00
4772,100.00
4773,100.00
4774,100.00
4775,100.00
4776,100.00
4777,100.00
4778,100.00
4779,100.00
4780,100.00
4781,100.00
4782,100.00
4783,100.00
4784,100.00
4785,100.00
4786,100.00
4787,100.00
4788,100.00
4789,100.00
4790,100.00
4791,100.00
4792,100.00
4793,100.00
4794,100.00
4795,100.00
4796,100.00
4797,100.00
4798,100.00
4799,100.00
4800,100.00
4801,100.00
4802,100.00
4803,100.00
4804,100.00
4805,100.00
4806,100.00
4807,100.00
4808,100.00
4809,100.00
4810,100.00
4811,100.00
4812,100.00
4813,100.00
4814,100.00
4815,100.00
4816,100.00
4817,100.00
4818,100.00
4819,100.00
4820,100.00
4821,100.00
4822,100.00
4823,100.00
4824,100.00
4825,100.00
4826,100.00
4827,100.00
4828,100.00
4829,100.00
4830,100.00
4831,100.00
4832,100.00
4833,100.00
4834,100.00
4835,100.00
4836,100.00
4837,100.00
4838,100.00
4839,100.00
4840,100.00
4841,100.00
4842,100.00
4843,100.00
4844,100.00
4845,100.00
4846,100.00
4847,100.00
4848,100.00
4849,100.00
4850,100.00
4851,100.00
4852,100.00
4853,100.00
4854,100.00
4855,100.00
4856,100.00
4857,100.00
4858,100.00
4859,100.00
4860,100.00
4861,100.00
4862,100.00
4863,100.00
4864,100.00
4865,100.00
4866,100.00
4867,100.00
4868,100.00
4869,100.00
4870,100.00
4871,100.00
4872,100.00
4873,100.00
4874,100.00
4875,100.00
4876,100.00
4877,100.00
4878,100.00
4879,100.00
4880,100.00
4881,100.00
4882,100.00
4883,100.00
4884,100.00
4885,100.00
4886,100.00
4887,100.00
4888,100.00
4889,100.00
4890,100.00
4891,100.00
4892,100.00
4893,100.00
4894,100.00
4895,100.00
4896,100.00
4897,100.00
4898,100.00
4899,100.00
4900,100.00
4901,100.00
4902,100.00
4903,100.00
4904,100.00
4905,100.00
4906,100.00
4907,100.00
4908,100.00
4909,100.00
4910,100.00
4911,100.00
4912,100.00
4913,100.00
4914,100.00
4915,100.00
4916,100.00
4917,100.00
4918,100.00
4919,100.00
4920,100.00
4921,100.00
4922,100.00
4923,100.00
4924,100.00
4925,100.00
4926,100.00
4927,100.00
4928,100.00
4929,100.00
4930,100.00
4931,100.00
4932,100.00
4933,100.00
4934,100.00
4935,100.00
4936,100.00
4937,100.00
4938,100.00
4939,100.00
4940,100.00
4941,100.00
4942,100.00
4943,100.00
4944,100.00
4945,100.00
4946,100.00
4947,100.00
4948,100.00
4949,100.00
4950,100.00
4951,100.00
4952,100.00
4953,100.00
4954,100.00
4955,100.00
4956,100.00
4957,100.00
4958,100.00
4959,100.00
4960,100.00
4961,100.00
4962,100.00
4963,100.00
4964,100.00
4965,100.00
4966,100.00
4967,100.00
4968,100.00
4969,100.00
4970,100.00
4971,100.00
4972,100.00
4973,100.00
4974,100.00
4975,100.00
4976,100.00
4977,100.00
4978,100.00
4979,100.00
4980,100.00
4981,100.00
4982,100.00
4983,100.00
4984,100.00
4985,100.00
4986,100.00
4987,100.00
4988,100.00
4989,100.00
4990,100.00
4991,100.00
4992,100.00
4993,100.00
4994,100.00
4995,100.00
4996,100.00
4997,100.00
4998,100.00
4999,100.00
5000,100.00
5001,100.00
5002,100.00
5003,100.00
5004,100.00
5005,100.00
5006,100.00
5007,100.00
5008,100.00
5009,100.00
5010,100.00
5011,100.00
5012,100.00
5013,100.00
5014,100.00
5015,100.00
5016,100.00
5017,100.00
5018,100.00
5019,100.00
5020,100.00
5021,100.00
5022,100.00
5023,100.00
5024,100.00
5025,100.00
5026,100.00
5027,100.00
5028,100.00
5029,100.00
5030,100.00
5031,100.00
5032,100.00
5033,100.00
5034,100.00
5035,100.00
5036,100.00
5037,100.00
5038,100.00
5039,100.00
5040,100.00
5041,100.00
5042,100.00
5043,100.00
5044,100.00
5045,100.00
5046,100.00
5047,100.00
5048,100.00
5049,100.00
5050,100.00
5051,100.00
5052,100.00
5053,100.00
5054,100.00
5055,100.00
5056,100.00
5057,100.00
5058,100.00
5059,100.00
5060,100.00
5061,100.00
5062,100.00
5063,100.00
5064,100.00
5065,100.00
5066,100.00
5067,100.00
5068,100.00
5069,100.00
5070,100.00
5071,100.00
5072,100.00
5073,100.00
5074,100.00
5075,100.00
5076,100.00
5077,100.00
5078,100.00
5079,100.00
5080,100.00
5081,100.00
5082,100.00
5083,100.00
5084,100.00
5085,100.00
5086,100.00
5087,100.00
5088,100.00
5089,100.00
5090,100.00
5091,100.00
5092,100.00
5093,100.00
5094,100.00
5095,100.00
5096,100.00
5097,100.00
5098,100.00
5099,100.00
5100,100.00
5101,100.00
5102,100.00
5103,100.00
5104,100.00
5105,100.00
5106,100.00
5107,100.00
5108,100.00
5109,100.00
5110,100.00
5111,100.00
5112,100.00
5113,100.00
5114,100.00
5115,100.00
5116,100.00
5117,100.00
5118,100.00
5119,100.00
5120,100.00
5121,100.00
5122,100.00
5123,100.00
5124,100.00
5125,100.00
5126,100.00
5127,100.00
5128,100.00
5129,100.00
5130,100.00
5131,100.00
5132,100.00
5133,100.00
5134,100.00
5135,100.00
5136,100.00
5137,100.00
5138,100.00
5139,100.00
5140,100.00
5141,100.00
5142,100.00
5143,100.00
5144,100.00
5145,100.00
5146,100.00
5147,100.00
5148,100.00
5149,100.00
5150,100.00
5151,100.00
5152,100.00
5153,100.00
5154,100.00
5155,100.00
5156,100.00
5157,100.00
5158,100.00
5159,100.00
5160,100.00
5161,100.00
5162,100.00
5163,100.00
5164,100.00
5165,100.00
5166,100.00
5167,100.00
5168,100.00
5169,100.00
5170,100.00
5171,100.00
5172,100.00
5173,100.00
5174,100.00
5175,100.00
5176,100.00
5177,100.00
5178,100.00
5179,100.00
5180,100.00
5181,100.00
5182,100.00
5183,100.00
5184,100.00
5185,100.00
5186,100.00
5187,100.00
5188,100.00
5189,100.00
5190,100.00
5191,100.00
5192,100.00
5193,100.00
5194,100.00
5195,100.00
5196,100.00
5197,100.00
5198,100.00
5199,100.00
5200,100.00
5201,100.00
5202,100.00
5203,100.00
5204,100.00
5205,100.00
5206,100.00
5207,100.00
5208,100.00
5209,100.00
5210,100.00
5211,100.00
5212,100.00
5213,100.00
5214,100.00
5215,100.00
5216,100.00
5217,100.00
5218,100.00
5219,100.00
5220,100.00
5221,100.00
5222,100.00
5223,100.00
5224,100.00
5225,100.00
5226,100.00
5227,100.00
5228,100.00
5229,100.00
5230,100.00
5231,100.00
5232,100.00
5233,100.00
5234,100.00
5235,100.00
5236,100.00
5237,100.00
5238,100.00
5239,100.00
5240,100.00
5241,100.00
5242,100.00
5243,100.00
5244,100.00
5245,100.00
5246,100.00
5247,100.00
5248,100.00
5249,100.00
5250,100.00
5251,100.00
5252,100.00
5253,100.00
5254,100.00
5255,100.00
5256,100.00
5257,100.00
5258,100.00
5259,100.00
5260,100.00
5261,100.00
5262,100.00
5263,100.00
5264,100.00
5265,100.00
5266,100.00
5267,100.00
5268,100.00
5269,100.00
5270,100.00
5271,100.00
5272,100.00
5273,100.00
5274,100.00
5275,100.00
5276,100.00
5277,100.00
5278,100.00
5279,100.00
5280,100.00
5281,100.00
5282,100.00
5283,100.00
5284,100.00
5285,100.00
5286,100.00
5287,100.00
5288,100.00
5289,100.00
5290,100.00
5291,100.00
5292,100.00
5293,100.00
5294,100.00
5295,100.00
5296,100.00
5297,100.00
5298,100.00
5299,100.00
5300,100.00
5301,100.00
5302,100.00
5303,100.00
5304,100.00
5305,100.00
5306,100.00
5307,100.00
5308,100.00
5309,100.00
5310,100.00
5311,100.00
5312,100.00
5313,100.00
5314,100.00
5315,100.00
5316,100.00
5317,100.00
5318,100.00
5319,100.00
5320,100.00
5321,100.00
5322,100.00
5323,100.00
5324,100.00
5325,100.00
5326,100.00
5327,100.00
5328,100.00
5329,100.00
5330,100.00
5331,100.00
5332,100.00
5333,100.00
5334,100.00
5335,100.00
5336,100.00
5337,100.00
5338,100.00
5339,100.00
5340,100.00
5341,100.00
5342,100.00
5343,100.00
5344,100.00
5345,100.00
5346,100.00
5347,100.00
5348,100.00
5349,100.00
5350,100.00
5351,100.00
5352,100.00
5353,100.00
5354,100.00
5355,100.00
5356,100.00
5357,100.00
5358,100.00
5359,100.00
5360,100.00
5361,100.00
5362,100.00
5363,100.00
5364,100.00
5365,100.00
5366,100.00
5367,100.00
5368,100.00
5369,100.00
5370,100.00
5371,100.00
5372,100.00
5373,100.00
5374,100.00
5375,100.00
5376,100.00
5377,100.00
5378,100.00
5379,100.00
5380,100.00
5381,100.00
5382,100.00
5383,100.00
5384,100.00
5385,100.00
5386,100.00
5387,100.00
5388,100.00
5389,100.00
5390,100.00
5391,100.00
5392,100.00
5393,100.00
5394,100.00
5395,100.00
5396,100.00
5397,100.00
5398,100.00
5399,100.00
5400,100.00
5401,100.00
5402,100.00
5403,100.00
5404,100.00
5405,100.00
5406,100.00
5407,100.00
5408,100.00
5409,100.00
5410,100.00
5411,100.00
5412,100.00
5413,100.00
5414,100.00
5415,100.00
5416,100.00
5417,100.00
5418,100.00
5419,100.00
5420,100.00
5421,100.00
5422,100.00
5423,100.00
5424,100.00
5425,100.00
5426,100.00
5427,100.00
5428,100.00
5429,100.00
5430,100.00
5431,100.00
5432,100.00
5433,100.00
5434,100.00
5435,100.00
5436,100.00
5437,100.00
5438,100.00
5439,100.00
5440,100.00
5441,100.00
5442,100.00
5443,100.00
5444,100.00
5445,100.00
5446,100.00
5447,100.00
5448,100.00
5449,100.00
5450,100.00
5451,100.00
5452,100.00
5453,100.00
5454,100.00
5455,100.00
5456,100.00
5457,100.00
5458,100.00
5459,100.00
5460,100.00
5461,100.00
5462,100.00
5463,100.00
5464,100.00
5465,100.00
5466,100.00
5467,100.00
5468,100.00
5469,100.00
5470,100.00
5471,100.00
5472,100.00
5473,100.00
5474,100.00
5475,100.00
5476,100.00
5477,100.00
5478,100.00
5479,100.00
5480,100.00
5481,100.00
5482,100.00
5483,100.00
5484,100.00
5485,100.00
5486,100.00
5487,100.00
5488,100.00
5489,100.00
5490,100.00
5491,100.00
5492,100.00
5493,100.00
5494,100.00
5495,100.00
5496,100.00
5497,100.00
5498,100.00
5499,100.00
5500,100.00
5501,100.00
5502,100.00
5503,100.00
5504,100.00
5505,100.00
5506,100.00
5507,100.00
5508,100.00
5509,100.00
5510,100.00
5511,100.00
5512,100.00
5513,100.00
5514,100.00
5515,100.00
5516,100.00
5517,100.00
5518,100.00
5519,100.00
5520,100.00
5521,100.00
5522,100.00
5523,100.00
5524,100.00
5525,100.00
5526,100.00
5527,100.00
5528,100.00
5529,100.00
5530,100.00
5531,100.00
5532,100.00
5533,100.00
5534,100.00
5535,100.00
5536,100.00
5537,100.00
5538,100.00
5539,100.00
5540,100.00
5541,100.00
5542,100.00
5543,100.00
5544,100.00
5545,100.00
5546,100.00
5547,100.00
5548,100.00
5549,100.00
5550,100.00
5551,100.00
5552,100.00
5553,100.00
5554,100.00
5555,100.00
5556,100.00
5557,100.00
5558,100.00
5559,100.00
5560,100.00
5561,100.00
5562,100.00
5563,100.00
5564,100.00
5565,100.00
5566,100.00
5567,100.00
5568,100.00
5569,100.00
5570,100.00
5571,100.00
5572,100.00
5573,100.00
5574,100.00
5575,100.00
5576,100.00
5577,100.00
5578,100.00
5579,100.00
5580,100.00
5581,100.00
5582,100.00
5583,100.00
5584,100.00
5585,100.00
5586,100.00
5587,100.00
5588,100.00
5589,100.00
5590,100.00
5591,100.00
5592,100.00
5593,100.00
5594,100.00
5595,100.00
5596,100.00
5597,100.00
5598,100.00
5599,100.00
5600,100.00
5601,100.00
5602,100.00
5603,100.00
5604,100.00
5605,100.00
5606,100.00
5607,100.00
5608,100.00
5609,100.00
5610,100.00
5611,100.00
5612,100.00
5613,100.00
5614,100.00
5615,100.00
5616,100.00
5617,100.00
5618,100.00
5619,100.00
5620,100.00
5621,100.00
5622,100.00
5623,100.00
5624,100.00
5625,100.00
5626,100.00
5627,100.00
5628,100.00
5629,100.00
5630,100.00
5631,100.00
5632,100.00
5633,100.00
5634,100.00
5635,100.00
5636,100.00
5637,100.00
5638,100.00
5639,100.00
5640,100.00
5641,100.00
5642,100.00
5643,100.00
5644,100.00
5645,100.00
5646,100.00
5647,100.00
5648,100.00
5649,100.00
5650,100.00
5651,100.00
5652,100.00
5653,100.00
5654,100.00
5655,100.00
5656,100.00
5657,100.00
5658,100.00
5659,100.00
5660,100.00
5661,100.00
5662,100.00
5663,100.00
5664,100.00
5665,100.00
5666,100.00
5667,100.00
5668,100.00
5669,100.00
5670,100.00
5671,100.00
5672,100.00
5673,100.00
5674,100.00
5675,100.00
5676,100.00
5677,100.00
5678,100.00
5679,100.00
5680,100.00
5681,100.00
5682,100.00
5683,100.00
5684,100.00
5685,100.00
5686,100.00
5687,100.00
5688,100.00
5689,100.00
5690,100.00
5691,100.00
5692,100.00
5693,100.00
5694,100.00
5695,100.00
5696,100.00
5697,100.00
5698,100.00
5699,100.00
5700,100.00
5701,100.00
5702,100.00
5703,100.00
5704,100.00
5705,100.00
5706,100.00
5707,100.00
5708,100.00
5709,100.00
5710,100.00
5711,100.00
5712,100.00
5713,100.00
5714,100.00
5715,100.00
5716,100.00
5717,100.00
5718,100.00
5719,100.00
5720,100.00
5721,100.00
5722,100.00
5723,100.00
5724,100.00
5725,100.00
5726,100.00
5727,100.00
5728,100.00
5729,100.00
5730,100.00
5731,100.00
5732,100.00
5733,100.00
5734,100.00
5735,100.00
5736,100.00
5737,100.00
5738,100.00
5739,100.00
5740,100.00
5741,100.00
5742,100.00
5743,100.00
5744,100.00
5745,100.00
5746,100.00
5747,100.00
5748,100.00
5749,100.00
5750,100.00
5751,100.00
5752,100.00
5753,100.00
5754,100.00
5755,100.00
5756,100.00
5757,100.00
5758,100.00
5759,100.00
5760,100.00
5761,100.00
5762,100.00
5763,100.00
5764,100.00
5765,100.00
5766,100.00
5767,100.00
5768,100.00
5769,100.00
5770,100.00
5771,100.00
5772,100.00
5773,100.00
5774,100.00
5775,100.00
5776,100.00
5777,100.00
5778,100.00
5779,100.00
5780,100.00
5781,100.00
5782,100.00
5783,100.00
5784,100.00
5785,100.00
5786,100.00
5787,100.00
5788,100.00
5789,100.00
5790,100.00
5791,100.00
5792,100.00
5793,100.00
5794,100.00
5795,100.00
5796,100.00
5797,100.00
5798,100.00
5799,100.00
5800,100.00
5801,100.00
5802,100.00
5803,100.00
5804,100.00
5805,100.00
5806,100.00
5807,100.00
5808,100.00
5809,100.00
5810,100.00
5811,100.00
5812,100.00
5813,100.00
5814,100.00
5815,100.00
5816,100.00
5817,100.00
5818,100.00
5819,100.00
5820,100.00
5821,100.00
5822,100.00
5823,100.00
5824,100.00
5825,100.00
5826,100.00
5827,100.00
5828,100.00
5829,100.00
5830,100.00
5831,100.00
5832,100.00
5833,100.00
5834,100.00
5835,100.00
5836,100.00
5837,100.00
5838,100.00
5839,100.00
5840,100.00
5841,100.00
5842,100.00
5843,100.00
5844,100.00
5845,100.00
5846,100.00
5847,100.00
5848,100.00
5849,100.00
5850,100.00
5851,100.00
5852,100.00
5853,100.00
5854,100.00
5855,100.00
5856,100.00
5857,100.00
5858,100.00
5859,100.00
5860,100.00
5861,100.00
5862,100.00
5863,100.00
5864,100.00
5865,100.00
5866,100.00
5867,100.00
5868,100.00
5869,100.00
5870,100.00
5871,100.00
5872,100.00
5873,100.00
5874,100.00
5875,100.00
5876,100.00
5877,100.00
5878,100.00
5879,100.00
5880,100.00
5881,100.00
5882,100.00
5883,100.00
5884,100.00
5885,100.00
5886,100.00
5887,100.00
5888,100.00
5889,100.00
5890,100.00
5891,100.00
5892,100.00
5893,100.00
5894,100.00
5895,100.00
5896,100.00
5897,100.00
5898,100.00
5899,100.00
5900,100.00
5901,100.00
5902,100.00
5903,100.00
5904,100.00
5905,100.00
5906,100.00
5907,100.00
5908,100.00
5909,100.00
5910,100.00
5911,100.00
5912,100.00
5913,100.00
5914,100.00
5915,100.00
5916,100.00
5917,100.00
5918,100.00
5919,100.00
5920,100.00
5921,100.00
5922,100.00
5923,100.00
5924,100.00
5925,100.00
5926,100.00
5927,100.00
5928,100.00
5929,100.00
5930,100.00
5931,100.00
5932,100.00
5933,100.00
5934,100.00
5935,100.00
5936,100.00
5937,100.00
5938,100.00
5939,100.00
5940,100.00
5941,100.00
5942,100.00
5943,100.00
5944,100.00
5945,100.00
5946,100.00
5947,100.00
5948,100.00
5949,100.00
5950,100.00
5951,100.00
5952,100.00
5953,100.00
5954,100.00
5955,100.00
5956,100.00
5957,100.00
5958,100.00
5959,100.00
5960,100.00
5961,100.00
5962,100.00
5963,100.00
5964,100.00
5965,100.00
5966,100.00
5967,100.00
5968,100.00
5969,100.00
5970,100.00
5971,100.00
5972,100.00
5973,100.00
5974,100.00
5975,100.00
5976,100.00
5977,100.00
5978,100.00
5979,100.00
5980,100.00
5981,100.00
5982,100.00
5983,100.00
5984,100.00
5985,100.00
5986,100.00
5987,100.00
5988,100.00
5989,100.00
5990,100.00
5991,100.00
5992,100.00
5993,100.00
5994,100.00
5995,100.00
5996,100.00
5997,100.00
5998,100.00
5999,100.00
6000,100.00
6001,100.00
6002,100.00
6003,100.00
6004,100.00
6005,100.00
6006,100.00
6007,100.00
6008,100.00
6009,100.00
6010,100.00
6011,100.00
6012,100.00
6013,100.00
6014,100.00
6015,100.00
6016,100.00
6017,100.00
6018,100.00
6019,100.00
6020,100.00
6021,100.00
6022,100.00
6023,100.00
6024,100.00
6025,100.00
6026,100.00
6027,100.00
6028,100.00
6029,100.00
6030,100.00
6031,100.00
6032,100.00
6033,100.00
6034,100.00
6035,100.00
6036,100.00
6037,100.00
6038,100.00
6039,100.00
6040,100.00
6041,100.00
6042,100.00
6043,100.00
6044,100.00
6045,100.00
6046,100.00
6047,100.00
6048,100.00
6049,100.00
6050,100.00
6051,100.00
6052,100.00
6053,100.00
6054,100.00
6055,100.00
6056,100.00
6057,100.00
6058,100.00
6059,100.00
6060,100.00
6061,100.00
6062,100.00
6063,100.00
6064,100.00
6065,100.00
6066,100.00
6067,100.00
6068,100.00
6069,100.00
6070,100.00
6071,100.00
6072,100.00
6073,100.00
6074,100.00
6075,100.00
6076,100.00
6077,100.00
6078,100.00
6079,100.00
6080,100.00
6081,100.00
6082,100.00
6083,100.00
6084,100.00
6085,100.00
6086,100.00
6087,100.00
6088,100.00
6089,100.00
6090,100.00
6091,100.00
6092,100.00
6093,100.00
6094,100.00
6095,100.00
6096,100.00
6097,100.00
6098,100.00
6099,100.00
6100,100.00
6101,100.00
6102,100.00
6103,100.00
6104,100.00
6105,100.00
6106,100.00
6107,100.00
6108,100.00
6109,100.00
6110,100.00
6111,100.00
6112,100.00
6113,100.00
6114,100.00
6115,100.00
6116,100.00
6117,100.00
6118,100.00
6119,100.00
6120,100.00
6121,100.00
6122,100.00
6123,100.00
6124,100.00
6125,100.00
6126,100.00
6127,100.00
6128,100.00
6129,100.00
6130,100.00
6131,100.00
6132,100.00
6133,100.00
6134,100.00
6135,100.00
6136,100.00
6137,100.00
6138,100.00
6139,100.00
6140,100.00
6141,100.00
6142,100.00
6143,100.00
6144,100.00
6145,100.00
6146,100.00
6147,100.00
6148,100.00
6149,100.00
6150,100.00
6151,100.00
6152,100.00
6153,100.00
6154,100.00
6155,100.00
6156,100.00
6157,100.00
6158,100.00
6159,100.00
6160,100.00
6161,100.00
6162,100.00
6163,100.00
6164,100.00
6165,100.00
6166,100.00
6167,100.00
6168,100.00
6169,100.00
6170,100.00
6171,100.00
6172,100.00
6173,100.00
6174,100.00
6175,100.00
6176,100.00
6177,100.00
6178,100.00
6179,100.00
6180,100.00
6181,100.00
6182,100.00
6183,100.00
6184,100.00
6185,100.00
6186,100.00
6187,100.00
6188,100.00
6189,100.00
6190,100.00
6191,100.00
6192,100.00
6193,100.00
6194,100.00
6195,100.00
6196,100.00
6197,100.00
6198,100.00
6199,100.00
6200,100.00
6201,100.00
6202,100.00
6203,100.00
6204,100.00
6205,100.00
6206,100.00
6207,100.00
6208,100.00
6209,100.00
6210,100.00
6211,100.00
6212,100.00
6213,100.00
6214,100.00
6215,100.00
6216,100.00
6217,100.00
6218,100.00
6219,100.00
6220,100.00
6221,100.00
6222,100.00
6223,100.00
6224,100.00
6225,100.00
6226,100.00
6227,100.00
6228,100.00
6229,100.00
6230,100.00
6231,100.00
6232,100.00
6233,100.00
6234,100.00
6235,100.00
6236,100.00
6237,100.00
6238,100.00
6239,100.00
6240,100.00
6241,100.00
6242,100.00
6243,100.00
6244,100.00
6245,100.00
6246,100.00
6247,100.00
6248,100.00
6249,100.00
6250,100.00
6251,100.00
6252,100.00
6253,100.00
6254,100.00
6255,100.00
6256,100.00
6257,100.00
6258,100.00
6259,100.00
6260,100.00
6261,100.00
6262,100.00
6263,100.00
6264,100.00
6265,100.00
6266,100.00
6267,100.00
6268,100.00
6269,100.00
6270,100.00
6271,100.00
6272,100.00
6273,100.00
6274,100.00
6275,100.00
6276,100.00
6277,100.00
6278,100.00
6279,100.00
6280,100.00
6281,100.00
6282,100.00
6283,100.00
6284,100.00
6285,100.00
6286,100.00
6287,100.00
6288,100.00
6289,100.00
6290,100.00
6291,100.00
6292,100.00
6293,100.00
6294,100.00
6295,100.00
6296,100.00
6297,100.00
6298,100.00
6299,100.00
6300,100.00
6301,100.00
6302,100.00
6303,100.00
6304,100.00
6305,100.00
6306,100.00
6307,100.00
6308,100.00
6309,100.00
6310,100.00
6311,100.00
6312,100.00
6313,100.00
6314,100.00
6315,100.00
6316,100.00
6317,100.00
6318,100.00
6319,100.00
6320,100.00
6321,100.00
6322,100.00
6323,100.00
6324,100.00
6325,100.00
6326,100.00
6327,100.00
6328,100.00
6329,100.00
6330,100.00
6331,100.00
6332,100.00
6333,100.00
6334,100.00
6335,100.00
6336,100.00
6337,100.00
6338,100.00
6339,100.00
6340,100.00
6341,100.00
6342,100.00
6343,100.00
6344,100.00
6345,100.00
6346,100.00
6347,100.00
6348,100.00
6349,100.00
6350,100.00
6351,100.00
6352,100.00
6353,100.00
6354,100.00
6355,100.00
6356,100.00
6357,100.00
6358,100.00
6359,100.00
6360,100.00
6361,100.00
6362,100.00
6363,100.00
6364,100.00
6365,100.00
6366,100.00
6367,100.00
6368,100.00
6369,100.00
6370,100.00
6371,100.00
6372,100.00
6373,100.00
6374,100.00
6375,100.00
6376,100.00
6377,100.00
6378,100.00
6379,100.00
6380,100.00
6381,100.00
6382,100.00
6383,100.00
6384,100.00
6385,100.00
6386,100.00
6387,100.00
6388,100.00
6389,100.00
6390,100.00
6391,100.00
6392,100.00
6393,100.00
6394,100.00
6395,100.00
6396,100.00
6397,100.00
6398,100.00
6399,100.00
6400,100.00
6401,100.00
6402,100.00
6403,100.00
6404,100.00
6405,100.00
6406,100.00
6407,100.00
6408,100.00
6409,100.00
6410,100.00
6411,100.00
6412,100.00
6413,100.00
6414,100.00
6415,100.00
6416,100.00
6417,100.00
6418,100.00
6419,100.00
6420,100.00
6421,100.00
6422,100.00
6423,100.00
6424,100.00
6425,100.00
6426,100.00
6427,100.00
6428,100.00
6429,100.00
6430,100.00
6431,100.00
6432,100.00
6433,100.00
6434,100.00
6435,100.00
6436,100.00
6437,100.00
6438,100.00
6439,100.00
6440,100.00
6441,100.00
6442,100.00
6443,100.00
6444,100.00
6445,100.00
6446,100.00
6447,100.00
6448,100.00
6449,100.00
6450,100.00
6451,100.00
6452,100.00
6453,100.00
6454,100.00
6455,100.00
6456,100.00
6457,100.00
6458,100.00
6459,100.00
6460,100.00
6461,100.00
6462,100.00
6463,100.00
6464,100.00
6465,100.00
6466,100.00
6467,100.00
6468,100.00
6469,100.00
6470,100.00
6471,100.00
6472,100.00
6473,100.00
6474,100.00
6475,100.00
6476,100.00
6477,100.00
6478,100.00
6479,100.00
6480,100.00
6481,100.00
6482,100.00
6483,100.00
6484,100.00
6485,100.00
6486,100.00
6487,100.00
6488,100.00
6489,100.00
6490,100.00
6491,100.00
6492,100.00
6493,100.00
6494,100.00
6495,100.00
6496,100.00
6497,100.00
6498,100.00
6499,100.00
6500,100.00
6501,100.00
6502,100.00
6503,100.00
6504,100.00
6505,100.00
6506,100.00
6507,100.00
6508,100.00
6509,100.00
6510,100.00
6511,100.00
6512,100.00
6513,100.00
6514,100.00
6515,100.00
6516,100.00
6517,100.00
6518,100.00
6519,100.00
6520,100.00
6521,100.00
6522,100.00
6523,100.00
6524,100.00
6525,100.00
6526,100.00
6527,100.00
6528,100.00
6529,100.00
6530,100.00
6531,100.00
6532,100.00
6533,100.00
6534,100.00
6535,100.00
6536,100.00
6537,100.00
6538,100.00
6539,100.00
6540,100.00
6541,100.00
6542,100.00
6543,100.00
6544,100.00
6545,100.00
6546,100.00
6547,100.00
6548,100.00
6549,100.00
6550,100.00
6551,100.00
6552,100.00
6553,100.00
6554,100.00
6555,100.00
6556,100.00
6557,100.00
6558,100.00
6559,100.00
6560,100.00
6561,100.00
6562,100.00
6563,100.00
6564,100.00
6565,100.00
6566,100.00
6567,100.00
6568,100.00
6569,100.00
6570,100.00
6571,100.00
6572,100.00
6573,100.00
6574,100.00
6575,100.00
6576,100.00
6577,100.00
6578,100.00
6579,100.00
6580,100.00
6581,100.00
6582,100.00
6583,100.00
6584,100.00
6585,100.00
6586,100.00
6587,100.00
6588,100.00
6589,100.00
6590,100.00
6591,100.00
6592,100.00
6593,100.00
6594,100.00
6595,100.00
6596,100.00
6597,100.00
6598,100.00
6599,100.00
6600,100.00
6601,100.00
6602,100.00
6603,100.00
6604,100.00
6605,100.00
6606,100.00
6607,100.00
6608,100.00
6609,100.00
6610,100.00
6611,100.00
6612,100.00
6613,100.00
6614,100.00
6615,100.00
6616,100.00
6617,100.00
6618,100.00
6619,100.00
6620,100.00
6621,100.00
6622,100.00
6623,100.00
6624,100.00
6625,100.00
6626,100.00
6627,100.00
6628,100.00
6629,100.00
6630,100.00
6631,100.00
6632,100.00
6633,100.00
6634,100.00
6635,100.00
6636,100.00
6637,100.00
6638,100.00
6639,100.00
6640,100.00
6641,100.00
6642,100.00
6643,100.00
6644,100.00
6645,100.00
6646,100.00
6647,100.00
6648,100.00
6649,100.00
6650,100.00
6651,100.00
6652,100.00
6653,100.00
6654,100.00
6655,100.00
6656,100.00
6657,100.00
6658,100.00
6659,100.00
6660,100.00
6661,100.00
6662,100.00
6663,100.00
6664,100.00
6665,100.00
6666,100.00
6667,100.00
6668,100.00
6669,100.00
6670,100.00
6671,100.00
6672,100.00
6673,100.00
6674,100.00
6675,100.00
6676,100.00
6677,100.00
6678,100.00
6679,100.00
6680,100.00
6681,100.00
6682,100.00
6683,100.00
6684,100.00
6685,100.00
6686,100.00
6687,100.00
6688,100.00
6689,100.00
6690,100.00
6691,100.00
6692,100.00
6693,100.00
6694,100.00
6695,100.00
6696,100.00
6697,100.00
6698,100.00
6699,100.00
6700,100.00
6701,100.00
6702,100.00
6703,100.00
6704,100.00
6705,100.00
6706,100.00
6707,100.00
6708,100.00
6709,100.00
6710,100.00
6711,100.00
6712,100.00
6713,100.00
6714,100.00
6715,100.00
6716,100.00
6717,100.00
6718,100.00
6719,100.00
6720,100.00
6721,100.00
6722,100.00
6723,100.00
6724,100.00
6725,100.00
6726,100.00
6727,100.00
6728,100.00
6729,100.00
6730,100.00
6731,100.00
6732,100.00
6733,100.00
6734,100.00
6735,100.00
6736,100.00
6737,100.00
6738,100.00
6739,100.00
6740,100.00
6741,100.00
6742,100.00
6743,100.00
6744,100.00
6745,100.00
6746,100.00
6747,100.00
6748,100.00
6749,100.00
6750,100.00
6751,100.00
6752,100.00
6753,100.00
6754,100.00
6755,100.00
6756,100.00
6757,100.00
6758,100.00
6759,100.00
6760,100.00
6761,100.00
6762,100.00
6763,100.00
6764,100.00
6765,100.00
6766,100.00
6767,100.00
6768,100.00
6769,100.00
6770,100.00
6771,100.00
6772,100.00
6773,100.00
6774,100.00
6775,100.00
6776,100.00
6777,100.00
6778,100.00
6779,100.00
6780,100.00
6781,100.00
6782,100.00
6783,100.00
6784,100.00
6785,100.00
6786,100.00
6787,100.00
6788,100.00
6789,100.00
6790,100.00
6791,100.00
6792,100.00
6793,100.00
6794,100.00
6795,100.00
6796,100.00
6797,100.00
6798,100.00
6799,100.00
6800,100.00
6801,100.00
6802,100.00
6803,100.00
6804,100.00
6805,100.00
6806,100.00
6807,100.00
6808,100.00
6809,100.00
6810,100.00
6811,100.00
6812,100.00
6813,100.00
6814,100.00
6815,100.00
6816,100.00
6817,100.00
6818,100.00
6819,100.00
6820,100.00
6821,100.00
6822,100.00
6823,100.00
6824,100.00
6825,100.00
6826,100.00
6827,100.00
6828,100.00
6829,100.00
6830,100.00
6831,100.00
6832,100.00
6833,100.00
6834,100.00
6835,100.00
6836,100.00
6837,100.00
6838,100.00
6839,100.00
6840,100.00
6841,100.00
6842,100.00
6843,100.00
6844,100.00
6845,100.00
6846,100.00
6847,100.00
6848,100.00
6849,100.00
6850,100.00
6851,100.00
6852,100.00
6853,100.00
6854,100.00
6855,100.00
6856,100.00
6857,100.00
6858,100.00
6859,100.00
6860,100.00
6861,100.00
6862,100.00
6863,100.00
6864,100.00
6865,100.00
6866,100.00
6867,100.00
6868,100.00
6869,100.00
6870,100.00
6871,100.00
6872,100.00
6873,100.00
6874,100.00
6875,100.00
6876,100.00
6877,100.00
6878,100.00
6879,100.00
6880,100.00
6881,100.00
6882,100.00
6883,100.00
6884,100.00
6885,100.00
6886,100.00
6887,100.00
6888,100.00
6889,100.00
6890,100.00
6891,100.00
6892,100.00
6893,100.00
6894,100.00
6895,100.00
6896,100.00
6897,100.00
6898,100.00
6899,100.00
6900,100.00
6901,100.00
6902,100.00
6903,100.00
6904,100.00
6905,100.00
6906,100.00
6907,100.00
6908,100.00
6909,100.00
6910,100.00
6911,100.00
6912,100.00
6913,100.00
6914,100.00
6915,100.00
6916,100.00
6917,100.00
6918,100.00
6919,100.00
6920,100.00
6921,100.00
6922,100.00
6923,100.00
6924,100.00
6925,100.00
6926,100.00
6927,100.00
6928,100.00
6929,100.00
6930,100.00
6931,100.00
6932,100.00
6933,100.00
6934,100.00
6935,100.00
6936,100.00
6937,100.00
6938,100.00
6939,100.00
6940,100.00
6941,100.00
6942,100.00
6943,100.00
6944,100.00
6945,100.00
6946,100.00
6947,100.00
6948,100.00
6949,100.00
6950,100.00
6951,100.00
6952,100.00
6953,100.00
6954,100.00
6955,100.00
6956,100.00
6957,100.00
6958,100.00
6959,100.00
6960,100.00
6961,100.00
6962,100.00
6963,100.00
6964,100.00
6965,100.00
6966,100.00
6967,100.00
6968,100.00
6969,100.00
6970,100.00
6971,100.00
6972,100.00
6973,100.00
6974,100.00
6975,100.00
6976,100.00
6977,100.00
6978,100.00
6979,100.00
6980,100.00
6981,100.00
6982,100.00
6983,100.00
6984,100.00
6985,100.00
6986,100.00
6987,100.00
6988,100.00
6989,100.00
6990,100.00
6991,100.00
6992,100.00
6993,100.00
6994,100.00
6995,100.00
6996,100.00
6997,100.00
6998,100.00
6999,100.00
7000,100.00
7001,100.00
7002,100.00
7003,100.00
7004,100.00
7005,100.00
7006,100.00
7007,100.00
7008,100.00
7009,100.00
7010,100.00
7011,100.00
7012,100.00
7013,100.00
7014,100.00
7015,100.00
7016,100.00
7017,100.00
7018,100.00
7019,100.00
7020,100.00
7021,100.00
7022,100.00
7023,100.00
7024,100.00
7025,100.00
7026,100.00
7027,100.00
7028,100.00
7029,100.00
7030,100.00
7031,100.00
7032,100.00
7033,100.00
7034,100.00
7035,100.00
7036,100.00
7037,100.00
7038,100.00
7039,100.00
7040,100.00
7041,100.00
7042,100.00
7043,100.00
7044,100.00
7045,100.00
7046,100.00
7047,100.00
7048,100.00
7049,100.00
7050,100.00
7051,100.00
7052,100.00
7053,100.00
7054,100.00
7055,100.00
7056,100.00
7057,100.00
7058,100.00
7059,100.00
7060,100.00
7061,100.00
7062,100.00
7063,100.00
7064,100.00
7065,100.00
7066,100.00
7067,100.00
7068,100.00
7069,100.00
7070,100.00
7071,100.00
7072,100.00
7073,100.00
7074,100.00
7075,100.00
7076,100.00
7077,100.00
7078,100.00
7079,100.00
7080,100.00
7081,100.00
7082,100.00
7083,100.00
7084,100.00
7085,100.00
7086,100.00
7087,100.00
7088,100.00
7089,100.00
7090,100.00
7091,100.00
7092,100.00
7093,100.00
7094,100.00
7095,100.00
7096,100.00
7097,100.00
7098,100.00
7099,100.00
7100,100.00
7101,100.00
7102,100.00
7103,100.00
7104,100.00
7105,100.00
7106,100.00
7107,100.00
7108,100.00
7109,100.00
7110,100.00
7111,100.00
7112,100.00
7113,100.00
7114,100.00
7115,100.00
7116,100.00
7117,100.00
7118,100.00
7119,100.00
7120,100.00
7121,100.00
7122,100.00
7123,100.00
7124,100.00
7125,100.00
7126,100.00
7127,100.00
7128,100.00
7129,100.00
7130,100.00
7131,100.00
7132,100.00
7133,100.00
7134,100.00
7135,100.00
7136,100.00
7137,100.00
7138,100.00
7139,100.00
7140,100.00
7141,100.00
7142,100.00
7143,100.00
7144,100.00
7145,100.00
7146,100.00
7147,100.00
7148,100.00
7149,100.00
7150,100.00
7151,100.00
7152,100.00
7153,100.00
7154,100.00
7155,100.00
7156,100.00
7157,100.00
7158,100.00
7159,100.00
7160,100.00
7161,100.00
7162,100.00
7163,100.00
7164,100.00
7165,100.00
7166,100.00
7167,100.00
7168,100.00
7169,100.00
7170,100.00
7171,100.00
7172,100.00
7173,100.00
7174,100.00
7175,100.00
7176,100.00
7177,100.00
7178,100.00
7179,100.00
7180,100.00
7181,100.00
7182,100.00
7183,100.00
7184,100.00
7185,100.00
7186,100.00
7187,100.00
7188,100.00
7189,100.00
7190,100.00
7191,100.00
7192,100.00
7193,100.00
7194,100.00
7195,100.00
7196,100.00
7197,100.00
7198,100.00
7199,100.00
7200,100.00
7201,100.00
7202,100.00
7203,100.00
7204,100.00
7205,100.00
7206,100.00
7207,100.00
7208,100.00
7209,100.00
7210,100.00
7211,100.00
7212,100.00
7213,100.00
7214,100.00
7215,100.00
7216,100.00
7217,100.00
7218,100.00
7219,100.00
7220,100.00
7221,100.00
7222,100.00
7223,100.00
7224,100.00
7225,100.00
7226,100.00
7227,100.00
7228,100.00
7229,100.00
7230,100.00
7231,100.00
7232,100.00
7233,100.00
7234,100.00
7235,100.00
7236,100.00
7237,100.00
7238,100.00
7239,100.00
7240,100.00
7241,100.00
7242,100.00
7243,100.00
7244,100.00
7245,100.00
7246,100.00
7247,100.00
7248,100.00
7249,100.00
7250,100.00
7251,100.00
7252,100.00
7253,100.00
7254,100.00
7255,100.00
7256,100.00
7257,100.00
7258,100.00
7259,100.00
7260,100.00
7261,100.00
7262,100.00
7263,100.00
7264,100.00
7265,100.00
7266,100.00
7267,100.00
7268,100.00
7269,100.00
7270,100.00
7271,100.00
7272,100.00
7273,100.00
7274,100.00
7275,100.00
7276,100.00
7277,100.00
7278,100.00
7279,100.00
7280,100.00
7281,100.00
7282,100.00
7283,100.00
7284,100.00
7285,100.00
7286,100.00
7287,100.00
7288,100.00
7289,100.00
7290,100.00
7291,100.00
7292,100.00
7293,100.00
7294,100.00
7295,100.00
7296,100.00
7297,100.00
7298,100.00
7299,100.00
7300,100.00
7301,100.00
7302,100.00
7303,100.00
7304,100.00
7305,100.00
7306,100.00
7307,100.00
7308,100.00
7309,100.00
7310,100.00
7311,100.00
7312,100.00
7313,100.00
7314,100.00
7315,100.00
7316,100.00
7317,100.00
7318,100.00
7319,100.00
7320,100.00
7321,100.00
7322,100.00
7323,100.00
7324,100.00
7325,100.00
7326,100.00
7327,100.00
7328,100.00
7329,100.00
7330,100.00
7331,100.00
7332,100.00
7333,100.00
7334,100.00
7335,100.00
7336,100.00
7337,100.00
7338,100.00
7339,100.00
7340,100.00
7341,100.00
7342,100.00
7343,100.00
7344,100.00
7345,100.00
7346,100.00
7347,100.00
7348,100.00
7349,100.00
7350,100.00
7351,100.00
7352,100.00
7353,100.00
7354,100.00
7355,100.00
7356,100.00
7357,100.00
7358,100.00
7359,100.00
7360,100.00
7361,100.00
7362,100.00
7363,100.00
7364,100.00
7365,100.00
7366,100.00
7367,100.00
7368,100.00
7369,100.00
7370,100.00
7371,100.00
7372,100.00
7373,100.00
7374,100.00
7375,100.00
7376,100.00
7377,100.00
7378,100.00
7379,100.00
7380,100.00
7381,100.00
7382,100.00
7383,100.00
7384,100.00
7385,100.00
7386,100.00
7387,100.00
7388,100.00
7389,100.00
7390,100.00
7391,100.00
7392,100.00
7393,100.00
7394,100.00
7395,100.00
7396,100.00
7397,100.00
7398,100.00
7399,100.00
7400,100.00
7401,100.00
7402,100.00
7403,100.00
7404,100.00
7405,100.00
7406,100.00
7407,100.00
7408,100.00
7409,100.00
7410,100.00
7411,100.00
7412,100.00
7413,100.00
7414,100.00
7415,100.00
7416,100.00
7417,100.00
7418,100.00
7419,100.00
7420,100.00
7421,100.00
7422,100.00
7423,100.00
7424,100.00
7425,100.00
7426,100.00
7427,100.00
7428,100.00
7429,100.00
7430,100.00
7431,100.00
7432,100.00
7433,100.00
7434,100.00
7435,100.00
7436,100.00
7437,100.00
7438,100.00
7439,100.00
7440,100.00
7441,100.00
7442,100.00
7443,100.00
7444,100.00
7445,100.00
7446,100.00
7447,100.00
7448,100.00
7449,100.00
7450,100.00
7451,100.00
7452,100.00
7453,100.00
7454,100.00
7455,100.00
7456,100.00
7457,100.00
7458,100.00
7459,100.00
7460,100.00
7461,100.00
7462,100.00
7463,100.00
7464,100.00
7465,100.00
7466,100.00
7467,100.00
7468,100.00
7469,100.00
7470,100.00
7471,100.00
7472,100.00
7473,100.00
7474,100.00
7475,100.00
7476,100.00
7477,100.00
7478,100.00
7479,100.00
7480,100.00
7481,100.00
7482,100.00
7483,100.00
7484,100.00
7485,100.00
7486,100.00
7487,100.00
7488,100.00
7489,100.00
7490,100.00
7491,100.00
7492,100.00
7493,100.00
7494,100.00
7495,100.00
7496,100.00
7497,100.00
7498,100.00
7499,100.00
7500,100.00
7501,100.00
7502,100.00
7503,100.00
7504,100.00
7505,100.00
7506,100.00
7507,100.00
7508,100.00
7509,100.00
7510,100.00
7511,100.00
7512,100.00
7513,100.00
7514,100.00
7515,100.00
7516,100.00
7517,100.00
7518,100.00
7519,100.00
7520,100.00
7521,100.00
7522,100.00
7523,100.00
7524,100.00
7525,100.00
7526,100.00
7527,100.00
7528,100.00
7529,100.00
7530,100.00
7531,100.00
7532,100.00
7533,100.00
7534,100.00
7535,100.00
7536,100.00
7537,100.00
7538,100.00
7539,100.00
7540,100.00
7541,100.00
7542,100.00
7543,100.00
7544,100.00
7545,100.00
7546,100.00
7547,100.00
7548,100.00
7549,100.00
7550,100.00
7551,100.00
7552,100.00
7553,100.00
7554,100.00
7555,100.00
7556,100.00
7557,100.00
7558,100.00
7559,100.00
7560,100.00
7561,100.00
7562,100.00
7563,100.00
7564,100.00
7565,100.00
7566,100.00
7567,100.00
7568,100.00
7569,100.00
7570,100.00
7571,100.00
7572,100.00
7573,100.00
7574,100.00
7575,100.00
7576,100.00
7577,100.00
7578,100.00
7579,100.00
7580,100.00
7581,100.00
7582,100.00
7583,100.00
7584,100.00
7585,100.00
7586,100.00
7587,100.00
7588,100.00
7589,100.00
7590,100.00
7591,100.00
7592,100.00
7593,100.00
7594,100.00
7595,100.00
7596,100.00
7597,100.00
7598,100.00
7599,100.00
7600,100.00
7601,100.00
7602,100.00
7603,100.00
7604,100.00
7605,100.00
7606,100.00
7607,100.00
7608,100.00
7609,100.00
7610,100.00
7611,100.00
7612,100.00
7613,100.00
7614,100.00
7615,100.00
7616,100.00
7617,100.00
7618,100.00
7619,100.00
7620,100.00
7621,100.00
7622,100.00
7623,100.00
7624,100.00
7625,100.00
7626,100.00
7627,100.00
7628,100.00
7629,100.00
7630,100.00
7631,100.00
7632,100.00
7633,100.00
7634,100.00
7635,100.00
7636,100.00
7637,100.00
7638,100.00
7639,100.00
7640,100.00
7641,100.00
7642,100.00
7643,100.00
7644,100.00
7645,100.00
7646,100.00
7647,100.00
7648,100.00
7649,100.00
7650,100.00
7651,100.00
7652,100.00
7653,100.00
7654,100.00
7655,100.00
7656,100.00
7657,100.00
7658,100.00
7659,100.00
7660,100.00
7661,100.00
7662,100.00
7663,100.00
7664,100.00
7665,100.00
7666,100.00
7667,100.00
7668,100.00
7669,100.00
7670,100.00
7671,100.00
7672,100.00
7673,100.00
7674,100.00
7675,100.00
7676,100.00
7677,100.00
7678,100.00
7679,100.00
7680,100.00
7681,100.00
7682,100.00
7683,100.00
7684,100.00
7685,100.00
7686,100.00
7687,100.00
7688,100.00
7689,100.00
7690,100.00
7691,100.00
7692,100.00
7693,100.00
7694,100.00
7695,100.00
7696,100.00
7697,100.00
7698,100.00
7699,100.00
7700,100.00
7701,100.00
7702,100.00
7703,100.00
7704,100.00
7705,100.00
7706,100.00
7707,100.00
7708,100.00
7709,100.00
7710,100.00
7711,100.00
7712,100.00
7713,100.00
7714,100.00
7715,100.00
7716,100.00
7717,100.00
7718,100.00
7719,100.00
7720,100.00
7721,100.00
7722,100.00
7723,100.00
7724,100.00
7725,100.00
7726,100.00
7727,100.00
7728,100.00
7729,100.00
7730,100.00
7731,100.00
7732,100.00
7733,100.00
7734,100.00
7735,100.00
7736,100.00
7737,100.00
7738,100.00
7739,100.00
7740,100.00
7741,100.00
7742,100.00
7743,100.00
7744,100.00
7745,100.00
7746,100.00
7747,100.00
7748,100.00
7749,100.00
7750,100.00
7751,100.00
7752,100.00
7753,100.00
7754,100.00
7755,100.00
7756,100.00
7757,100.00
7758,100.00
7759,100.00
7760,100.00
7761,100.00
7762,100.00
7763,100.00
7764,100.00
7765,100.00
7766,100.00
7767,100.00
7768,100.00
7769,100.00
7770,100.00
7771,100.00
7772,100.00
7773,100.00
7774,100.00
7775,100.00
7776,100.00
7777,100.00
7778,100.00
7779,100.00
7780,100.00
7781,100.00
7782,100.00
7783,100.00
7784,100.00
7785,100.00
7786,100.00
7787,100.00
7788,100.00
7789,100.00
7790,100.00
7791,100.00
7792,100.00
7793,100.00
7794,100.00
7795,100.00
7796,100.00
7797,100.00
7798,100.00
7799,100.00
7800,100.00
7801,100.00
7802,100.00
7803,100.00
7804,100.00
7805,100.00
7806,100.00
7807,100.00
7808,100.00
7809,100.00
7810,100.00
7811,100.00
7812,100.00
7813,100.00
7814,100.00
7815,100.00
7816,100.00
7817,100.00
7818,100.00
7819,100.00
7820,100.00
7821,100.00
7822,100.00
7823,100.00
7824,100.00
7825,100.00
7826,100.00
7827,100.00
7828,100.00
7829,100.00
7830,100.00
7831,100.00
7832,100.00
7833,100.00
7834,100.00
7835,100.00
7836,100.00
7837,100.00
7838,100.00
7839,100.00
7840,100.00
7841,100.00
7842,100.00
7843,100.00
7844,100.00
7845,100.00
7846,100.00
7847,100.00
7848,100.00
7849,100.00
7850,100.00
7851,100.00
7852,100.00
7853,100.00
7854,100.00
7855,100.00
7856,100.00
7857,100.00
7858,100.00
7859,100.00
7860,100.00
7861,100.00
7862,100.00
7863,100.00
7864,100.00
7865,100.00
7866,100.00
7867,100.00
7868,100.00
7869,100.00
7870,100.00
7871,100.00
7872,100.00
7873,100.00
7874,100.00
7875,100.00
7876,100.00
7877,100.00
7878,100.00
7879,100.00
7880,100.00
7881,100.00
7882,100.00
7883,100.00
7884,100.00
7885,100.00
7886,100.00
7887,100.00
7888,100.00
7889,100.00
7890,100.00
7891,100.00
7892,100.00
7893,100.00
7894,100.00
7895,100.00
7896,100.00
7897,100.00
7898,100.00
7899,100.00
7900,100.00
7901,100.00
7902,100.00
7903,100.00
7904,100.00
7905,100.00
7906,100.00
7907,100.00
7908,100.00
7909,100.00
7910,100.00
7911,100.00
7912,100.00
7913,100.00
7914,100.00
7915,100.00
7916,100.00
7917,100.00
7918,100.00
7919,100.00
7920,100.00
7921,100.00
7922,100.00
7923,100.00
7924,100.00
7925,100.00
7926,100.00
7927,100.00
7928,100.00
7929,100.00
7930,100.00
7931,100.00
7932,100.00
7933,100.00
7934,100.00
7935,100.00
7936,100.00
7937,100.00
7938,100.00
7939,100.00
7940,100.00
7941,100.00
7942,100.00
7943,100.00
7944,100.00
7945,100.00
7946,100.00
7947,100.00
7948,100.00
7949,100.00
7950,100.00
7951,100.00
7952,100.00
7953,100.00
7954,100.00
7955,100.00
7956,100.00
7957,100.00
7958,100.00
7959,100.00
7960,100.00
7961,100.00
7962,100.00
7963,100.00
7964,100.00
7965,100.00
7966,100.00
7967,100.00
7968,100.00
7969,100.00
7970,100.00
7971,100.00
7972,100.00
7973,100.00
7974,100.00
7975,100.00
7976,100.00
7977,100.00
7978,100.00
7979,100.00
7980,100.00
7981,100.00
7982,100.00
7983,100.00
7984,100.00
7985,100.00
7986,100.00
7987,100.00
7988,100.00
7989,100.00
7990,100.00
7991,100.00
7992,100.00
7993,100.00
7994,100.00
7995,100.00
7996,100.00
7997,100.00
7998,100.00
7999,100.00
8000,100.00
8001,100.00
8002,100.00
8003,100.00
8004,100.00
8005,100.00
8006,100.00
8007,100.00
8008,100.00
8009,100.00
8010,100.00
8011,100.00
8012,100.00
8013,100.00
8014,100.00
8015,100.00
8016,100.00
8017,100.00
8018,100.00
8019,100.00
8020,100.00
8021,100.00
8022,100.00
8023,100.00
8024,100.00
8025,100.00
8026,100.00
8027,100.00
8028,100.00
8029,100.00
8030,100.00
8031,100.00
8032,100.00
8033,100.00
8034,100.00
8035,100.00
8036,100.00
8037,100.00
8038,100.00
8039,100.00
8040,100.00
8041,100.00
8042,100.00
8043,100.00
8044,100.00
8045,100.00
8046,100.00
8047,100.00
8048,100.00
8049,100.00
8050,100.00
8051,100.00
8052,100.00
8053,100.00
8054,100.00
8055,100.00
8056,100.00
8057,100.00
8058,100.00
8059,100.00
8060,100.00
8061,100.00
8062,100.00
8063,100.00
8064,100.00
8065,100.00
8066,100.00
8067,100.00
8068,100.00
8069,100.00
8070,100.00
8071,100.00
8072,100.00
8073,100.00
8074,100.00
8075,100.00
8076,100.00
8077,100.00
8078,100.00
8079,100.00
8080,100.00
8081,100.00
8082,100.00
8083,100.00
8084,100.00
8085,100.00
8086,100.00
8087,100.00
8088,100.00
8089,100.00
8090,100.00
8091,100.00
8092,100.00
8093,100.00
8094,100.00
8095,100.00
8096,100.00
8097,100.00
8098,100.00
8099,100.00
8100,100.00
8101,100.00
8102,100.00
8103,100.00
8104,100.00
8105,100.00
8106,100.00
8107,100.00
8108,100.00
8109,100.00
8110,100.00
8111,100.00
8112,100.00
8113,100.00
8114,100.00
8115,100.00
8116,100.00
8117,100.00
8118,100.00
8119,100.00
8120,100.00
8121,100.00
8122,100.00
8123,100.00
8124,100.00
8125,100.00
8126,100.00
8127,100.00
8128,100.00
8129,100.00
8130,100.00
8131,100.00
8132,100.00
8133,100.00
8134,100.00
8135,100.00
8136,100.00
8137,100.00
8138,100.00
8139,100.00
8140,100.00
8141,100.00
8142,100.00
8143,100.00
8144,100.00
8145,100.00
8146,100.00
8147,100.00
8148,100.00
8149,100.00
8150,100.00
8151,100.00
8152,100.00
8153,100.00
8154,100.00
8155,100.00
8156,100.00
8157,100.00
8158,100.00
8159,100.00
8160,100.00
8161,100.00
8162,100.00
8163,100.00
8164,100.00
8165,100.00
8166,100.00
8167,100.00
8168,100.00
8169,100.00
8170,100.00
8171,100.00
8172,100.00
8173,100.00
8174,100.00
8175,100.00
8176,100.00
8177,100.00
8178,100.00
8179,100.00
8180,100.00
8181,100.00
8182,100.00
8183,100.00
8184,100.00
8185,100.00
8186,100.00
8187,100.00
8188,100.00
8189,100.00
8190,100.00
8191,100.00
8192,100.00
8193,100.00
8194,100.00
8195,100.00
8196,100.00
8197,100.00
8198,100.00
8199,100.00
8200,100.00
8201,100.00
8202,100.00
8203,100.00
8204,100.00
8205,100.00
8206,100.00
8207,100.00
8208,100.00
8209,100.00
8210,100.00
8211,100.00
8212,100.00
8213,100.00
8214,100.00
8215,100.00
8216,100.00
8217,100.00
8218,100.00
8219,100.00
8220,100.00
8221,100.00
8222,100.00
8223,100.00
8224,100.00
8225,100.00
8226,100.00
8227,100.00
8228,100.00
8229,100.00
8230,100.00
8231,100.00
8232,100.00
8233,100.00
8234,100.00
8235,100.00
8236,100.00
8237,100.00
8238,100.00
8239,100.00
8240,100.00
8241,100.00
8242,100.00
8243,100.00
8244,100.00
8245,100.00
8246,100.00
8247,100.00
8248,100.00
8249,100.00
8250,100.00
8251,100.00
8252,100.00
8253,100.00
8254,100.00
8255,100.00
8256,100.00
8257,100.00
8258,100.00
8259,100.00
8260,100.00
8261,100.00
8262,100.00
8263,100.00
8264,100.00
8265,100.00
8266,100.00
8267,100.00
8268,100.00
8269,100.00
8270,100.00
8271,100.00
8272,100.00
8273,100.00
8274,100.00
8275,100.00
8276,100.00
8277,100.00
8278,100.00
8279,100.00
8280,100.00
8281,100.00
8282,100.00
8283,100.00
8284,100.00
8285,100.00
8286,100.00
8287,100.00
8288,100.00
8289,100.00
8290,100.00
8291,100.00
8292,100.00
8293,100.00
8294,100.00
8295,100.00
8296,100.00
8297,100.00
8298,100.00
8299,100.00
8300,100.00
8301,100.00
8302,100.00
8303,100.00
8304,100.00
8305,100.00
8306,100.00
8307,100.00
8308,100.00
8309,100.00
8310,100.00
8311,100.00
8312,100.00
8313,100.00
8314,100.00
8315,100.00
8316,100.00
8317,100.00
8318,100.00
8319,100.00
8320,100.00
8321,100.00
8322,100.00
8323,100.00
8324,100.00
8325,100.00
8326,100.00
8327,100.00
8328,100.00
8329,100.00
8330,100.00
8331,100.00
8332,100.00
8333,100.00
8334,100.00
8335,100.00
8336,100.00
8337,100.00
8338,100.00
8339,100.00
8340,100.00
8341,100.00
8342,100.00
8343,100.00
8344,100.00
8345,100.00
8346,100.00
8347,100.00
8348,100.00
8349,100.00
8350,100.00
8351,100.00
8352,100.00
8353,100.00
8354,100.00
8355,100.00
8356,100.00
8357,100.00
8358,100.00
8359,100.00
8360,100.00
8361,100.00
8362,100.00
8363,100.00
8364,100.00
8365,100.00
8366,100.00
8367,100.00
8368,100.00
8369,100.00
8370,100.00
8371,100.00
8372,100.00
8373,100.00
8374,100.00
8375,100.00
8376,100.00
8377,100.00
8378,100.00
8379,100.00
8380,100.00
8381,100.00
8382,100.00
8383,100.00
8384,100.00
8385,100.00
8386,100.00
8387,100.00
8388,100.00
8389,100.00
8390,100.00
8391,100.00
8392,100.00
8393,100.00
8394,100.00
8395,100.00
8396,100.00
8397,100.00
8398,100.00
8399,100.00
8400,100.00
8401,100.00
8402,100.00
8403,100.00
8404,100.00
8405,100.00
8406,100.00
8407,100.00
8408,100.00
8409,100.00
8410,100.00
8411,100.00
8412,100.00
8413,100.00
8414,100.00
8415,100.00
8416,100.00
8417,100.00
8418,100.00
8419,100.00
8420,100.00
8421,100.00
8422,100.00
8423,100.00
8424,100.00
8425,100.00
8426,100.00
8427,100.00
8428,100.00
8429,100.00
8430,100.00
8431,100.00
8432,100.00
8433,100.00
8434,100.00
8435,100.00
8436,100.00
8437,100.00
8438,100.00
8439,100.00
8440,100.00
8441,100.00
8442,100.00
8443,100.00
8444,100.00
8445,100.00
8446,100.00
8447,100.00
8448,100.00
8449,100.00
8450,100.00
8451,100.00
8452,100.00
8453,100.00
8454,100.00
8455,100.00
8456,100.00
8457,100.00
8458,100.00
8459,100.00
8460,100.00
8461,100.00
8462,100.00
8463,100.00
8464,100.00
8465,100.00
8466,100.00
8467,100.00
8468,100.00
8469,100.00
8470,100.00
8471,100.00
8472,100.00
8473,100.00
8474,100.00
8475,100.00
8476,100.00
8477,100.00
8478,100.00
8479,100.00
8480,100.00
8481,100.00
8482,100.00
8483,100.00
8484,100.00
8485,100.00
8486,100.00
8487,100.00
8488,100.00
8489,100.00
8490,100.00
8491,100.00
8492,100.00
8493,100.00
8494,100.00
8495,100.00
8496,100.00
8497,100.00
8498,100.00
8499,100.00
8500,100.00
8501,100.00
8502,100.00
8503,100.00
8504,100.00
8505,100.00
8506,100.00
8507,100.00
8508,100.00
8509,100.00
8510,100.00
8511,100.00
8512,100.00
8513,100.00
8514,100.00
8515,100.00
8516,100.00
8517,100.00
8518,100.00
8519,100.00
8520,100.00
8521,100.00
8522,100.00
8523,100.00
8524,100.00
8525,100.00
8526,100.00
8527,100.00
8528,100.00
8529,100.00
8530,100.00
8531,100.00
8532,100.00
8533,100.00
8534,100.00
8535,100.00
8536,100.00
8537,100.00
8538,100.00
8539,100.00
8540,100.00
8541,100.00
8542,100.00
8543,100.00
8544,100.00
8545,100.00
8546,100.00
8547,100.00
8548,100.00
8549,100.00
8550,100.00
8551,100.00
8552,100.00
8553,100.00
8554,100.00
8555,100.00
8556,100.00
8557,100.00
8558,100.00
8559,100.00
8560,100.00
8561,100.00
8562,100.00
8563,100.00
8564,100.00
8565,100.00
8566,100.00
8567,100.00
8568,100.00
8569,100.00
8570,100.00
8571,100.00
8572,100.00
8573,100.00
8574,100.00
8575,100.00
8576,100.00
8577,100.00
8578,100.00
8579,100.00
8580,100.00
8581,100.00
8582,100.00
8583,100.00
8584,100.00
8585,100.00
8586,100.00
8587,100.00
8588,100.00
8589,100.00
8590,100.00
8591,100.00
8592,100.00
8593,100.00
8594,100.00
8595,100.00
8596,100.00
8597,100.00
8598,100.00
8599,100.00
8600,100.00
8601,100.00
8602,100.00
8603,100.00
8604,100.00
8605,100.00
8606,100.00
8607,100.00
8608,100.00
8609,100.00
8610,100.00
8611,100.00
8612,100.00
8613,100.00
8614,100.00
8615,100.00
8616,100.00
8617,100.00
8618,100.00
8619,100.00
8620,100.00
8621,100.00
8622,100.00
8623,100.00
8624,100.00
8625,100.00
8626,100.00
8627,100.00
8628,100.00
8629,100.00
8630,100.00
8631,100.00
8632,100.00
8633,100.00
8634,100.00
8635,100.00
8636,100.00
8637,100.00
8638,100.00
8639,100.00
8640,100.00
8641,100.00
8642,100.00
8643,100.00
8644,100.00
8645,100.00
8646,100.00
8647,100.00
8648,100.00
8649,100.00
8650,100.00
8651,100.00
8652,100.00
8653,100.00
8654,100.00
8655,100.00
8656,100.00
8657,100.00
8658,100.00
8659,100.00
8660,100.00
8661,100.00
8662,100.00
8663,100.00
8664,100.00
8665,100.00
8666,100.00
8667,100.00
8668,100.00
8669,100.00
8670,100.00
8671,100.00
8672,100.00
8673,100.00
8674,100.00
8675,100.00
8676,100.00
8677,100.00
8678,100.00
8679,100.00
8680,100.00
8681,100.00
8682,100.00
8683,100.00
8684,100.00
8685,100.00
8686,100.00
8687,100.00
8688,100.00
8689,100.00
8690,100.00
8691,100.00
8692,100.00
8693,100.00
8694,100.00
8695,100.00
8696,100.00
8697,100.00
8698,100.00
8699,100.00
8700,100.00
8701,100.00
8702,100.00
8703,100.00
8704,100.00
8705,100.00
8706,100.00
8707,100.00
8708,100.00
8709,100.00
8710,100.00
8711,100.00
8712,100.00
8713,100.00
8714,100.00
8715,100.00
8716,100.00
8717,100.00
8718,100.00
8719,100.00
8720,100.00
8721,100.00
8722,100.00
8723,100.00
8724,100.00
8725,100.00
8726,100.00
8727,100.00
8728,100.00
8729,100.00
8730,100.00
8731,100.00
8732,100.00
8733,100.00
8734,100.00
8735,100.00
8736,100.00
8737,100.00
8738,100.00
8739,100.00
8740,100.00
8741,100.00
8742,100.00
8743,100.00
8744,100.00
8745,100.00
8746,100.00
8747,100.00
8748,100.00
8749,100.00
8750,100.00
8751,100.00
8752,100.00
8753,100.00
8754,100.00
8755,100.00
8756,100.00
8757,100.00
8758,100.00
8759,100.00
8760,100.00
8761,100.00
8762,100.00
8763,100.00
8764,100.00
8765,100.00
8766,100.00
8767,100.00
8768,100.00
8769,100.00
8770,100.00
8771,100.00
8772,100.00
8773,100.00
8774,100.00
8775,100.00
8776,100.00
8777,100.00
8778,100.00
8779,100.00
8780,100.00
8781,100.00
8782,100.00
8783,100.00
8784,100.00
8785,100.00
8786,100.00
8787,100.00
8788,100.00
8789,100.00
8790,100.00
8791,100.00
8792,100.00
8793,100.00
8794,100.00
8795,100.00
8796,100.00
8797,100.00
8798,100.00
8799,100.00
8800,100.00
8801,100.00
8802,100.00
8803,100.00
8804,100.00
8805,100.00
8806,100.00
8807,100.00
8808,100.00
8809,100.00
8810,100.00
8811,100.00
8812,100.00
8813,100.00
8814,100.00
8815,100.00
8816,100.00
8817,100.00
8818,100.00
8819,100.00
8820,100.00
8821,100.00
8822,100.00
8823,100.00
8824,100.00
8825,100.00
8826,100.00
8827,100.00
8828,100.00
8829,100.00
8830,100.00
8831,100.00
8832,100.00
8833,100.00
8834,100.00
8835,100.00
8836,100.00
8837,100.00
8838,100.00
8839,100.00
8840,100.00
8841,100.00
8842,100.00
8843,100.00
8844,100.00
8845,100.00
8846,100.00
8847,100.00
8848,100.00
8849,100.00
8850,100.00
8851,100.00
8852,100.00
8853,100.00
8854,100.00
8855,100.00
8856,100.00
8857,100.00
8858,100.00
8859,100.00
8860,100.00
8861,100.00
8862,100.00
8863,100.00
8864,100.00
8865,100.00
8866,100.00
8867,100.00
8868,100.00
8869,100.00
8870,100.00
8871,100.00
8872,100.00
8873,100.00
8874,100.00
8875,100.00
8876,100.00
8877,100.00
8878,100.00
8879,100.00
8880,100.00
8881,100.00
8882,100.00
8883,100.00
8884,100.00
8885,100.00
8886,100.00
8887,100.00
8888,100.00
8889,100.00
8890,100.00
8891,100.00
8892,100.00
8893,100.00
8894,100.00
8895,100.00
8896,100.00
8897,100.00
8898,100.00
8899,100.00
8900,100.00
8901,100.00
8902,100.00
8903,100.00
8904,100.00
8905,100.00
8906,100.00
8907,100.00
8908,100.00
8909,100.00
8910,100.00
8911,100.00
8912,100.00
8913,100.00
8914,100.00
8915,100.00
8916,100.00
8917,100.00
8918,100.00
8919,100.00
8920,100.00
8921,100.00
8922,100.00
8923,100.00
8924,100.00
8925,100.00
8926,100.00
8927,100.00
8928,100.00
8929,100.00
8930,100.00
8931,100.00
8932,100.00
8933,100.00
8934,100.00
8935,100.00
8936,100.00
8937,100.00
8938,100.00
8939,100.00
8940,100.00
8941,100.00
8942,100.00
8943,100.00
8944,100.00
8945,100.00
8946,100.00
8947,100.00
8948,100.00
8949,100.00
8950,100.00
8951,100.00
8952,100.00
8953,100.00
8954,100.00
8955,100.00
8956,100.00
8957,100.00
8958,100.00
8959,100.00
8960,100.00
8961,100.00
8962,100.00
8963,100.00
8964,100.00
8965,100.00
8966,100.00
8967,100.00
8968,100.00
8969,100.00
8970,100.00
8971,100.00
8972,100.00
8973,100.00
8974,100.00
8975,100.00
8976,100.00
8977,100.00
8978,100.00
8979,100.00
8980,100.00
8981,100.00
8982,100.00
8983,100.00
8984,100.00
8985,100.00
8986,100.00
8987,100.00
8988,100.00
8989,100.00
8990,100.00
8991,100.00
8992,100.00
8993,100.00
8994,100.00
8995,100.00
8996,100.00
8997,100.00
8998,100.00
8999,100.00
9000,100.00
9001,100.00
9002,100.00
9003,100.00
9004,100.00
9005,100.00
9006,100.00
9007,100.00
9008,100.00
9009,100.00
9010,100.00
9011,100.00
9012,100.00
9013,100.00
9014,100.00
9015,100.00
9016,100.00
9017,100.00
9018,100.00
9019,100.00
9020,100.00
9021,100.00
9022,100.00
9023,100.00
9024,100.00
9025,100.00
9026,100.00
9027,100.00
9028,100.00
9029,100.00
9030,100.00
9031,100.00
9032,100.00
9033,100.00
9034,100.00
9035,100.00
9036,100.00
9037,100.00
9038,100.00
9039,100.00
9040,100.00
9041,100.00
9042,100.00
9043,100.00
9044,100.00
9045,100.00
9046,100.00
9047,100.00
9048,100.00
9049,100.00
9050,100.00
9051,100.00
9052,100.00
9053,100.00
9054,100.00
9055,100.00
9056,100.00
9057,100.00
9058,100.00
9059,100.00
9060,100.00
9061,100.00
9062,100.00
9063,100.00
9064,100.00
9065,100.00
9066,100.00
9067,100.00
9068,100.00
9069,100.00
9070,100.00
9071,100.00
9072,100.00
9073,100.00
9074,100.00
9075,100.00
9076,100.00
9077,100.00
9078,100.00
9079,100.00
9080,100.00
9081,100.00
9082,100.00
9083,100.00
9084,100.00
9085,100.00
9086,100.00
9087,100.00
9088,100.00
9089,100.00
9090,100.00
9091,100.00
9092,100.00
9093,100.00
9094,100.00
9095,100.00
9096,100.00
9097,100.00
9098,100.00
9099,100.00
9100,100.00
9101,100.00
9102,100.00
9103,100.00
9104,100.00
9105,100.00
9106,100.00
9107,100.00
9108,100.00
9109,100.00
9110,100.00
9111,100.00
9112,100.00
9113,100.00
9114,100.00
9115,100.00
9116,100.00
9117,100.00
9118,100.00
9119,100.00
9120,100.00
9121,100.00
9122,100.00
9123,100.00
9124,100.00
9125,100.00
9126,100.00
9127,100.00
9128,100.00
9129,100.00
9130,100.00
9131,100.00
9132,100.00
9133,100.00
9134,100.00
9135,100.00
9136,100.00
9137,100.00
9138,100.00
9139,100.00
9140,100.00
9141,100.00
9142,100.00
9143,100.00
9144,100.00
9145,100.00
9146,100.00
9147,100.00
9148,100.00
9149,100.00
9150,100.00
9151,100.00
9152,100.00
9153,100.00
9154,100.00
9155,100.00
9156,100.00
9157,100.00
9158,100.00
9159,100.00
9160,100.00
9161,100.00
9162,100.00
9163,100.00
9164,100.00
9165,100.00
9166,100.00
9167,100.00
9168,100.00
9169,100.00
9170,100.00
9171,100.00
9172,100.00
9173,100.00
9174,100.00
9175,100.00
9176,100.00
9177,100.00
9178,100.00
9179,100.00
9180,100.00
9181,100.00
9182,100.00
9183,100.00
9184,100.00
9185,100.00
9186,100.00
9187,100.00
9188,100.00
9189,100.00
9190,100.00
9191,100.00
9192,100.00
9193,100.00
9194,100.00
9195,100.00
9196,100.00
9197,100.00
9198,100.00
9199,100.00
9200,100.00
9201,100.00
9202,100.00
9203,100.00
9204,100.00
9205,100.00
9206,100.00
9207,100.00
9208,100.00
9209,100.00
9210,100.00
9211,100.00
9212,100.00
9213,100.00
9214,100.00
9215,100.00
9216,100.00
9217,100.00
9218,100.00
9219,100.00
9220,100.00
9221,100.00
9222,100.00
9223,100.00
9224,100.00
9225,100.00
9226,100.00
9227,100.00
9228,100.00
9229,100.00
9230,100.00
9231,100.00
9232,100.00
9233,100.00
9234,100.00
9235,100.00
9236,100.00
9237,100.00
9238,100.00
9239,100.00
9240,100.00
9241,100.00
9242,100.00
9243,100.00
9244,100.00
9245,100.00
9246,100.00
9247,100.00
9248,100.00
9249,100.00
9250,100.00
9251,100.00
9252,100.00
9253,100.00
9254,100.00
9255,100.00
9256,100.00
9257,100.00
9258,100.00
9259,100.00
9260,100.00
9261,100.00
9262,100.00
9263,100.00
9264,100.00
9265,100.00
9266,100.00
9267,100.00
9268,100.00
9269,100.00
9270,100.00
9271,100.00
9272,100.00
9273,100.00
9274,100.00
9275,100.00
9276,100.00
9277,100.00
9278,100.00
9279,100.00
9280,100.00
9281,100.00
9282,100.00
9283,100.00
9284,100.00
9285,100.00
9286,100.00
9287,100.00
9288,100.00
9289,100.00
9290,100.00
9291,100.00
9292,100.00
9293,100.00
9294,100.00
9295,100.00
9296,100.00
9297,100.00
9298,100.00
9299,100.00
9300,100.00
9301,100.00
9302,100.00
9303,100.00
9304,100.00
9305,100.00
9306,100.00
9307,100.00
9308,100.00
9309,100.00
9310,100.00
9311,100.00
9312,100.00
9313,100.00
9314,100.00
9315,100.00
9316,100.00
9317,100.00
9318,100.00
9319,100.00
9320,100.00
9321,100.00
9322,100.00
9323,100.00
9324,100.00
9325,100.00
9326,100.00
9327,100.00
9328,100.00
9329,100.00
9330,100.00
9331,100.00
9332,100.00
9333,100.00
9334,100.00
9335,100.00
9336,100.00
9337,100.00
9338,100.00
9339,100.00
9340,100.00
9341,100.00
9342,100.00
9343,100.00
9344,100.00
9345,100.00
9346,100.00
9347,100.00
9348,100.00
9349,100.00
9350,100.00
9351,100.00
9352,100.00
9353,100.00
9354,100.00
9355,100.00
9356,100.00
9357,100.00
9358,100.00
9359,100.00
9360,100.00
9361,100.00
9362,100.00
9363,100.00
9364,100.00
9365,100.00
9366,100.00
9367,100.00
9368,100.00
9369,100.00
9370,100.00
9371,100.00
9372,100.00
9373,100.00
9374,100.00
9375,100.00
9376,100.00
9377,100.00
9378,100.00
9379,100.00
9380,100.00
9381,100.00
9382,100.00
9383,100.00
9384,100.00
9385,100.00
9386,100.00
9387,100.00
9388,100.00
9389,100.00
9390,100.00
9391,100.00
9392,100.00
9393,100.00
9394,100.00
9395,100.00
9396,100.00
9397,100.00
9398,100.00
9399,100.00
9400,100.00
9401,100.00
9402,100.00
9403,100.00
9404,100.00
9405,100.00
9406,100.00
9407,100.00
9408,100.00
9409,100.00
9410,100.00
9411,100.00
9412,100.00
9413,100.00
9414,100.00
9415,100.00
9416,100.00
9417,100.00
9418,100.00
9419,100.00
9420,100.00
9421,100.00
9422,100.00
9423,100.00
9424,100.00
9425,100.00
9426,100.00
9427,100.00
9428,100.00
9429,100.00
9430,100.00
9431,100.00
9432,100.00
9433,100.00
9434,100.00
9435,100.00
9436,100.00
9437,100.00
9438,100.00
9439,100.00
9440,100.00
9441,100.00
9442,100.00
9443,100.00
9444,100.00
9445,100.00
9446,100.00
9447,100.00
9448,100.00
9449,100.00
9450,100.00
9451,100.00
9452,100.00
9453,100.00
9454,100.00
9455,100.00
9456,100.00
9457,100.00
9458,100.00
9459,100.00
9460,100.00
9461,100.00
9462,100.00
9463,100.00
9464,100.00
9465,100.00
9466,100.00
9467,100.00
9468,100.00
9469,100.00
9470,100.00
9471,100.00
9472,100.00
9473,100.00
9474,100.00
9475,100.00
9476,100.00
9477,100.00
9478,100.00
9479,100.00
9480,100.00
9481,100.00
9482,100.00
9483,100.00
9484,100.00
9485,100.00
9486,100.00
9487,100.00
9488,100.00
9489,100.00
9490,100.00
9491,100.00
9492,100.00
9493,100.00
9494,100.00
9495,100.00
9496,100.00
9497,100.00
9498,100.00
9499,100.00
9500,100.00
9501,100.00
9502,100.00
9503,100.00
9504,100.00
9505,100.00
9506,100.00
9507,100.00
9508,100.00
9509,100.00
9510,100.00
9511,100.00
9512,100.00
9513,100.00
9514,100.00
9515,100.00
9516,100.00
9517,100.00
9518,100.00
9519,100.00
9520,100.00
9521,100.00
9522,100.00
9523,100.00
9524,100.00
9525,100.00
9526,100.00
9527,100.00
9528,100.00
9529,100.00
9530,100.00
9531,100.00
9532,100.00
9533,100.00
9534,100.00
9535,100.00
9536,100.00
9537,100.00
9538,100.00
9539,100.00
9540,100.00
9541,100.00
9542,100.00
9543,100.00
9544,100.00
9545,100.00
9546,100.00
9547,100.00
9548,100.00
9549,100.00
9550,100.00
9551,100.00
9552,100.00
9553,100.00
9554,100.00
9555,100.00
9556,100.00
9557,100.00
9558,100.00
9559,100.00
9560,100.00
9561,100.00
9562,100.00
9563,100.00
9564,100.00
9565,100.00
9566,100.00
9567,100.00
9568,100.00
9569,100.00
9570,100.00
9571,100.00
9572,100.00
9573,100.00
9574,100.00
9575,100.00
9576,100.00
9577,100.00
9578,100.00
9579,100.00
9580,100.00
9581,100.00
9582,100.00
9583,100.00
9584,100.00
9585,100.00
9586,100.00
9587,100.00
9588,100.00
9589,100.00
9590,100.00
9591,100.00
9592,100.00
9593,100.00
9594,100.00
9595,100.00
9596,100.00
9597,100.00
9598,100.00
9599,100.00
9600,100.00
9601,100.00
9602,100.00
9603,100.00
9604,100.00
9605,100.00
9606,100.00
9607,100.00
9608,100.00
9609,100.00
9610,100.00
9611,100.00
9612,100.00
9613,100.00
9614,100.00
9615,100.00
9616,100.00
9617,100.00
9618,100.00
9619,100.00
9620,100.00
9621,100.00
9622,100.00
9623,100.00
9624,100.00
9625,100.00
9626,100.00
9627,100.00
9628,100.00
9629,100.00
9630,100.00
9631,100.00
9632,100.00
9633,100.00
9634,100.00
9635,100.00
9636,100.00
9637,100.00
9638,100.00
9639,100.00
9640,100.00
9641,100.00
9642,100.00
9643,100.00
9644,100.00
9645,100.00
9646,100.00
9647,100.00
9648,100.00
9649,100.00
9650,100.00
9651,100.00
9652,100.00
9653,100.00
9654,100.00
9655,100.00
9656,100.00
9657,100.00
9658,100.00
9659,100.00
9660,100.00
9661,100.00
9662,100.00
9663,100.00
9664,100.00
9665,100.00
9666,100.00
9667,100.00
9668,100.00
9669,100.00
9670,100.00
9671,100.00
9672,100.00
9673,100.00
9674,100.00
9675,100.00
9676,100.00
9677,100.00
9678,100.00
9679,100.00
9680,100.00
9681,100.00
9682,100.00
9683,100.00
9684,100.00
9685,100.00
9686,100.00
9687,100.00
9688,100.00
9689,100.00
9690,100.00
9691,100.00
9692,100.00
9693,100.00
9694,100.00
9695,100.00
9696,100.00
9697,100.00
9698,100.00
9699,100.00
9700,100.00
9701,100.00
9702,100.00
9703,100.00
9704,100.00
9705,100.00
9706,100.00
9707,100.00
9708,100.00
9709,100.00
9710,100.00
9711,100.00
9712,100.00
9713,100.00
9714,100.00
9715,100.00
9716,100.00
9717,100.00
9718,100.00
9719,100.00
9720,100.00
9721,100.00
9722,100.00
9723,100.00
9724,100.00
9725,100.00
9726,100.00
9727,100.00
9728,100.00
9729,100.00
9730,100.00
9731,100.00
9732,100.00
9733,100.00
9734,100.00
9735,100.00
9736,100.00
9737,100.00
9738,100.00
9739,100.00
9740,100.00
9741,100.00
9742,100.00
9743,100.00
9744,100.00
9745,100.00
9746,100.00
9747,100.00
9748,100.00
9749,100.00
9750,100.00
9751,100.00
9752,100.00
9753,100.00
9754,100.00
9755,100.00
9756,100.00
9757,100.00
9758,100.00
9759,100.00
9760,100.00
9761,100.00
9762,100.00
9763,100.00
9764,100.00
9765,100.00
9766,100.00
9767,100.00
9768,100.00
9769,100.00
9770,100.00
9771,100.00
9772,100.00
9773,100.00
9774,100.00
9775,100.00
9776,100.00
9777,100.00
9778,100.00
9779,100.00
9780,100.00
9781,100.00
9782,100.00
9783,100.00
9784,100.00
9785,100.00
9786,100.00
9787,100.00
9788,100.00
9789,100.00
9790,100.00
9791,100.00
9792,100.00
9793,100.00
9794,100.00
9795,100.00
9796,100.00
9797,100.00
9798,100.00
9799,100.00
9800,100.00
9801,100.00
9802,100.00
9803,100.00
9804,100.00
9805,100.00
9806,100.00
9807,100.00
9808,100.00
9809,100.00
9810,100.00
9811,100.00
9812,100.00
9813,100.00
9814,100.00
9815,100.00
9816,100.00
9817,100.00
9818,100.00
9819,100.00
9820,100.00
9821,100.00
9822,100.00
9823,100.00
9824,100.00
9825,100.00
9826,100.00
9827,100.00
9828,100.00
9829,100.00
9830,100.00
9831,100.00
9832,100.00
9833,100.00
9834,100.00
9835,100.00
9836,100.00
9837,100.00
9838,100.00
9839,100.00
9840,100.00
9841,100.00
9842,100.00
9843,100.00
9844,100.00
9845,100.00
9846,100.00
9847,100.00
9848,100.00
9849,100.00
9850,100.00
9851,100.00
9852,100.00
9853,100.00
9854,100.00
9855,100.00
9856,100.00
9857,100.00
9858,100.00
9859,100.00
9860,100.00
9861,100.00
9862,100.00
9863,100.00
9864,100.00
9865,100.00
9866,100.00
9867,100.00
9868,100.00
9869,100.00
9870,100.00
9871,100.00
9872,100.00
9873,100.00
9874,100.00
9875,100.00
9876,100.00
9877,100.00
9878,100.00
9879,100.00
9880,100.00
9881,100.00
9882,100.00
9883,100.00
9884,100.00
9885,100.00
9886,100.00
9887,100.00
9888,100.00
9889,100.00
9890,100.00
9891,100.00
9892,100.00
9893,100.00
9894,100.00
9895,100.00
9896,100.00
9897,100.00
9898,100.00
9899,100.00
9900,100.00
9901,100.00
9902,100.00
9903,100.00
9904,100.00
9905,100.00
9906,100.00
9907,100.00
9908,100.00
9909,100.00
9910,100.00
9911,100.00
9912,100.00
9913,100.00
9914,100.00
9915,100.00
9916,100.00
9917,100.00
9918,100.00
9919,100.00
9920,100.00
9921,100.00
9922,100.00
9923,100.00
9924,100.00
9925,100.00
9926,100.00
9927,100.00
9928,100.00
9929,100.00
9930,100.00
9931,100.00
9932,100.00
9933,100.00
9934,100.00
9935,100.00
9936,100.00
9937,100.00
9938,100.00
9939,100.00
9940,100.00
9941,100.00
9942,100.00
9943,100.00
9944,100.00
9945,100.00
9946,100.00
9947,100.00
9948,100.00
9949,100.00
9950,100.00
9951,100.00
9952,100.00
9953,100.00
9954,100.00
9955,100.00
9956,100.00
9957,100.00
9958,100.00
9959,100.00
9960,100.00
9961,100.00
9962,100.00
9963,100.00
9964,100.00
9965,100.00
9966,100.00
9967,100.00
9968,100.00
9969,100.00
9970,100.00
9971,100.00
9972,100.00
9973,100.00
9974,100.00
9975,100.00
9976,100.00
9977,100.00
9978,100.00
9979,100.00
9980,100.00
9981,100.00
9982,100.00
9983,100.00
9984,100.00
9985,100.00
9986,100.00
9987,100.00
9988,100.00
9989,100.00
9990,100.00
9991,100.00
9992,100.00
9993,100.00
9994,100.00
9995,100.00
9996,100.00
9997,100.00
9998,100.00
9999,100.00
10000,100.00
10001,100.00
10002,100.00
10003,100.00
10004,100.00
10005,100.00
10006,100.00
10007,100.00
10008,100.00
10009,100.00
10010,100.00
10011,100.00
10012,100.00
10013,100.00
10014,100.00
10015,100.00
10016,100.00
10017,100.00
10018,100.00
10019,100.00
10020,100.00
10021,100.00
10022,100.00
10023,100.00
10024,100.00
10025,100.00
10026,100.00
10027,100.00
10028,100.00
10029,100.00
10030,100.00
10031,100.00
10032,100.00
10033,100.00
10034,100.00
10035,100.00
10036,100.00
10037,100.00
10038,100.00
10039,100.00
10040,100.00
10041,100.00
10042,100.00
10043,100.00
10044,100.00
10045,100.00
10046,100.00
10047,100.00
10048,100.00
10049,100.00
10050,100.00
10051,100.00
10052,100.00
10053,100.00
10054,100.00
10055,100.00
10056,100.00
10057,100.00
10058,100.00
10059,100.00
10060,100.00
10061,100.00
10062,100.00
10063,100.00
10064,100.00
10065,100.00
10066,100.00
10067,100.00
10068,100.00
10069,100.00
10070,100.00
10071,100.00
10072,100.00
10073,100.00
10074,100.00
10075,100.00
10076,100.00
10077,100.00
10078,100.00
10079,100.00
10080,100.00
10081,100.00
10082,100.00
10083,100.00
10084,100.00
10085,100.00
10086,100.00
10087,100.00
10088,100.00
10089,100.00
10090,100.00
10091,100.00
10092,100.00
10093,100.00
10094,100.00
10095,100.00
10096,100.00
10097,100.00
10098,100.00
10099,100.00
10100,100.00
10101,100.00
10102,100.00
10103,100.00
10104,100.00
10105,100.00
10106,100.00
10107,100.00
10108,100.00
10109,100.00
10110,100.00
10111,100.00
10112,100.00
10113,100.00
10114,100.00
10115,100.00
10116,100.00
10117,100.00
10118,100.00
10119,100.00
10120,100.00
10121,100.00
10122,100.00
10123,100.00
10124,100.00
10125,100.00
10126,100.00
10127,100.00
10128,100.00
10129,100.00
10130,100.00
10131,100.00
10132,100.00
10133,100.00
10134,100.00
10135,100.00
10136,100.00
10137,100.00
10138,100.00
10139,100.00
10140,100.00
10141,100.00
10142,100.00
10143,100.00
10144,100.00
10145,100.00
10146,100.00
10147,100.00
10148,100.00
10149,100.00
10150,100.00
10151,100.00
10152,100.00
10153,100.00
10154,100.00
10155,100.00
10156,100.00
10157,100.00
10158,100.00
10159,100.00
10160,100.00
10161,100.00
10162,100.00
10163,100.00
10164,100.00
10165,100.00
10166,100.00
10167,100.00
10168,100.00
10169,100.00
10170,100.00
10171,100.00
10172,100.00
10173,100.00
10174,100.00
10175,100.00
10176,100.00
10177,100.00
10178,100.00
10179,100.00
10180,100.00
10181,100.00
10182,100.00
10183,100.00
10184,100.00
10185,100.00
10186,100.00
10187,100.00
10188,100.00
10189,100.00
10190,100.00
10191,100.00
10192,100.00
10193,100.00
10194,100.00
10195,100.00
10196,100.00
10197,100.00
10198,100.00
10199,100.00
10200,100.00
10201,100.00
10202,100.00
10203,100.00
10204,100.00
10205,100.00
10206,100.00
10207,100.00
10208,100.00
10209,100.00
10210,100.00
10211,100.00
10212,100.00
10213,100.00
10214,100.00
10215,100.00
10216,100.00
10217,100.00
10218,100.00
10219,100.00
10220,100.00
10221,100.00
10222,100.00
10223,100.00
10224,100.00
10225,100.00
10226,100.00
10227,100.00
10228,100.00
10229,100.00
10230,100.00
10231,100.00
10232,100.00
10233,100.00
10234,100.00
10235,100.00
10236,100.00
10237,100.00
10238,100.00
10239,100.00
10240,100.00
10241,100.00
10242,100.00
10243,100.00
10244,100.00
10245,100.00
10246,100.00
10247,100.00
10248,100.00
10249,100.00
10250,100.00
10251,100.00
10252,100.00
10253,100.00
10254,100.00
10255,100.00
10256,100.00
10257,100.00
10258,100.00
10259,100.00
10260,100.00
10261,100.00
10262,100.00
10263,100.00
10264,100.00
10265,100.00
10266,100.00
10267,100.00
10268,100.00
10269,100.00
10270,100.00
10271,100.00
10272,100.00
10273,100.00
10274,100.00
10275,100.00
10276,100.00
10277,100.00
10278,100.00
10279,100.00
10280,100.00
10281,100.00
10282,100.00
10283,100.00
10284,100.00
10285,100.00
10286,100.00
10287,100.00
10288,100.00
10289,100.00
10290,100.00
10291,100.00
10292,100.00
10293,100.00
10294,100.00
10295,100.00
10296,100.00
10297,100.00
10298,100.00
10299,100.00
10300,100.00
10301,100.00
10302,100.00
10303,100.00
10304,100.00
10305,100.00
10306,100.00
10307,100.00
10308,100.00
10309,100.00
10310,100.00
10311,100.00
10312,100.00
10313,100.00
10314,100.00
10315,100.00
10316,100.00
10317,100.00
10318,100.00
10319,100.00
10320,100.00
10321,100.00
10322,100.00
10323,100.00
10324,100.00
10325,100.00
10326,100.00
10327,100.00
10328,100.00
10329,100.00
10330,100.00
10331,100.00
10332,100.00
10333,100.00
10334,100.00
10335,100.00
10336,100.00
10337,100.00
10338,100.00
10339,100.00
10340,100.00
10341,100.00
10342,100.00
10343,100.00
10344,100.00
10345,100.00
10346,100.00
10347,100.00
10348,100.00
10349,100.00
10350,100.00
10351,100.00
10352,100.00
10353,100.00
10354,100.00
10355,100.00
10356,100.00
10357,100.00
10358,100.00
10359,100.00
10360,100.00
10361,100.00
10362,100.00
10363,100.00
10364,100.00
10365,100.00
10366,100.00
10367,100.00
10368,100.00
10369,100.00
10370,100.00
10371,100.00
10372,100.00
10373,100.00
10374,100.00
10375,100.00
10376,100.00
10377,100.00
10378,100.00
10379,100.00
10380,100.00
10381,100.00
10382,100.00
10383,100.00
10384,100.00
10385,100.00
10386,100.00
10387,100.00
10388,100.00
10389,100.00
10390,100.00
10391,100.00
10392,100.00
10393,100.00
10394,100.00
10395,100.00
10396,100.00
10397,100.00
10398,100.00
10399,100.00
10400,100.00
10401,100.00
10402,100.00
10403,100.00
10404,100.00
10405,100.00
10406,100.00
10407,100.00
10408,100.00
10409,100.00
10410,100.00
10411,100.00
10412,100.00
10413,100.00
10414,100.00
10415,100.00
10416,100.00
10417,100.00
10418,100.00
10419,100.00
10420,100.00
10421,100.00
10422,100.00
10423,100.00
10424,100.00
10425,100.00
10426,100.00
10427,100.00
10428,100.00
10429,100.00
10430,100.00
10431,100.00
10432,100.00
10433,100.00
10434,100.00
10435,100.00
10436,100.00
10437,100.00
10438,100.00
10439,100.00
10440,100.00
10441,100.00
10442,100.00
10443,100.00
10444,100.00
10445,100.00
10446,100.00
10447,100.00
10448,100.00
10449,100.00
10450,100.00
10451,100.00
10452,100.00
10453,100.00
10454,100.00
10455,100.00
10456,100.00
10457,100.00
10458,100.00
10459,100.00
10460,100.00
10461,100.00
10462,100.00
10463,100.00
10464,100.00
10465,100.00
10466,100.00
10467,100.00
10468,100.00
10469,100.00
10470,100.00
10471,100.00
10472,100.00
10473,100.00
10474,100.00
10475,100.00
10476,100.00
10477,100.00
10478,100.00
10479,100.00
10480,100.00
10481,100.00
10482,100.00
10483,100.00
10484,100.00
10485,100.00
10486,100.00
10487,100.00
10488,100.00
10489,100.00
10490,100.00
10491,100.00
10492,100.00
10493,100.00
10494,100.00
10495,100.00
10496,100.00
10497,100.00
10498,100.00
10499,100.00
10500,100.00
10501,100.00
10502,100.00
10503,100.00
10504,100.00
10505,100.00
10506,100.00
10507,100.00
10508,100.00
10509,100.00
10510,100.00
10511,100.00
10512,100.00
10513,100.00
10514,100.00
10515,100.00
10516,100.00
10517,100.00
10518,100.00
10519,100.00
10520,100.00
10521,100.00
10522,100.00
10523,100.00
10524,100.00
10525,100.00
10526,100.00
10527,100.00
10528,100.00
10529,100.00
10530,100.00
10531,100.00
10532,100.00
10533,100.00
10534,100.00
10535,100.00
10536,100.00
10537,100.00
10538,100.00
10539,100.00
10540,100.00
10541,100.00
10542,100.00
10543,100.00
10544,100.00
10545,100.00
10546,100.00
10547,100.00
10548,100.00
10549,100.00
10550,100.00
10551,100.00
10552,100.00
10553,100.00
10554,100.00
10555,100.00
10556,100.00
10557,100.00
10558,100.00
10559,100.00
10560,100.00
10561,100.00
10562,100.00
10563,100.00
10564,100.00
10565,100.00
10566,100.00
10567,100.00
10568,100.00
10569,100.00
10570,100.00
10571,100.00
10572,100.00
10573,100.00
10574,100.00
10575,100.00
10576,100.00
10577,100.00
10578,100.00
10579,100.00
10580,100.00
10581,100.00
10582,100.00
10583,100.00
10584,100.00
10585,100.00
10586,100.00
10587,100.00
10588,100.00
10589,100.00
10590,100.00
10591,100.00
10592,100.00
10593,100.00
10594,100.00
10595,100.00
10596,100.00
10597,100.00
10598,100.00
10599,100.00
10600,100.00
10601,100.00
10602,100.00
10603,100.00
10604,100.00
10605,100.00
10606,100.00
10607,100.00
10608,100.00
10609,100.00
10610,100.00
10611,100.00
10612,100.00
10613,100.00
10614,100.00
10615,100.00
10616,100.00
10617,100.00
10618,100.00
10619,100.00
10620,100.00
10621,100.00
10622,100.00
10623,100.00
10624,100.00
10625,100.00
10626,100.00
10627,100.00
10628,100.00
10629,100.00
10630,100.00
10631,100.00
10632,100.00
10633,100.00
10634,100.00
10635,100.00
10636,100.00
10637,100.00
10638,100.00
10639,100.00
10640,100.00
10641,100.00
10642,100.00
10643,100.00
10644,100.00
10645,100.00
10646,100.00
10647,100.00
10648,100.00
10649,100.00
10650,100.00
10651,100.00
10652,100.00
10653,100.00
10654,100.00
10655,100.00
10656,100.00
10657,100.00
10658,100.00
10659,100.00
10660,100.00
10661,100.00
10662,100.00
10663,100.00
10664,100.00
10665,100.00
10666,100.00
10667,100.00
10668,100.00
10669,100.00
10670,100.00
10671,100.00
10672,100.00
10673,100.00
10674,100.00
10675,100.00
10676,100.00
10677,100.00
10678,100.00
10679,100.00
10680,100.00
10681,100.00
10682,100.00
10683,100.00
10684,100.00
10685,100.00
10686,100.00
10687,100.00
10688,100.00
10689,100.00
10690,100.00
10691,100.00
10692,100.00
10693,100.00
10694,100.00
10695,100.00
10696,100.00
10697,100.00
10698,100.00
10699,100.00
10700,100.00
10701,100.00
10702,100.00
10703,100.00
10704,100.00
10705,100.00
10706,100.00
10707,100.00
10708,100.00
10709,100.00
10710,100.00
10711,100.00
10712,100.00
10713,100.00
10714,100.00
10715,100.00
10716,100.00
10717,100.00
10718,100.00
10719,100.00
10720,100.00
10721,100.00
10722,100.00
10723,100.00
10724,100.00
10725,100.00
10726,100.00
10727,100.00
10728,100.00
10729,100.00
10730,100.00
10731,100.00
10732,100.00
10733,100.00
10734,100.00
10735,100.00
10736,100.00
10737,100.00
10738,100.00
10739,100.00
10740,100.00
10741,100.00
10742,100.00
10743,100.00
10744,100.00
10745,100.00
10746,100.00
10747,100.00
10748,100.00
10749,100.00
10750,100.00
10751,100.00
10752,100.00
10753,100.00
10754,100.00
10755,100.00
10756,100.00
10757,100.00
10758,100.00
10759,100.00
10760,100.00
10761,100.00
10762,100.00
10763,100.00
10764,100.00
10765,100.00
10766,100.00
10767,100.00
10768,100.00
10769,100.00
10770,100.00
10771,100.00
10772,100.00
10773,100.00
10774,100.00
10775,100.00
10776,100.00
10777,100.00
10778,100.00
10779,100.00
10780,100.00
10781,100.00
10782,100.00
10783,100.00
10784,100.00
10785,100.00
10786,100.00
10787,100.00
10788,100.00
10789,100.00
10790,100.00
10791,100.00
10792,100.00
10793,100.00
10794,100.00
10795,100.00
10796,100.00
10797,100.00
10798,100.00
10799,100.00
10800,100.00
10801,100.00
10802,100.00
10803,100.00
10804,100.00
10805,100.00
10806,100.00
10807,100.00
10808,100.00
10809,100.00
10810,100.00
10811,100.00
10812,100.00
10813,100.00
10814,100.00
10815,100.00
10816,100.00
10817,100.00
10818,100.00
10819,100.00
10820,100.00
10821,100.00
10822,100.00
10823,100.00
10824,100.00
10825,100.00
10826,100.00
10827,100.00
10828,100.00
10829,100.00
10830,100.00
10831,100.00
10832,100.00
10833,100.00
10834,100.00
10835,100.00
10836,100.00
10837,100.00
10838,100.00
10839,100.00
10840,100.00
10841,100.00
10842,100.00
10843,100.00
10844,100.00
10845,100.00
10846,100.00
10847,100.00
10848,100.00
10849,100.00
10850,100.00
10851,100.00
10852,100.00
10853,100.00
10854,100.00
10855,100.00
10856,100.00
10857,100.00
10858,100.00
10859,100.00
10860,100.00
10861,100.00
10862,100.00
10863,100.00
10864,100.00
10865,100.00
10866,100.00
10867,100.00
10868,100.00
10869,100.00
10870,100.00
10871,100.00
10872,100.00
10873,100.00
10874,100.00
10875,100.00
10876,100.00
10877,100.00
10878,100.00
10879,100.00
10880,100.00
10881,100.00
10882,100.00
10883,100.00
10884,100.00
10885,100.00
10886,100.00
10887,100.00
10888,100.00
10889,100.00
10890,100.00
10891,100.00
10892,100.00
10893,100.00
10894,100.00
10895,100.00
10896,100.00
10897,100.00
10898,100.00
10899,100.00
10900,100.00
10901,100.00
10902,100.00
10903,100.00
10904,100.00
10905,100.00
10906,100.00
10907,100.00
10908,100.00
10909,100.00
10910,100.00
10911,100.00
10912,100.00
10913,100.00
10914,100.00
10915,100.00
10916,100.00
10917,100.00
10918,100.00
10919,100.00
10920,100.00
10921,100.00
10922,100.00
10923,100.00
10924,100.00
10925,100.00
10926,100.00
10927,100.00
10928,100.00
10929,100.00
10930,100.00
10931,100.00
10932,100.00
10933,100.00
10934,100.00
10935,100.00
10936,100.00
10937,100.00
10938,100.00
10939,100.00
10940,100.00
10941,100.00
10942,100.00
10943,100.00
10944,100.00
10945,100.00
10946,100.00
10947,100.00
10948,100.00
10949,100.00
10950,100.00
10951,100.00
10952,100.00
10953,100.00
10954,100.00
10955,100.00
10956,100.00
10957,100.00
10958,100.00
10959,100.00
10960,100.00
10961,100.00
10962,100.00
10963,100.00
10964,100.00
10965,100.00
10966,100.00
10967,100.00
10968,100.00
10969,100.00
10970,100.00
10971,100.00
10972,100.00
10973,100.00
10974,100.00
10975,100.00
10976,100.00
10977,100.00
10978,100.00
10979,100.00
10980,100.00
10981,100.00
10982,100.00
10983,100.00
10984,100.00
10985,100.00
10986,100.00
10987,100.00
10988,100.00
10989,100.00
10990,100.00
10991,100.00
10992,100.00
10993,100.00
10994,100.00
10995,100.00
10996,100.00
10997,100.00
10998,100.00
10999,100.00
11000,100.00
11001,100.00
11002,100.00
11003,100.00
11004,100.00
11005,100.00
11006,100.00
11007,100.00
11008,100.00
11009,100.00
11010,100.00
11011,100.00
11012,100.00
11013,100.00
11014,100.00
11015,100.00
11016,100.00
11017,100.00
11018,100.00
11019,100.00
11020,100.00
11021,100.00
11022,100.00
11023,100.00
11024,100.00
11025,100.00
11026,100.00
11027,100.00
11028,100.00
11029,100.00
11030,100.00
11031,100.00
11032,100.00
11033,100.00
11034,100.00
11035,100.00
11036,100.00
11037,100.00
11038,100.00
11039,100.00
11040,100.00
11041,100.00
11042,100.00
11043,100.00
11044,100.00
11045,100.00
11046,100.00
11047,100.00
11048,100.00
11049,100.00
11050,100.00
11051,100.00
11052,100.00
11053,100.00
11054,100.00
11055,100.00
11056,100.00
11057,100.00
11058,100.00
11059,100.00
11060,100.00
11061,100.00
11062,100.00
11063,100.00
11064,100.00
11065,100.00
11066,100.00
11067,100.00
11068,100.00
11069,100.00
11070,100.00
11071,100.00
11072,100.00
11073,100.00
11074,100.00
11075,100.00
11076,100.00
11077,100.00
11078,100.00
11079,100.00
11080,100.00
11081,100.00
11082,100.00
11083,100.00
11084,100.00
11085,100.00
11086,100.00
11087,100.00
11088,100.00
11089,100.00
11090,100.00
11091,100.00
11092,100.00
11093,100.00
11094,100.00
11095,100.00
11096,100.00
11097,100.00
11098,100.00
11099,100.00
11100,100.00
11101,100.00
11102,100.00
11103,100.00
11104,100.00
11105,100.00
11106,100.00
11107,100.00
11108,100.00
11109,100.00
11110,100.00
11111,100.00
11112,100.00
11113,100.00
11114,100.00
11115,100.00
11116,100.00
11117,100.00
11118,100.00
11119,100.00
11120,100.00
11121,100.00
11122,100.00
11123,100.00
11124,100.00
11125,100.00
11126,100.00
11127,100.00
11128,100.00
11129,100.00
11130,100.00
11131,100.00
11132,100.00
11133,100.00
11134,100.00
11135,100.00
11136,100.00
11137,100.00
11138,100.00
11139,100.00
11140,100.00
11141,100.00
11142,100.00
11143,100.00
11144,100.00
11145,100.00
11146,100.00
11147,100.00
11148,100.00
11149,100.00
11150,100.00
11151,100.00
11152,100.00
11153,100.00
11154,100.00
11155,100.00
11156,100.00
11157,100.00
11158,100.00
11159,100.00
11160,100.00
11161,100.00
11162,100.00
11163,100.00
11164,100.00
11165,100.00
11166,100.00
11167,100.00
11168,100.00
11169,100.00
11170,100.00
11171,100.00
11172,100.00
11173,100.00
11174,100.00
11175,100.00
11176,100.00
11177,100.00
11178,100.00
11179,100.00
11180,100.00
11181,100.00
11182,100.00
11183,100.00
11184,100.00
11185,100.00
11186,100.00
11187,100.00
11188,100.00
11189,100.00
11190,100.00
11191,100.00
11192,100.00
11193,100.00
11194,100.00
11195,100.00
11196,100.00
11197,100.00
11198,100.00
11199,100.00
11200,100.00
11201,100.00
11202,100.00
11203,100.00
11204,100.00
11205,100.00
11206,100.00
11207,100.00
11208,100.00
11209,100.00
11210,100.00
11211,100.00
11212,100.00
11213,100.00
11214,100.00
11215,100.00
11216,100.00
11217,100.00
11218,100.00
11219,100.00
11220,100.00
11221,100.00
11222,100.00
11223,100.00
11224,100.00
11225,100.00
11226,100.00
11227,100.00
11228,100.00
11229,100.00
11230,100.00
11231,100.00
11232,100.00
11233,100.00
11234,100.00
11235,100.00
11236,100.00
11237,100.00
11238,100.00
11239,100.00
11240,100.00
11241,100.00
11242,100.00
11243,100.00
11244,100.00
11245,100.00
11246,100.00
11247,100.00
11248,100.00
11249,100.00
11250,100.00
11251,100.00
11252,100.00
11253,100.00
11254,100.00
11255,100.00
11256,100.00
11257,100.00
11258,100.00
11259,100.00
11260,100.00
11261,100.00
11262,100.00
11263,100.00
11264,100.00
11265,100.00
11266,100.00
11267,100.00
11268,100.00
11269,100.00
11270,100.00
11271,100.00
11272,100.00
11273,100.00
11274,100.00
11275,100.00
11276,100.00
11277,100.00
11278,100.00
11279,100.00
11280,100.00
11281,100.00
11282,100.00
11283,100.00
11284,100.00
11285,100.00
11286,100.00
11287,100.00
11288,100.00
11289,100.00
11290,100.00
11291,100.00
11292,100.00
11293,100.00
11294,100.00
11295,100.00
11296,100.00
11297,100.00
11298,100.00
11299,100.00
11300,100.00
11301,100.00
11302,100.00
11303,100.00
11304,100.00
11305,100.00
11306,100.00
11307,100.00
11308,100.00
11309,100.00
11310,100.00
11311,100.00
11312,100.00
11313,100.00
11314,100.00
11315,100.00
11316,100.00
11317,100.00
11318,100.00
11319,100.00
11320,100.00
11321,100.00
11322,100.00
11323,100.00
11324,100.00
11325,100.00
11326,100.00
11327,100.00
11328,100.00
11329,100.00
11330,100.00
11331,100.00
11332,100.00
11333,100.00
11334,100.00
11335,100.00
11336,100.00
11337,100.00
11338,100.00
11339,100.00
11340,100.00
11341,100.00
11342,100.00
11343,100.00
11344,100.00
11345,100.00
11346,100.00
11347,100.00
11348,100.00
11349,100.00
11350,100.00
11351,100.00
11352,100.00
11353,100.00
11354,100.00
11355,100.00
11356,100.00
11357,100.00
11358,100.00
11359,100.00
11360,100.00
11361,100.00
11362,100.00
11363,100.00
11364,100.00
11365,100.00
11366,100.00
11367,100.00
11368,100.00
11369,100.00
11370,100.00
11371,100.00
11372,100.00
11373,100.00
11374,100.00
11375,100.00
11376,100.00
11377,100.00
11378,100.00
11379,100.00
11380,100.00
11381,100.00
11382,100.00
11383,100.00
11384,100.00
11385,100.00
11386,100.00
11387,100.00
11388,100.00
11389,100.00
11390,100.00
11391,100.00
11392,100.00
11393,100.00
11394,100.00
11395,100.00
11396,100.00
11397,100.00
11398,100.00
11399,100.00
11400,100.00
11401,100.00
11402,100.00
11403,100.00
11404,100.00
11405,100.00
11406,100.00
11407,100.00
11408,100.00
11409,100.00
11410,100.00
11411,100.00
11412,100.00
11413,100.00
11414,100.00
11415,100.00
11416,100.00
11417,100.00
11418,100.00
11419,100.00
11420,100.00
11421,100.00
11422,100.00
11423,100.00
11424,100.00
11425,100.00
11426,100.00
11427,100.00
11428,100.00
11429,100.00
11430,100.00
11431,100.00
11432,100.00
11433,100.00
11434,100.00
11435,100.00
11436,100.00
11437,100.00
11438,100.00
11439,100.00
11440,100.00
11441,100.00
11442,100.00
11443,100.00
11444,100.00
11445,100.00
11446,100.00
11447,100.00
11448,100.00
11449,100.00
11450,100.00
11451,100.00
11452,100.00
11453,100.00
11454,100.00
11455,100.00
11456,100.00
11457,100.00
11458,100.00
11459,100.00
11460,100.00
11461,100.00
11462,100.00
11463,100.00
11464,100.00
11465,100.00
11466,100.00
11467,100.00
11468,100.00
11469,100.00
11470,100.00
11471,100.00
11472,100.00
11473,100.00
11474,100.00
11475,100.00
11476,100.00
11477,100.00
11478,100.00
11479,100.00
11480,100.00
11481,100.00
11482,100.00
11483,100.00
11484,100.00
11485,100.00
11486,100.00
11487,100.00
11488,100.00
11489,100.00
11490,100.00
11491,100.00
11492,100.00
11493,100.00
11494,100.00
11495,100.00
11496,100.00
11497,100.00
11498,100.00
11499,100.00
11500,100.00
11501,100.00
11502,100.00
11503,100.00
11504,100.00
11505,100.00
11506,100.00
11507,100.00
11508,100.00
11509,100.00
11510,100.00
11511,100.00
11512,100.00
11513,100.00
11514,100.00
11515,100.00
11516,100.00
11517,100.00
11518,100.00
11519,100.00
11520,100.00
11521,100.00
11522,100.00
11523,100.00
11524,100.00
11525,100.00
11526,100.00
11527,100.00
11528,100.00
11529,100.00
11530,100.00
11531,100.00
11532,100.00
11533,100.00
11534,100.00
11535,100.00
11536,100.00
11537,100.00
11538,100.00
11539,100.00
11540,100.00
11541,100.00
11542,100.00
11543,100.00
11544,100.00
11545,100.00
11546,100.00
11547,100.00
11548,100.00
11549,100.00
11550,100.00
11551,100.00
11552,100.00
11553,100.00
11554,100.00
11555,100.00
11556,100.00
11557,100.00
11558,100.00
11559,100.00
11560,100.00
11561,100.00
11562,100.00
11563,100.00
11564,100.00
11565,100.00
11566,100.00
11567,100.00
11568,100.00
11569,100.00
11570,100.00
11571,100.00
11572,100.00
11573,100.00
11574,100.00
11575,100.00
11576,100.00
11577,100.00
11578,100.00
11579,100.00
11580,100.00
11581,100.00
11582,100.00
11583,100.00
11584,100.00
11585,100.00
11586,100.00
11587,100.00
11588,100.00
11589,100.00
11590,100.00
11591,100.00
11592,100.00
11593,100.00
11594,100.00
11595,100.00
11596,100.00
11597,100.00
11598,100.00
11599,100.00
11600,100.00
11601,100.00
11602,100.00
11603,100.00
11604,100.00
11605,100.00
11606,100.00
11607,100.00
11608,100.00
11609,100.00
11610,100.00
11611,100.00
11612,100.00
11613,100.00
11614,100.00
11615,100.00
11616,100.00
11617,100.00
11618,100.00
11619,100.00
11620,100.00
11621,100.00
11622,100.00
11623,100.00
11624,100.00
11625,100.00
11626,100.00
11627,100.00
11628,100.00
11629,100.00
11630,100.00
11631,100.00
11632,100.00
11633,100.00
11634,100.00
11635,100.00
11636,100.00
11637,100.00
11638,100.00
11639,100.00
11640,100.00
11641,100.00
11642,100.00
11643,100.00
11644,100.00
11645,100.00
11646,100.00
11647,100.00
11648,100.00
11649,100.00
11650,100.00
11651,100.00
11652,100.00
11653,100.00
11654,100.00
11655,100.00
11656,100.00
11657,100.00
11658,100.00
11659,100.00
11660,100.00
11661,100.00
11662,100.00
11663,100.00
11664,100.00
11665,100.00
11666,100.00
11667,100.00
11668,100.00
11669,100.00
11670,100.00
11671,100.00
11672,100.00
11673,100.00
11674,100.00
11675,100.00
11676,100.00
11677,100.00
11678,100.00
11679,100.00
11680,100.00
11681,100.00
11682,100.00
11683,100.00
11684,100.00
11685,100.00
11686,100.00
11687,100.00
11688,100.00
11689,100.00
11690,100.00
11691,100.00
11692,100.00
11693,100.00
11694,100.00
11695,100.00
11696,100.00
11697,100.00
11698,100.00
11699,100.00
11700,100.00
11701,100.00
11702,100.00
11703,100.00
11704,100.00
11705,100.00
11706,100.00
11707,100.00
11708,100.00
11709,100.00
11710,100.00
11711,100.00
11712,100.00
11713,100.00
11714,100.00
11715,100.00
11716,100.00
11717,100.00
11718,100.00
11719,100.00
11720,100.00
11721,100.00
11722,100.00
11723,100.00
11724,100.00
11725,100.00
11726,100.00
11727,100.00
11728,100.00
11729,100.00
11730,100.00
11731,100.00
11732,100.00
11733,100.00
11734,100.00
11735,100.00
11736,100.00
11737,100.00
11738,100.00
11739,100.00
11740,100.00
11741,100.00
11742,100.00
11743,100.00
11744,100.00
11745,100.00
11746,100.00
11747,100.00
11748,100.00
11749,100.00
11750,100.00
11751,100.00
11752,100.00
11753,100.00
11754,100.00
11755,100.00
11756,100.00
11757,100.00
11758,100.00
11759,100.00
11760,100.00
11761,100.00
11762,100.00
11763,100.00
11764,100.00
11765,100.00
11766,100.00
11767,100.00
11768,100.00
11769,100.00
11770,100.00
11771,100.00
11772,100.00
11773,100.00
11774,100.00
11775,100.00
11776,100.00
11777,100.00
11778,100.00
11779,100.00
11780,100.00
11781,100.00
11782,100.00
11783,100.00
11784,100.00
11785,100.00
11786,100.00
11787,100.00
11788,100.00
11789,100.00
11790,100.00
11791,100.00
11792,100.00
11793,100.00
11794,100.00
11795,100.00
11796,100.00
11797,100.00
11798,100.00
11799,100.00
11800,100.00
11801,100.00
11802,100.00
11803,100.00
11804,100.00
11805,100.00
11806,100.00
11807,100.00
11808,100.00
11809,100.00
11810,100.00
11811,100.00
11812,100.00
11813,100.00
11814,100.00
11815,100.00
11816,100.00
11817,100.00
11818,100.00
11819,100.00
11820,100.00
11821,100.00
11822,100.00
11823,100.00
11824,100.00
11825,100.00
11826,100.00
11827,100.00
11828,100.00
11829,100.00
11830,100.00
11831,100.00
11832,100.00
11833,100.00
11834,100.00
11835,100.00
11836,100.00
11837,100.00
11838,100.00
11839,100.00
11840,100.00
11841,100.00
11842,100.00
11843,100.00
11844,100.00
11845,100.00
11846,100.00
11847,100.00
11848,100.00
11849,100.00
11850,100.00
11851,100.00
11852,100.00
11853,100.00
11854,100.00
11855,100.00
11856,100.00
11857,100.00
11858,100.00
11859,100.00
11860,100.00
11861,100.00
11862,100.00
11863,100.00
11864,100.00
11865,100.00
11866,100.00
11867,100.00
11868,100.00
11869,100.00
11870,100.00
11871,100.00
11872,100.00
11873,100.00
11874,100.00
11875,100.00
11876,100.00
11877,100.00
11878,100.00
11879,100.00
11880,100.00
11881,100.00
11882,100.00
11883,100.00
11884,100.00
11885,100.00
11886,100.00
11887,100.00
11888,100.00
11889,100.00
11890,100.00
11891,100.00
11892,100.00
11893,100.00
11894,100.00
11895,100.00
11896,100.00
11897,100.00
11898,100.00
11899,100.00
11900,100.00
11901,100.00
11902,100.00
11903,100.00
11904,100.00
11905,100.00
11906,100.00
11907,100.00
11908,100.00
11909,100.00
11910,100.00
11911,100.00
11912,100.00
11913,100.00
11914,100.00
11915,100.00
11916,100.00
11917,100.00
11918,100.00
11919,100.00
11920,100.00
11921,100.00
11922,100.00
11923,100.00
11924,100.00
11925,100.00
11926,100.00
11927,100.00
11928,100.00
11929,100.00
11930,100.00
11931,100.00
11932,100.00
11933,100.00
11934,100.00
11935,100.00
11936,100.00
11937,100.00
11938,100.00
11939,100.00
11940,100.00
11941,100.00
11942,100.00
11943,100.00
11944,100.00
11945,100.00
11946,100.00
11947,100.00
11948,100.00
11949,100.00
11950,100.00
11951,100.00
11952,100.00
11953,100.00
11954,100.00
11955,100.00
11956,100.00
11957,100.00
11958,100.00
11959,100.00
11960,100.00
11961,100.00
11962,100.00
11963,100.00
11964,100.00
11965,100.00
11966,100.00
11967,100.00
11968,100.00
11969,100.00
11970,100.00
11971,100.00
11972,100.00
11973,100.00
11974,100.00
11975,100.00
11976,100.00
11977,100.00
11978,100.00
11979,100.00
11980,100.00
11981,100.00
11982,100.00
11983,100.00
11984,100.00
11985,100.00
11986,100.00
11987,100.00
11988,100.00
11989,100.00
11990,100.00
11991,100.00
11992,100.00
11993,100.00
11994,100.00
11995,100.00
11996,100.00
11997,100.00
11998,100.00
11999,100.00
12000,100.00
12001,100.00
12002,100.00
12003,100.00
12004,100.00
12005,100.00
12006,100.00
12007,100.00
12008,100.00
12009,100.00
12010,100.00
12011,100.00
12012,100.00
12013,100.00
12014,100.00
12015,100.00
12016,100.00
12017,100.00
12018,100.00
12019,100.00
12020,100.00
12021,100.00
12022,100.00
12023,100.00
12024,100.00
12025,100.00
12026,100.00
12027,100.00
12028,100.00
12029,100.00
12030,100.00
12031,100.00
12032,100.00
12033,100.00
12034,100.00
12035,100.00
12036,100.00
12037,100.00
12038,100.00
12039,100.00
12040,100.00
12041,100.00
12042,100.00
12043,100.00
12044,100.00
12045,100.00
12046,100.00
12047,100.00
12048,100.00
12049,100.00
12050,100.00
12051,100.00
12052,100.00
12053,100.00
12054,100.00
12055,100.00
12056,100.00
12057,100.00
12058,100.00
12059,100.00
12060,100.00
12061,100.00
12062,100.00
12063,100.00
12064,100.00
12065,100.00
12066,100.00
12067,100.00
12068,100.00
12069,100.00
12070,100.00
12071,100.00
12072,100.00
12073,100.00
12074,100.00
12075,100.00
12076,100.00
12077,100.00
12078,100.00
12079,100.00
12080,100.00
12081,100.00
12082,100.00
12083,100.00
12084,100.00
12085,100.00
12086,100.00
12087,100.00
12088,100.00
12089,100.00
12090,100.00
12091,100.00
12092,100.00
12093,100.00
12094,100.00
12095,100.00
12096,100.00
12097,100.00
12098,100.00
12099,100.00
12100,100.00
12101,100.00
12102,100.00
12103,100.00
12104,100.00
12105,100.00
12106,100.00
12107,100.00
12108,100.00
12109,100.00
12110,100.00
12111,100.00
12112,100.00
12113,100.00
12114,100.00
12115,100.00
12116,100.00
12117,100.00
12118,100.00
12119,100.00
12120,100.00
12121,100.00
12122,100.00
12123,100.00
12124,100.00
12125,100.00
12126,100.00
12127,100.00
12128,100.00
12129,100.00
12130,100.00
12131,100.00
12132,100.00
12133,100.00
12134,100.00
12135,100.00
12136,100.00
12137,100.00
12138,100.00
12139,100.00
12140,100.00
12141,100.00
12142,100.00
12143,100.00
12144,100.00
12145,100.00
12146,100.00
12147,100.00
12148,100.00
12149,100.00
12150,100.00
12151,100.00
12152,100.00
12153,100.00
12154,100.00
12155,100.00
12156,100.00
12157,100.00
12158,100.00
12159,100.00
12160,100.00
12161,100.00
12162,100.00
12163,100.00
12164,100.00
12165,100.00
12166,100.00
12167,100.00
12168,100.00
12169,100.00
12170,100.00
12171,100.00
12172,100.00
12173,100.00
12174,100.00
12175,100.00
12176,100.00
12177,100.00
12178,100.00
12179,100.00
12180,100.00
12181,100.00
12182,100.00
12183,100.00
12184,100.00
12185,100.00
12186,100.00
12187,100.00
12188,100.00
12189,100.00
12190,100.00
12191,100.00
12192,100.00
12193,100.00
12194,100.00
12195,100.00
12196,100.00
12197,100.00
12198,100.00
12199,100.00
12200,100.00
12201,100.00
12202,100.00
12203,100.00
12204,100.00
12205,100.00
12206,100.00
12207,100.00
12208,100.00
12209,100.00
12210,100.00
12211,100.00
12212,100.00
12213,100.00
12214,100.00
12215,100.00
12216,100.00
12217,100.00
12218,100.00
12219,100.00
12220,100.00
12221,100.00
12222,100.00
12223,100.00
12224,100.00
12225,100.00
12226,100.00
12227,100.00
12228,100.00
12229,100.00
12230,100.00
12231,100.00
12232,100.00
12233,100.00
12234,100.00
12235,100.00
12236,100.00
12237,100.00
12238,100.00
12239,100.00
12240,100.00
12241,100.00
12242,100.00
12243,100.00
12244,100.00
12245,100.00
12246,100.00
12247,100.00
12248,100.00
12249,100.00
12250,100.00
12251,100.00
12252,100.00
12253,100.00
12254,100.00
12255,100.00
12256,100.00
12257,100.00
12258,100.00
12259,100.00
12260,100.00
12261,100.00
12262,100.00
12263,100.00
12264,100.00
12265,100.00
12266,100.00
12267,100.00
12268,100.00
12269,100.00
12270,100.00
12271,100.00
12272,100.00
12273,100.00
12274,100.00
12275,100.00
12276,100.00
12277,100.00
12278,100.00
12279,100.00
12280,100.00
12281,100.00
12282,100.00
12283,100.00
12284,100.00
12285,100.00
12286,100.00
12287,100.00
12288,100.00
12289,100.00
12290,100.00
12291,100.00
12292,100.00
12293,100.00
12294,100.00
12295,100.00
12296,100.00
12297,100.00
12298,100.00
12299,100.00
12300,100.00
12301,100.00
12302,100.00
12303,100.00
12304,100.00
12305,100.00
12306,100.00
12307,100.00
12308,100.00
12309,100.00
12310,100.00
12311,100.00
12312,100.00
12313,100.00
12314,100.00
12315,100.00
12316,100.00
12317,100.00
12318,100.00
12319,100.00
12320,100.00
12321,100.00
12322,100.00
12323,100.00
12324,100.00
12325,100.00
12326,100.00
12327,100.00
12328,100.00
12329,100.00
12330,100.00
12331,100.00
12332,100.00
12333,100.00
12334,100.00
12335,100.00
12336,100.00
12337,100.00
12338,100.00
12339,100.00
12340,100.00
12341,100.00
12342,100.00
12343,100.00
12344,100.00
12345,100.00
12346,100.00
12347,100.00
12348,100.00
12349,100.00
12350,100.00
12351,100.00
12352,100.00
12353,100.00
12354,100.00
12355,100.00
12356,100.00
12357,100.00
12358,100.00
12359,100.00
12360,100.00
12361,100.00
12362,100.00
12363,100.00
12364,100.00
12365,100.00
12366,100.00
12367,100.00
12368,100.00
12369,100.00
12370,100.00
12371,100.00
12372,100.00
12373,100.00
12374,100.00
12375,100.00
12376,100.00
12377,100.00
12378,100.00
12379,100.00
12380,100.00
12381,100.00
12382,100.00
12383,100.00
12384,100.00
12385,100.00
12386,100.00
12387,100.00
12388,100.00
12389,100.00
12390,100.00
12391,100.00
12392,100.00
12393,100.00
12394,100.00
12395,100.00
12396,100.00
12397,100.00
12398,100.00
12399,100.00
12400,100.00
12401,100.00
12402,100.00
12403,100.00
12404,100.00
12405,100.00
12406,100.00
12407,100.00
12408,100.00
12409,100.00
12410,100.00
12411,100.00
12412,100.00
12413,100.00
12414,100.00
12415,100.00
12416,100.00
12417,100.00
12418,100.00
12419,100.00
12420,100.00
12421,100.00
12422,100.00
12423,100.00
12424,100.00
12425,100.00
12426,100.00
12427,100.00
12428,100.00
12429,100.00
12430,100.00
12431,100.00
12432,100.00
12433,100.00
12434,100.00
12435,100.00
12436,100.00
12437,100.00
12438,100.00
12439,100.00
12440,100.00
12441,100.00
12442,100.00
12443,100.00
12444,100.00
12445,100.00
12446,100.00
12447,100.00
12448,100.00
12449,100.00
12450,100.00
12451,100.00
12452,100.00
12453,100.00
12454,100.00
12455,100.00
12456,100.00
12457,100.00
12458,100.00
12459,100.00
12460,100.00
12461,100.00
12462,100.00
12463,100.00
12464,100.00
12465,100.00
12466,100.00
12467,100.00
12468,100.00
12469,100.00
12470,100.00
12471,100.00
12472,100.00
12473,100.00
12474,100.00
12475,100.00
12476,100.00
12477,100.00
12478,100.00
12479,100.00
12480,100.00
12481,100.00
12482,100.00
12483,100.00
12484,100.00
12485,100.00
12486,100.00
12487,100.00
12488,100.00
12489,100.00
12490,100.00
12491,100.00
12492,100.00
12493,100.00
12494,100.00
12495,100.00
12496,100.00
12497,100.00
12498,100.00
12499,100.00
12500,100.00
12501,100.00
12502,100.00
12503,100.00
12504,100.00
12505,100.00
12506,100.00
12507,100.00
12508,100.00
12509,100.00
12510,100.00
12511,100.00
12512,100.00
12513,100.00
12514,100.00
12515,100.00
12516,100.00
12517,100.00
12518,100.00
12519,100.00
12520,100.00
12521,100.00
12522,100.00
12523,100.00
12524,100.00
12525,100.00
12526,100.00
12527,100.00
12528,100.00
12529,100.00
12530,100.00
12531,100.00
12532,100.00
12533,100.00
12534,100.00
12535,100.00
12536,100.00
12537,100.00
12538,100.00
12539,100.00
12540,100.00
12541,100.00
12542,100.00
12543,100.00
12544,100.00
12545,100.00
12546,100.00
12547,100.00
12548,100.00
12549,100.00
12550,100.00
12551,100.00
12552,100.00
12553,100.00
12554,100.00
12555,100.00
12556,100.00
12557,100.00
12558,100.00
12559,100.00
12560,100.00
12561,100.00
12562,100.00
12563,100.00
12564,100.00
12565,100.00
12566,100.00
12567,100.00
12568,100.00
12569,100.00
12570,100.00
12571,100.00
12572,100.00
12573,100.00
12574,100.00
12575,100.00
12576,100.00
12577,100.00
12578,100.00
12579,100.00
12580,100.00
12581,100.00
12582,100.00
12583,100.00
12584,100.00
12585,100.00
12586,100.00
12587,100.00
12588,100.00
12589,100.00
12590,100.00
12591,100.00
12592,100.00
12593,100.00
12594,100.00
12595,100.00
12596,100.00
12597,100.00
12598,100.00
12599,100.00
12600,100.00
12601,100.00
12602,100.00
12603,100.00
12604,100.00
12605,100.00
12606,100.00
12607,100.00
12608,100.00
12609,100.00
12610,100.00
12611,100.00
12612,100.00
12613,100.00
12614,100.00
12615,100.00
12616,100.00
12617,100.00
12618,100.00
12619,100.00
12620,100.00
12621,100.00
12622,100.00
12623,100.00
12624,100.00
12625,100.00
12626,100.00
12627,100.00
12628,100.00
12629,100.00
12630,100.00
12631,100.00
12632,100.00
12633,100.00
12634,100.00
12635,100.00
12636,100.00
12637,100.00
12638,100.00
12639,100.00
12640,100.00
12641,100.00
12642,100.00
12643,100.00
12644,100.00
12645,100.00
12646,100.00
12647,100.00
12648,100.00
12649,100.00
12650,100.00
12651,100.00
12652,100.00
12653,100.00
12654,100.00
12655,100.00
12656,100.00
12657,100.00
12658,100.00
12659,100.00
12660,100.00
12661,100.00
12662,100.00
12663,100.00
12664,100.00
12665,100.00
12666,100.00
12667,100.00
12668,100.00
12669,100.00
12670,100.00
12671,100.00
12672,100.00
12673,100.00
12674,100.00
12675,100.00
12676,100.00
12677,100.00
12678,100.00
12679,100.00
12680,100.00
12681,100.00
12682,100.00
12683,100.00
12684,100.00
12685,100.00
12686,100.00
12687,100.00
12688,100.00
12689,100.00
12690,100.00
12691,100.00
12692,100.00
12693,100.00
12694,100.00
12695,100.00
12696,100.00
12697,100.00
12698,100.00
12699,100.00
12700,100.00
12701,100.00
12702,100.00
12703,100.00
12704,100.00
12705,100.00
12706,100.00
12707,100.00
12708,100.00
12709,100.00
12710,100.00
12711,100.00
12712,100.00
12713,100.00
12714,100.00
12715,100.00
12716,100.00
12717,100.00
12718,100.00
12719,100.00
12720,100.00
12721,100.00
12722,100.00
12723,100.00
12724,100.00
12725,100.00
12726,100.00
12727,100.00
12728,100.00
12729,100.00
12730,100.00
12731,100.00
12732,100.00
12733,100.00
12734,100.00
12735,100.00
12736,100.00
12737,100.00
12738,100.00
12739,100.00
12740,100.00
12741,100.00
12742,100.00
12743,100.00
12744,100.00
12745,100.00
12746,100.00
12747,100.00
12748,100.00
12749,100.00
12750,100.00
12751,100.00
12752,100.00
12753,100.00
12754,100.00
12755,100.00
12756,100.00
12757,100.00
12758,100.00
12759,100.00
12760,100.00
12761,100.00
12762,100.00
12763,100.00
12764,100.00
12765,100.00
12766,100.00
12767,100.00
12768,100.00
12769,100.00
12770,100.00
12771,100.00
12772,100.00
12773,100.00
12774,100.00
12775,100.00
12776,100.00
12777,100.00
12778,100.00
12779,100.00
12780,100.00
12781,100.00
12782,100.00
12783,100.00
12784,100.00
12785,100.00
12786,100.00
12787,100.00
12788,100.00
12789,100.00
12790,100.00
12791,100.00
12792,100.00
12793,100.00
12794,100.00
12795,100.00
12796,100.00
12797,100.00
12798,100.00
12799,100.00
12800,100.00
12801,100.00
12802,100.00
12803,100.00
12804,100.00
12805,100.00
12806,100.00
12807,100.00
12808,100.00
12809,100.00
12810,100.00
12811,100.00
12812,100.00
12813,100.00
12814,100.00
12815,100.00
12816,100.00
12817,100.00
12818,100.00
12819,100.00
12820,100.00
12821,100.00
12822,100.00
12823,100.00
12824,100.00
12825,100.00
12826,100.00
12827,100.00
12828,100.00
12829,100.00
12830,100.00
12831,100.00
12832,100.00
12833,100.00
12834,100.00
12835,100.00
12836,100.00
12837,100.00
12838,100.00
12839,100.00
12840,100.00
12841,100.00
12842,100.00
12843,100.00
12844,100.00
12845,100.00
12846,100.00
12847,100.00
12848,100.00
12849,100.00
12850,100.00
12851,100.00
12852,100.00
12853,100.00
12854,100.00
12855,100.00
12856,100.00
12857,100.00
12858,100.00
12859,100.00
12860,100.00
12861,100.00
12862,100.00
12863,100.00
12864,100.00
12865,100.00
12866,100.00
12867,100.00
12868,100.00
12869,100.00
12870,100.00
12871,100.00
12872,100.00
12873,100.00
12874,100.00
12875,100.00
12876,100.00
12877,100.00
12878,100.00
12879,100.00
12880,100.00
12881,100.00
12882,100.00
12883,100.00
12884,100.00
12885,100.00
12886,100.00
12887,100.00
12888,100.00
12889,100.00
12890,100.00
12891,100.00
12892,100.00
12893,100.00
12894,100.00
12895,100.00
12896,100.00
12897,100.00
12898,100.00
12899,100.00
12900,100.00
12901,100.00
12902,100.00
12903,100.00
12904,100.00
12905,100.00
12906,100.00
12907,100.00
12908,100.00
12909,100.00
12910,100.00
12911,100.00
12912,100.00
12913,100.00
12914,100.00
12915,100.00
12916,100.00
12917,100.00
12918,100.00
12919,100.00
12920,100.00
12921,100.00
12922,100.00
12923,100.00
12924,100.00
12925,100.00
12926,100.00
12927,100.00
12928,100.00
12929,100.00
12930,100.00
12931,100.00
12932,100.00
12933,100.00
12934,100.00
12935,100.00
12936,100.00
12937,100.00
12938,100.00
12939,100.00
12940,100.00
12941,100.00
12942,100.00
12943,100.00
12944,100.00
12945,100.00
12946,100.00
12947,100.00
12948,100.00
12949,100.00
12950,100.00
12951,100.00
12952,100.00
12953,100.00
12954,100.00
12955,100.00
12956,100.00
12957,100.00
12958,100.00
12959,100.00
12960,100.00
12961,100.00
12962,100.00
12963,100.00
12964,100.00
12965,100.00
12966,100.00
12967,100.00
12968,100.00
12969,100.00
12970,100.00
12971,100.00
12972,100.00
12973,100.00
12974,100.00
12975,100.00
12976,100.00
12977,100.00
12978,100.00
12979,100.00
12980,100.00
12981,100.00
12982,100.00
12983,100.00
12984,100.00
12985,100.00
12986,100.00
12987,100.00
12988,100.00
12989,100.00
12990,100.00
12991,100.00
12992,100.00
12993,100.00
12994,100.00
12995,100.00
12996,100.00
12997,100.00
12998,100.00
12999,100.00
13000,100.00
13001,100.00
13002,100.00
13003,100.00
13004,100.00
13005,100.00
13006,100.00
13007,100.00
13008,100.00
13009,100.00
13010,100.00
13011,100.00
13012,100.00
13013,100.00
13014,100.00
13015,100.00
13016,100.00
13017,100.00
13018,100.00
13019,100.00
13020,100.00
13021,100.00
13022,100.00
13023,100.00
13024,100.00
13025,100.00
13026,100.00
13027,100.00
13028,100.00
13029,100.00
13030,100.00
13031,100.00
13032,100.00
13033,100.00
13034,100.00
13035,100.00
13036,100.00
13037,100.00
13038,100.00
13039,100.00
13040,100.00
13041,100.00
13042,100.00
13043,100.00
13044,100.00
13045,100.00
13046,100.00
13047,100.00
13048,100.00
13049,100.00
13050,100.00
13051,100.00
13052,100.00
13053,100.00
13054,100.00
13055,100.00
13056,100.00
13057,100.00
13058,100.00
13059,100.00
13060,100.00
13061,100.00
13062,100.00
13063,100.00
13064,100.00
13065,100.00
13066,100.00
13067,100.00
13068,100.00
13069,100.00
13070,100.00
13071,100.00
13072,100.00
13073,100.00
13074,100.00
13075,100.00
13076,100.00
13077,100.00
13078,100.00
13079,100.00
13080,100.00
13081,100.00
13082,100.00
13083,100.00
13084,100.00
13085,100.00
13086,100.00
13087,100.00
13088,100.00
13089,100.00
13090,100.00
13091,100.00
13092,100.00
13093,100.00
13094,100.00
13095,100.00
13096,100.00
13097,100.00
13098,100.00
13099,100.00
13100,100.00
13101,100.00
13102,100.00
13103,100.00
13104,100.00
13105,100.00
13106,100.00
13107,100.00
13108,100.00
13109,100.00
13110,100.00
13111,100.00
13112,100.00
13113,100.00
13114,100.00
13115,100.00
13116,100.00
13117,100.00
13118,100.00
13119,100.00
13120,100.00
13121,100.00
13122,100.00
13123,100.00
13124,100.00
13125,100.00
13126,100.00
13127,100.00
13128,100.00
13129,100.00
13130,100.00
13131,100.00
13132,100.00
13133,100.00
13134,100.00
13135,100.00
13136,100.00
13137,100.00
13138,100.00
13139,100.00
13140,100.00
13141,100.00
13142,100.00
13143,100.00
13144,100.00
13145,100.00
13146,100.00
13147,100.00
13148,100.00
13149,100.00
13150,100.00
13151,100.00
13152,100.00
13153,100.00
13154,100.00
13155,100.00
13156,100.00
13157,100.00
13158,100.00
13159,100.00
13160,100.00
13161,100.00
13162,100.00
13163,100.00
13164,100.00
13165,100.00
13166,100.00
13167,100.00
13168,100.00
13169,100.00
13170,100.00
13171,100.00
13172,100.00
13173,100.00
13174,100.00
13175,100.00
13176,100.00
13177,100.00
13178,100.00
13179,100.00
13180,100.00
13181,100.00
13182,100.00
13183,100.00
13184,100.00
13185,100.00
13186,100.00
13187,100.00
13188,100.00
13189,100.00
13190,100.00
13191,100.00
13192,100.00
13193,100.00
13194,100.00
13195,100.00
13196,100.00
13197,100.00
13198,100.00
13199,100.00
13200,100.00
13201,100.00
13202,100.00
13203,100.00
13204,100.00
13205,100.00
13206,100.00
13207,100.00
13208,100.00
13209,100.00
13210,100.00
13211,100.00
13212,100.00
13213,100.00
13214,100.00
13215,100.00
13216,100.00
13217,100.00
13218,100.00
13219,100.00
13220,100.00
13221,100.00
13222,100.00
13223,100.00
13224,100.00
13225,100.00
13226,100.00
13227,100.00
13228,100.00
13229,100.00
13230,100.00
13231,100.00
13232,100.00
13233,100.00
13234,100.00
13235,100.00
13236,100.00
13237,100.00
13238,100.00
13239,100.00
13240,100.00
13241,100.00
13242,100.00
13243,100.00
13244,100.00
13245,100.00
13246,100.00
13247,100.00
13248,100.00
13249,100.00
13250,100.00
13251,100.00
13252,100.00
13253,100.00
13254,100.00
13255,100.00
13256,100.00
13257,100.00
13258,100.00
13259,100.00
13260,100.00
13261,100.00
13262,100.00
13263,100.00
13264,100.00
13265,100.00
13266,100.00
13267,100.00
13268,100.00
13269,100.00
13270,100.00
13271,100.00
13272,100.00
13273,100.00
13274,100.00
13275,100.00
13276,100.00
13277,100.00
13278,100.00
13279,100.00
13280,100.00
13281,100.00
13282,100.00
13283,100.00
13284,100.00
13285,100.00
13286,100.00
13287,100.00
13288,100.00
13289,100.00
13290,100.00
13291,100.00
13292,100.00
13293,100.00
13294,100.00
13295,100.00
13296,100.00
13297,100.00
13298,100.00
13299,100.00
13300,100.00
13301,100.00
13302,100.00
13303,100.00
13304,100.00
13305,100.00
13306,100.00
13307,100.00
13308,100.00
13309,100.00
13310,100.00
13311,100.00
13312,100.00
13313,100.00
13314,100.00
13315,100.00
13316,100.00
13317,100.00
13318,100.00
13319,100.00
13320,100.00
13321,100.00
13322,100.00
13323,100.00
13324,100.00
13325,100.00
13326,100.00
13327,100.00
13328,100.00
13329,100.00
13330,100.00
13331,100.00
13332,100.00
13333,100.00
13334,100.00
13335,100.00
13336,100.00
13337,100.00
13338,100.00
13339,100.00
13340,100.00
13341,100.00
13342,100.00
13343,100.00
13344,100.00
13345,100.00
13346,100.00
13347,100.00
13348,100.00
13349,100.00
13350,100.00
13351,100.00
13352,100.00
13353,100.00
13354,100.00
13355,100.00
13356,100.00
13357,100.00
13358,100.00
13359,100.00
13360,100.00
13361,100.00
13362,100.00
13363,100.00
13364,100.00
13365,100.00
13366,100.00
13367,100.00
13368,100.00
13369,100.00
13370,100.00
13371,100.00
13372,100.00
13373,100.00
13374,100.00
13375,100.00
13376,100.00
13377,100.00
13378,100.00
13379,100.00
13380,100.00
13381,100.00
13382,100.00
13383,100.00
13384,100.00
13385,100.00
13386,100.00
13387,100.00
13388,100.00
13389,100.00
13390,100.00
13391,100.00
13392,100.00
13393,100.00
13394,100.00
13395,100.00
13396,100.00
13397,100.00
13398,100.00
13399,100.00
13400,100.00
13401,100.00
13402,100.00
13403,100.00
13404,100.00
13405,100.00
13406,100.00
13407,100.00
13408,100.00
13409,100.00
13410,100.00
13411,100.00
13412,100.00
13413,100.00
13414,100.00
13415,100.00
13416,100.00
13417,100.00
13418,100.00
13419,100.00
13420,100.00
13421,100.00
13422,100.00
13423,100.00
13424,100.00
13425,100.00
13426,100.00
13427,100.00
13428,100.00
13429,100.00
13430,100.00
13431,100.00
13432,100.00
13433,100.00
13434,100.00
13435,100.00
13436,100.00
13437,100.00
13438,100.00
13439,100.00
13440,100.00
13441,100.00
13442,100.00
13443,100.00
13444,100.00
13445,100.00
13446,100.00
13447,100.00
13448,100.00
13449,100.00
13450,100.00
13451,100.00
13452,100.00
13453,100.00
13454,100.00
13455,100.00
13456,100.00
13457,100.00
13458,100.00
13459,100.00
13460,100.00
13461,100.00
13462,100.00
13463,100.00
13464,100.00
13465,100.00
13466,100.00
13467,100.00
13468,100.00
13469,100.00
13470,100.00
13471,100.00
13472,100.00
13473,100.00
13474,100.00
13475,100.00
13476,100.00
13477,100.00
13478,100.00
13479,100.00
13480,100.00
13481,100.00
13482,100.00
13483,100.00
13484,100.00
13485,100.00
13486,100.00
13487,100.00
13488,100.00
13489,100.00
13490,100.00
13491,100.00
13492,100.00
13493,100.00
13494,100.00
13495,100.00
13496,100.00
13497,100.00
13498,100.00
13499,100.00
13500,100.00
13501,100.00
13502,100.00
13503,100.00
13504,100.00
13505,100.00
13506,100.00
13507,100.00
13508,100.00
13509,100.00
13510,100.00
13511,100.00
13512,100.00
13513,100.00
13514,100.00
13515,100.00
13516,100.00
13517,100.00
13518,100.00
13519,100.00
13520,100.00
13521,100.00
13522,100.00
13523,100.00
13524,100.00
13525,100.00
13526,100.00
13527,100.00
13528,100.00
13529,100.00
13530,100.00
13531,100.00
13532,100.00
13533,100.00
13534,100.00
13535,100.00
13536,100.00
13537,100.00
13538,100.00
13539,100.00
13540,100.00
13541,100.00
13542,100.00
13543,100.00
13544,100.00
13545,100.00
13546,100.00
13547,100.00
13548,100.00
13549,100.00
13550,100.00
13551,100.00
13552,100.00
13553,100.00
13554,100.00
13555,100.00
13556,100.00
13557,100.00
13558,100.00
13559,100.00
13560,100.00
13561,100.00
13562,100.00
13563,100.00
13564,100.00
13565,100.00
13566,100.00
13567,100.00
13568,100.00
13569,100.00
13570,100.00
13571,100.00
13572,100.00
13573,100.00
13574,100.00
13575,100.00
13576,100.00
13577,100.00
13578,100.00
13579,100.00
13580,100.00
13581,100.00
13582,100.00
13583,100.00
13584,100.00
13585,100.00
13586,100.00
13587,100.00
13588,100.00
13589,100.00
13590,100.00
13591,100.00
13592,100.00
13593,100.00
13594,100.00
13595,100.00
13596,100.00
13597,100.00
13598,100.00
13599,100.00
13600,100.00
13601,100.00
13602,100.00
13603,100.00
13604,100.00
13605,100.00
13606,100.00
13607,100.00
13608,100.00
13609,100.00
13610,100.00
13611,100.00
13612,100.00
13613,100.00
13614,100.00
13615,100.00
13616,100.00
13617,100.00
13618,100.00
13619,100.00
13620,100.00
13621,100.00
13622,100.00
13623,100.00
13624,100.00
13625,100.00
13626,100.00
13627,100.00
13628,100.00
13629,100.00
13630,100.00
13631,100.00
13632,100.00
13633,100.00
13634,100.00
13635,100.00
13636,100.00
13637,100.00
13638,100.00
13639,100.00
13640,100.00
13641,100.00
13642,100.00
13643,100.00
13644,100.00
13645,100.00
13646,100.00
13647,100.00
13648,100.00
13649,100.00
13650,100.00
13651,100.00
13652,100.00
13653,100.00
13654,100.00
13655,100.00
13656,100.00
13657,100.00
13658,100.00
13659,100.00
13660,100.00
13661,100.00
13662,100.00
13663,100.00
13664,100.00
13665,100.00
13666,100.00
13667,100.00
13668,100.00
13669,100.00
13670,100.00
13671,100.00
13672,100.00
13673,100.00
13674,100.00
13675,100.00
13676,100.00
13677,100.00
13678,100.00
13679,100.00
13680,100.00
13681,100.00
13682,100.00
13683,100.00
13684,100.00
13685,100.00
13686,100.00
13687,100.00
13688,100.00
13689,100.00
13690,100.00
13691,100.00
13692,100.00
13693,100.00
13694,100.00
13695,100.00
13696,100.00
13697,100.00
13698,100.00
13699,100.00
13700,100.00
13701,100.00
13702,100.00
13703,100.00
13704,100.00
13705,100.00
13706,100.00
13707,100.00
13708,100.00
13709,100.00
13710,100.00
13711,100.00
13712,100.00
13713,100.00
13714,100.00
13715,100.00
13716,100.00
13717,100.00
13718,100.00
13719,100.00
13720,100.00
13721,100.00
13722,100.00
13723,100.00
13724,100.00
13725,100.00
13726,100.00
13727,100.00
13728,100.00
13729,100.00
13730,100.00
13731,100.00
13732,100.00
13733,100.00
13734,100.00
13735,100.00
13736,100.00
13737,100.00
13738,100.00
13739,100.00
13740,100.00
13741,100.00
13742,100.00
13743,100.00
13744,100.00
13745,100.00
13746,100.00
13747,100.00
13748,100.00
13749,100.00
13750,100.00
13751,100.00
13752,100.00
13753,100.00
13754,100.00
13755,100.00
13756,100.00
13757,100.00
13758,100.00
13759,100.00
13760,100.00
13761,100.00
13762,100.00
13763,100.00
13764,100.00
13765,100.00
13766,100.00
13767,100.00
13768,100.00
13769,100.00
13770,100.00
13771,100.00
13772,100.00
13773,100.00
13774,100.00
13775,100.00
13776,100.00
13777,100.00
13778,100.00
13779,100.00
13780,100.00
13781,100.00
13782,100.00
13783,100.00
13784,100.00
13785,100.00
13786,100.00
13787,100.00
13788,100.00
13789,100.00
13790,100.00
13791,100.00
13792,100.00
13793,100.00
13794,100.00
13795,100.00
13796,100.00
13797,100.00
13798,100.00
13799,100.00
13800,100.00
13801,100.00
13802,100.00
13803,100.00
13804,100.00
13805,100.00
13806,100.00
13807,100.00
13808,100.00
13809,100.00
13810,100.00
13811,100.00
13812,100.00
13813,100.00
13814,100.00
13815,100.00
13816,100.00
13817,100.00
13818,100.00
13819,100.00
13820,100.00
13821,100.00
13822,100.00
13823,100.00
13824,100.00
13825,100.00
13826,100.00
13827,100.00
13828,100.00
13829,100.00
13830,100.00
13831,100.00
13832,100.00
13833,100.00
13834,100.00
13835,100.00
13836,100.00
13837,100.00
13838,100.00
13839,100.00
13840,100.00
13841,100.00
13842,100.00
13843,100.00
13844,100.00
13845,100.00
13846,100.00
13847,100.00
13848,100.00
13849,100.00
13850,100.00
13851,100.00
13852,100.00
13853,100.00
13854,100.00
13855,100.00
13856,100.00
13857,100.00
13858,100.00
13859,100.00
13860,100.00
13861,100.00
13862,100.00
13863,100.00
13864,100.00
13865,100.00
13866,100.00
13867,100.00
13868,100.00
13869,100.00
13870,100.00
13871,100.00
13872,100.00
13873,100.00
13874,100.00
13875,100.00
13876,100.00
13877,100.00
13878,100.00
13879,100.00
13880,100.00
13881,100.00
13882,100.00
13883,100.00
13884,100.00
13885,100.00
13886,100.00
13887,100.00
13888,100.00
13889,100.00
13890,100.00
13891,100.00
13892,100.00
13893,100.00
13894,100.00
13895,100.00
13896,100.00
13897,100.00
13898,100.00
13899,100.00
13900,100.00
13901,100.00
13902,100.00
13903,100.00
13904,100.00
13905,100.00
13906,100.00
13907,100.00
13908,100.00
13909,100.00
13910,100.00
13911,100.00
13912,100.00
13913,100.00
13914,100.00
13915,100.00
13916,100.00
13917,100.00
13918,100.00
13919,100.00
13920,100.00
13921,100.00
13922,100.00
13923,100.00
13924,100.00
13925,100.00
13926,100.00
13927,100.00
13928,100.00
13929,100.00
13930,100.00
13931,100.00
13932,100.00
13933,100.00
13934,100.00
13935,100.00
13936,100.00
13937,100.00
13938,100.00
13939,100.00
13940,100.00
13941,100.00
13942,100.00
13943,100.00
13944,100.00
13945,100.00
13946,100.00
13947,100.00
13948,100.00
13949,100.00
13950,100.00
13951,100.00
13952,100.00
13953,100.00
13954,100.00
13955,100.00
13956,100.00
13957,100.00
13958,100.00
13959,100.00
13960,100.00
13961,100.00
13962,100.00
13963,100.00
13964,100.00
13965,100.00
13966,100.00
13967,100.00
13968,100.00
13969,100.00
13970,100.00
13971,100.00
13972,100.00
13973,100.00
13974,100.00
13975,100.00
13976,100.00
13977,100.00
13978,100.00
13979,100.00
13980,100.00
13981,100.00
13982,100.00
13983,100.00
13984,100.00
13985,100.00
13986,100.00
13987,100.00
13988,100.00
13989,100.00
13990,100.00
13991,100.00
13992,100.00
13993,100.00
13994,100.00
13995,100.00
13996,100.00
13997,100.00
13998,100.00
13999,100.00
14000,100.00
14001,100.00
14002,100.00
14003,100.00
14004,100.00
14005,100.00
14006,100.00
14007,100.00
14008,100.00
14009,100.00
14010,100.00
14011,100.00
14012,100.00
14013,100.00
14014,100.00
14015,100.00
14016,100.00
14017,100.00
14018,100.00
14019,100.00
14020,100.00
14021,100.00
14022,100.00
14023,100.00
14024,100.00
14025,100.00
14026,100.00
14027,100.00
14028,100.00
14029,100.00
14030,100.00
14031,100.00
14032,100.00
14033,100.00
14034,100.00
14035,100.00
14036,100.00
14037,100.00
14038,100.00
14039,100.00
14040,100.00
14041,100.00
14042,100.00
14043,100.00
14044,100.00
14045,100.00
14046,100.00
14047,100.00
14048,100.00
14049,100.00
14050,100.00
14051,100.00
14052,100.00
14053,100.00
14054,100.00
14055,100.00
14056,100.00
14057,100.00
14058,100.00
14059,100.00
14060,100.00
14061,100.00
14062,100.00
14063,100.00
14064,100.00
14065,100.00
14066,100.00
14067,100.00
14068,100.00
14069,100.00
14070,100.00
14071,100.00
14072,100.00
14073,100.00
14074,100.00
14075,100.00
14076,100.00
14077,100.00
14078,100.00
14079,100.00
14080,100.00
14081,100.00
14082,100.00
14083,100.00
14084,100.00
14085,100.00
14086,100.00
14087,100.00
14088,100.00
14089,100.00
14090,100.00
14091,100.00
14092,100.00
14093,100.00
14094,100.00
14095,100.00
14096,100.00
14097,100.00
14098,100.00
14099,100.00
14100,100.00
14101,100.00
14102,100.00
14103,100.00
14104,100.00
14105,100.00
14106,100.00
14107,100.00
14108,100.00
14109,100.00
14110,100.00
14111,100.00
14112,100.00
14113,100.00
14114,100.00
14115,100.00
14116,100.00
14117,100.00
14118,100.00
14119,100.00
14120,100.00
14121,100.00
14122,100.00
14123,100.00
14124,100.00
14125,100.00
14126,100.00
14127,100.00
14128,100.00
14129,100.00
14130,100.00
14131,100.00
14132,100.00
14133,100.00
14134,100.00
14135,100.00
14136,100.00
14137,100.00
14138,100.00
14139,100.00
14140,100.00
14141,100.00
14142,100.00
14143,100.00
14144,100.00
14145,100.00
14146,100.00
14147,100.00
14148,100.00
14149,100.00
14150,100.00
14151,100.00
14152,100.00
14153,100.00
14154,100.00
14155,100.00
14156,100.00
14157,100.00
14158,100.00
14159,100.00
14160,100.00
14161,100.00
14162,100.00
14163,100.00
14164,100.00
14165,100.00
14166,100.00
14167,100.00
14168,100.00
14169,100.00
14170,100.00
14171,100.00
14172,100.00
14173,100.00
14174,100.00
14175,100.00
14176,100.00
14177,100.00
14178,100.00
14179,100.00
14180,100.00
14181,100.00
14182,100.00
14183,100.00
14184,100.00
14185,100.00
14186,100.00
14187,100.00
14188,100.00
14189,100.00
14190,100.00
14191,100.00
14192,100.00
14193,100.00
14194,100.00
14195,100.00
14196,100.00
14197,100.00
14198,100.00
14199,100.00
14200,100.00
14201,100.00
14202,100.00
14203,100.00
14204,100.00
14205,100.00
14206,100.00
14207,100.00
14208,100.00
14209,100.00
14210,100.00
14211,100.00
14212,100.00
14213,100.00
14214,100.00
14215,100.00
14216,100.00
14217,100.00
14218,100.00
14219,100.00
14220,100.00
14221,100.00
14222,100.00
14223,100.00
14224,100.00
14225,100.00
14226,100.00
14227,100.00
14228,100.00
14229,100.00
14230,100.00
14231,100.00
14232,100.00
14233,100.00
14234,100.00
14235,100.00
14236,100.00
14237,100.00
14238,100.00
14239,100.00
14240,100.00
14241,100.00
14242,100.00
14243,100.00
14244,100.00
14245,100.00
14246,100.00
14247,100.00
14248,100.00
14249,100.00
14250,100.00
14251,100.00
14252,100.00
14253,100.00
14254,100.00
14255,100.00
14256,100.00
14257,100.00
14258,100.00
14259,100.00
14260,100.00
14261,100.00
14262,100.00
14263,100.00
14264,100.00
14265,100.00
14266,100.00
14267,100.00
14268,100.00
14269,100.00
14270,100.00
14271,100.00
14272,100.00
14273,100.00
14274,100.00
14275,100.00
14276,100.00
14277,100.00
14278,100.00
14279,100.00
14280,100.00
14281,100.00
14282,100.00
14283,100.00
14284,100.00
14285,100.00
14286,100.00
14287,100.00
14288,100.00
14289,100.00
14290,100.00
14291,100.00
14292,100.00
14293,100.00
14294,100.00
14295,100.00
14296,100.00
14297,100.00
14298,100.00
14299,100.00
14300,100.00
14301,100.00
14302,100.00
14303,100.00
14304,100.00
14305,100.00
14306,100.00
14307,100.00
14308,100.00
14309,100.00
14310,100.00
14311,100.00
14312,100.00
14313,100.00
14314,100.00
14315,100.00
14316,100.00
14317,100.00
14318,100.00
14319,100.00
14320,100.00
14321,100.00
14322,100.00
14323,100.00
14324,100.00
14325,100.00
14326,100.00
14327,100.00
14328,100.00
14329,100.00
14330,100.00
14331,100.00
14332,100.00
14333,100.00
14334,100.00
14335,100.00
14336,100.00
14337,100.00
14338,100.00
14339,100.00
14340,100.00
14341,100.00
14342,100.00
14343,100.00
14344,100.00
14345,100.00
14346,100.00
14347,100.00
14348,100.00
14349,100.00
14350,100.00
14351,100.00
14352,100.00
14353,100.00
14354,100.00
14355,100.00
14356,100.00
14357,100.00
14358,100.00
14359,100.00
14360,100.00
14361,100.00
14362,100.00
14363,100.00
14364,100.00
14365,100.00
14366,100.00
14367,100.00
14368,100.00
14369,100.00
14370,100.00
14371,100.00
14372,100.00
14373,100.00
14374,100.00
14375,100.00
14376,100.00
14377,100.00
14378,100.00
14379,100.00
14380,100.00
14381,100.00
14382,100.00
14383,100.00
14384,100.00
14385,100.00
14386,100.00
14387,100.00
14388,100.00
14389,100.00
14390,100.00
14391,100.00
14392,100.00
14393,100.00
14394,100.00
14395,100.00
14396,100.00
14397,100.00
14398,100.00
14399,100.00
14400,100.00
14401,100.00
14402,100.00
14403,100.00
14404,100.00
14405,100.00
14406,100.00
14407,100.00
14408,100.00
14409,100.00
14410,100.00
14411,100.00
14412,100.00
14413,100.00
14414,100.00
14415,100.00
14416,100.00
14417,100.00
14418,100.00
14419,100.00
14420,100.00
14421,100.00
14422,100.00
14423,100.00
14424,100.00
14425,100.00
14426,100.00
14427,100.00
14428,100.00
14429,100.00
14430,100.00
14431,100.00
14432,100.00
14433,100.00
14434,100.00
14435,100.00
14436,100.00
14437,100.00
14438,100.00
14439,100.00
14440,100.00
14441,100.00
14442,100.00
14443,100.00
14444,100.00
14445,100.00
14446,100.00
14447,100.00
14448,100.00
14449,100.00
14450,100.00
14451,100.00
14452,100.00
14453,100.00
14454,100.00
14455,100.00
14456,100.00
14457,100.00
14458,100.00
14459,100.00
14460,100.00
14461,100.00
14462,100.00
14463,100.00
14464,100.00
14465,100.00
14466,100.00
14467,100.00
14468,100.00
14469,100.00
14470,100.00
14471,100.00
14472,100.00
14473,100.00
14474,100.00
14475,100.00
14476,100.00
14477,100.00
14478,100.00
14479,100.00
14480,100.00
14481,100.00
14482,100.00
14483,100.00
14484,100.00
14485,100.00
14486,100.00
14487,100.00
14488,100.00
14489,100.00
14490,100.00
14491,100.00
14492,100.00
14493,100.00
14494,100.00
14495,100.00
14496,100.00
14497,100.00
14498,100.00
14499,100.00
14500,100.00
14501,100.00
14502,100.00
14503,100.00
14504,100.00
14505,100.00
14506,100.00
14507,100.00
14508,100.00
14509,100.00
14510,100.00
14511,100.00
14512,100.00
14513,100.00
14514,100.00
14515,100.00
14516,100.00
14517,100.00
14518,100.00
14519,100.00
14520,100.00
14521,100.00
14522,100.00
14523,100.00
14524,100.00
14525,100.00
14526,100.00
14527,100.00
14528,100.00
14529,100.00
14530,100.00
14531,100.00
14532,100.00
14533,100.00
14534,100.00
14535,100.00
14536,100.00
14537,100.00
14538,100.00
14539,100.00
14540,100.00
14541,100.00
14542,100.00
14543,100.00
14544,100.00
14545,100.00
14546,100.00
14547,100.00
14548,100.00
14549,100.00
14550,100.00
14551,100.00
14552,100.00
14553,100.00
14554,100.00
14555,100.00
14556,100.00
14557,100.00
14558,100.00
14559,100.00
14560,100.00
14561,100.00
14562,100.00
14563,100.00
14564,100.00
14565,100.00
14566,100.00
14567,100.00
14568,100.00
14569,100.00
14570,100.00
14571,100.00
14572,100.00
14573,100.00
14574,100.00
14575,100.00
14576,100.00
14577,100.00
14578,100.00
14579,100.00
14580,100.00
14581,100.00
14582,100.00
14583,100.00
14584,100.00
14585,100.00
14586,100.00
14587,100.00
14588,100.00
14589,100.00
14590,100.00
14591,100.00
14592,100.00
14593,100.00
14594,100.00
14595,100.00
14596,100.00
14597,100.00
14598,100.00
14599,100.00
14600,100.00
14601,100.00
14602,100.00
14603,100.00
14604,100.00
14605,100.00
14606,100.00
14607,100.00
14608,100.00
14609,100.00
14610,100.00
14611,100.00
14612,100.00
14613,100.00
14614,100.00
14615,100.00
14616,100.00
14617,100.00
14618,100.00
14619,100.00
14620,100.00
14621,100.00
14622,100.00
14623,100.00
14624,100.00
14625,100.00
14626,100.00
14627,100.00
14628,100.00
14629,100.00
14630,100.00
14631,100.00
14632,100.00
14633,100.00
14634,100.00
14635,100.00
14636,100.00
14637,100.00
14638,100.00
14639,100.00
14640,100.00
14641,100.00
14642,100.00
14643,100.00
14644,100.00
14645,100.00
14646,100.00
14647,100.00
14648,100.00
14649,100.00
14650,100.00
14651,100.00
14652,100.00
14653,100.00
14654,100.00
14655,100.00
14656,100.00
14657,100.00
14658,100.00
14659,100.00
14660,100.00
14661,100.00
14662,100.00
14663,100.00
14664,100.00
14665,100.00
14666,100.00
14667,100.00
14668,100.00
14669,100.00
14670,100.00
14671,100.00
14672,100.00
14673,100.00
14674,100.00
14675,100.00
14676,100.00
14677,100.00
14678,100.00
14679,100.00
14680,100.00
14681,100.00
14682,100.00
14683,100.00
14684,100.00
14685,100.00
14686,100.00
14687,100.00
14688,100.00
14689,100.00
14690,100.00
14691,100.00
14692,100.00
14693,100.00
14694,100.00
14695,100.00
14696,100.00
14697,100.00
14698,100.00
14699,100.00
14700,100.00
14701,100.00
14702,100.00
14703,100.00
14704,100.00
14705,100.00
14706,100.00
14707,100.00
14708,100.00
14709,100.00
14710,100.00
14711,100.00
14712,100.00
14713,100.00
14714,100.00
14715,100.00
14716,100.00
14717,100.00
14718,100.00
14719,100.00
14720,100.00
14721,100.00
14722,100.00
14723,100.00
14724,100.00
14725,100.00
14726,100.00
14727,100.00
14728,100.00
14729,100.00
14730,100.00
14731,100.00
14732,100.00
14733,100.00
14734,100.00
14735,100.00
14736,100.00
14737,100.00
14738,100.00
14739,100.00
14740,100.00
14741,100.00
14742,100.00
14743,100.00
14744,100.00
14745,100.00
14746,100.00
14747,100.00
14748,100.00
14749,100.00
14750,100.00
14751,100.00
14752,100.00
14753,100.00
14754,100.00
14755,100.00
14756,100.00
14757,100.00
14758,100.00
14759,100.00
14760,100.00
14761,100.00
14762,100.00
14763,100.00
14764,100.00
14765,100.00
14766,100.00
14767,100.00
14768,100.00
14769,100.00
14770,100.00
14771,100.00
14772,100.00
14773,100.00
14774,100.00
14775,100.00
14776,100.00
14777,100.00
14778,100.00
14779,100.00
14780,100.00
14781,100.00
14782,100.00
14783,100.00
14784,100.00
14785,100.00
14786,100.00
14787,100.00
14788,100.00
14789,100.00
14790,100.00
14791,100.00
14792,100.00
14793,100.00
14794,100.00
14795,100.00
14796,100.00
14797,100.00
14798,100.00
14799,100.00
14800,100.00
14801,100.00
14802,100.00
14803,100.00
14804,100.00
14805,100.00
14806,100.00
14807,100.00
14808,100.00
14809,100.00
14810,100.00
14811,100.00
14812,100.00
14813,100.00
14814,100.00
14815,100.00
14816,100.00
14817,100.00
14818,100.00
14819,100.00
14820,100.00
14821,100.00
14822,100.00
14823,100.00
14824,100.00
14825,100.00
14826,100.00
14827,100.00
14828,100.00
14829,100.00
14830,100.00
14831,100.00
14832,100.00
14833,100.00
14834,100.00
14835,100.00
14836,100.00
14837,100.00
14838,100.00
14839,100.00
14840,100.00
14841,100.00
14842,100.00
14843,100.00
14844,100.00
14845,100.00
14846,100.00
14847,100.00
14848,100.00
14849,100.00
14850,100.00
14851,100.00
14852,100.00
14853,100.00
14854,100.00
14855,100.00
14856,100.00
14857,100.00
14858,100.00
14859,100.00
14860,100.00
14861,100.00
14862,100.00
14863,100.00
14864,100.00
14865,100.00
14866,100.00
14867,100.00
14868,100.00
14869,100.00
14870,100.00
14871,100.00
14872,100.00
14873,100.00
14874,100.00
14875,100.00
14876,100.00
14877,100.00
14878,100.00
14879,100.00
14880,100.00
14881,100.00
14882,100.00
14883,100.00
14884,100.00
14885,100.00
14886,100.00
14887,100.00
14888,100.00
14889,100.00
14890,100.00
14891,100.00
14892,100.00
14893,100.00
14894,100.00
14895,100.00
14896,100.00
14897,100.00
14898,100.00
14899,100.00
14900,100.00
14901,100.00
14902,100.00
14903,100.00
14904,100.00
14905,100.00
14906,100.00
14907,100.00
14908,100.00
14909,100.00
14910,100.00
14911,100.00
14912,100.00
14913,100.00
14914,100.00
14915,100.00
14916,100.00
14917,100.00
14918,100.00
14919,100.00
14920,100.00
14921,100.00
14922,100.00
14923,100.00
14924,100.00
14925,100.00
14926,100.00
14927,100.00
14928,100.00
14929,100.00
14930,100.00
14931,100.00
14932,100.00
14933,100.00
14934,100.00
14935,100.00
14936,100.00
14937,100.00
14938,100.00
14939,100.00
14940,100.00
14941,100.00
14942,100.00
14943,100.00
14944,100.00
14945,100.00
14946,100.00
14947,100.00
14948,100.00
14949,100.00
14950,100.00
14951,100.00
14952,100.00
14953,100.00
14954,100.00
14955,100.00
14956,100.00
14957,100.00
14958,100.00
14959,100.00
14960,100.00
14961,100.00
14962,100.00
14963,100.00
14964,100.00
14965,100.00
14966,100.00
14967,100.00
14968,100.00
14969,100.00
14970,100.00
14971,100.00
14972,100.00
14973,100.00
14974,100.00
14975,100.00
14976,100.00
14977,100.00
14978,100.00
14979,100.00
14980,100.00
14981,100.00
14982,100.00
14983,100.00
14984,100.00
14985,100.00
14986,100.00
14987,100.00
14988,100.00
14989,100.00
14990,100.00
14991,100.00
14992,100.00
14993,100.00
14994,100.00
14995,100.00
14996,100.00
14997,100.00
14998,100.00
14999,100.00
15000,100.00
15001,100.00
15002,100.00
15003,100.00
15004,100.00
15005,100.00
15006,100.00
15007,100.00
15008,100.00
15009,100.00
15010,100.00
15011,100.00
15012,100.00
15013,100.00
15014,100.00
15015,100.00
15016,100.00
15017,100.00
15018,100.00
15019,100.00
15020,100.00
15021,100.00
15022,100.00
15023,100.00
15024,100.00
15025,100.00
15026,100.00
15027,100.00
15028,100.00
15029,100.00
15030,100.00
15031,100.00
15032,100.00
15033,100.00
15034,100.00
15035,100.00
15036,100.00
15037,100.00
15038,100.00
15039,100.00
15040,100.00
15041,100.00
15042,100.00
15043,100.00
15044,100.00
15045,100.00
15046,100.00
15047,100.00
15048,100.00
15049,100.00
15050,100.00
15051,100.00
15052,100.00
15053,100.00
15054,100.00
15055,100.00
15056,100.00
15057,100.00
15058,100.00
15059,100.00
15060,100.00
15061,100.00
15062,100.00
15063,100.00
15064,100.00
15065,100.00
15066,100.00
15067,100.00
15068,100.00
15069,100.00
15070,100.00
15071,100.00
15072,100.00
15073,100.00
15074,100.00
15075,100.00
15076,100.00
15077,100.00
15078,100.00
15079,100.00
15080,100.00
15081,100.00
15082,100.00
15083,100.00
15084,100.00
15085,100.00
15086,100.00
15087,100.00
15088,100.00
15089,100.00
15090,100.00
15091,100.00
15092,100.00
15093,100.00
15094,100.00
15095,100.00
15096,100.00
15097,100.00
15098,100.00
15099,100.00
15100,100.00
15101,100.00
15102,100.00
15103,100.00
15104,100.00
15105,100.00
15106,100.00
15107,100.00
15108,100.00
15109,100.00
15110,100.00
15111,100.00
15112,100.00
15113,100.00
15114,100.00
15115,100.00
15116,100.00
15117,100.00
15118,100.00
15119,100.00
15120,100.00
15121,100.00
15122,100.00
15123,100.00
15124,100.00
15125,100.00
15126,100.00
15127,100.00
15128,100.00
15129,100.00
15130,100.00
15131,100.00
15132,100.00
15133,100.00
15134,100.00
15135,100.00
15136,100.00
15137,100.00
15138,100.00
15139,100.00
15140,100.00
15141,100.00
15142,100.00
15143,100.00
15144,100.00
15145,100.00
15146,100.00
15147,100.00
15148,100.00
15149,100.00
15150,100.00
15151,100.00
15152,100.00
15153,100.00
15154,100.00
15155,100.00
15156,100.00
15157,100.00
15158,100.00
15159,100.00
15160,100.00
15161,100.00
15162,100.00
15163,100.00
15164,100.00
15165,100.00
15166,100.00
15167,100.00
15168,100.00
15169,100.00
15170,100.00
15171,100.00
15172,100.00
15173,100.00
15174,100.00
15175,100.00
15176,100.00
15177,100.00
15178,100.00
15179,100.00
15180,100.00
15181,100.00
15182,100.00
15183,100.00
15184,100.00
15185,100.00
15186,100.00
15187,100.00
15188,100.00
15189,100.00
15190,100.00
15191,100.00
15192,100.00
15193,100.00
15194,100.00
15195,100.00
15196,100.00
15197,100.00
15198,100.00
15199,100.00
15200,100.00
15201,100.00
15202,100.00
15203,100.00
15204,100.00
15205,100.00
15206,100.00
15207,100.00
15208,100.00
15209,100.00
15210,100.00
15211,100.00
15212,100.00
15213,100.00
15214,100.00
15215,100.00
15216,100.00
15217,100.00
15218,100.00
15219,100.00
15220,100.00
15221,100.00
15222,100.00
15223,100.00
15224,100.00
15225,100.00
15226,100.00
15227,100.00
15228,100.00
15229,100.00
15230,100.00
15231,100.00
15232,100.00
15233,100.00
15234,100.00
15235,100.00
15236,100.00
15237,100.00
15238,100.00
15239,100.00
15240,100.00
15241,100.00
15242,100.00
15243,100.00
15244,100.00
15245,100.00
15246,100.00
15247,100.00
15248,100.00
15249,100.00
15250,100.00
15251,100.00
15252,100.00
15253,100.00
15254,100.00
15255,100.00
15256,100.00
15257,100.00
15258,100.00
15259,100.00
15260,100.00
15261,100.00
15262,100.00
15263,100.00
15264,100.00
15265,100.00
15266,100.00
15267,100.00
15268,100.00
15269,100.00
15270,100.00
15271,100.00
15272,100.00
15273,100.00
15274,100.00
15275,100.00
15276,100.00
15277,100.00
15278,100.00
15279,100.00
15280,100.00
15281,100.00
15282,100.00
15283,100.00
15284,100.00
15285,100.00
15286,100.00
15287,100.00
15288,100.00
15289,100.00
15290,100.00
15291,100.00
15292,100.00
15293,100.00
15294,100.00
15295,100.00
15296,100.00
15297,100.00
15298,100.00
15299,100.00
15300,100.00
15301,100.00
15302,100.00
15303,100.00
15304,100.00
15305,100.00
15306,100.00
15307,100.00
15308,100.00
15309,100.00
15310,100.00
15311,100.00
15312,100.00
15313,100.00
15314,100.00
15315,100.00
15316,100.00
15317,100.00
15318,100.00
15319,100.00
15320,100.00
15321,100.00
15322,100.00
15323,100.00
15324,100.00
15325,100.00
15326,100.00
15327,100.00
15328,100.00
15329,100.00
15330,100.00
15331,100.00
15332,100.00
15333,100.00
15334,100.00
15335,100.00
15336,100.00
15337,100.00
15338,100.00
15339,100.00
15340,100.00
15341,100.00
15342,100.00
15343,100.00
15344,100.00
15345,100.00
15346,100.00
15347,100.00
15348,100.00
15349,100.00
15350,100.00
15351,100.00
15352,100.00
15353,100.00
15354,100.00
15355,100.00
15356,100.00
15357,100.00
15358,100.00
15359,100.00
15360,100.00
15361,100.00
15362,100.00
15363,100.00
15364,100.00
15365,100.00
15366,100.00
15367,100.00
15368,100.00
15369,100.00
15370,100.00
15371,100.00
15372,100.00
15373,100.00
15374,100.00
15375,100.00
15376,100.00
15377,100.00
15378,100.00
15379,100.00
15380,100.00
15381,100.00
15382,100.00
15383,100.00
15384,100.00
15385,100.00
15386,100.00
15387,100.00
15388,100.00
15389,100.00
15390,100.00
15391,100.00
15392,100.00
15393,100.00
15394,100.00
15395,100.00
15396,100.00
15397,100.00
15398,100.00
15399,100.00
15400,100.00
15401,100.00
15402,100.00
15403,100.00
15404,100.00
15405,100.00
15406,100.00
15407,100.00
15408,100.00
15409,100.00
15410,100.00
15411,100.00
15412,100.00
15413,100.00
15414,100.00
15415,100.00
15416,100.00
15417,100.00
15418,100.00
15419,100.00
15420,100.00
15421,100.00
15422,100.00
15423,100.00
15424,100.00
15425,100.00
15426,100.00
15427,100.00
15428,100.00
15429,100.00
15430,100.00
15431,100.00
15432,100.00
15433,100.00
15434,100.00
15435,100.00
15436,100.00
15437,100.00
15438,100.00
15439,100.00
15440,100.00
15441,100.00
15442,100.00
15443,100.00
15444,100.00
15445,100.00
15446,100.00
15447,100.00
15448,100.00
15449,100.00
15450,100.00
15451,100.00
15452,100.00
15453,100.00
15454,100.00
15455,100.00
15456,100.00
15457,100.00
15458,100.00
15459,100.00
15460,100.00
15461,100.00
15462,100.00
15463,100.00
15464,100.00
15465,100.00
15466,100.00
15467,100.00
15468,100.00
15469,100.00
15470,100.00
15471,100.00
15472,100.00
15473,100.00
15474,100.00
15475,100.00
15476,100.00
15477,100.00
15478,100.00
15479,100.00
15480,100.00
15481,100.00
15482,100.00
15483,100.00
15484,100.00
15485,100.00
15486,100.00
15487,100.00
15488,100.00
15489,100.00
15490,100.00
15491,100.00
15492,100.00
15493,100.00
15494,100.00
15495,100.00
15496,100.00
15497,100.00
15498,100.00
15499,100.00
15500,100.00
15501,100.00
15502,100.00
15503,100.00
15504,100.00
15505,100.00
15506,100.00
15507,100.00
15508,100.00
15509,100.00
15510,100.00
15511,100.00
15512,100.00
15513,100.00
15514,100.00
15515,100.00
15516,100.00
15517,100.00
15518,100.00
15519,100.00
15520,100.00
15521,100.00
15522,100.00
15523,100.00
15524,100.00
15525,100.00
15526,100.00
15527,100.00
15528,100.00
15529,100.00
15530,100.00
15531,100.00
15532,100.00
15533,100.00
15534,100.00
15535,100.00
15536,100.00
15537,100.00
15538,100.00
15539,100.00
15540,100.00
15541,100.00
15542,100.00
15543,100.00
15544,100.00
15545,100.00
15546,100.00
15547,100.00
15548,100.00
15549,100.00
15550,100.00
15551,100.00
15552,100.00
15553,100.00
15554,100.00
15555,100.00
15556,100.00
15557,100.00
15558,100.00
15559,100.00
15560,100.00
15561,100.00
15562,100.00
15563,100.00
15564,100.00
15565,100.00
15566,100.00
15567,100.00
15568,100.00
15569,100.00
15570,100.00
15571,100.00
15572,100.00
15573,100.00
15574,100.00
15575,100.00
15576,100.00
15577,100.00
15578,100.00
15579,100.00
15580,100.00
15581,100.00
15582,100.00
15583,100.00
15584,100.00
15585,100.00
15586,100.00
15587,100.00
15588,100.00
15589,100.00
15590,100.00
15591,100.00
15592,100.00
15593,100.00
15594,100.00
15595,100.00
15596,100.00
15597,100.00
15598,100.00
15599,100.00
15600,100.00
15601,100.00
15602,100.00
15603,100.00
15604,100.00
15605,100.00
15606,100.00
15607,100.00
15608,100.00
15609,100.00
15610,100.00
15611,100.00
15612,100.00
15613,100.00
15614,100.00
15615,100.00
15616,100.00
15617,100.00
15618,100.00
15619,100.00
15620,100.00
15621,100.00
15622,100.00
15623,100.00
15624,100.00
15625,100.00
15626,100.00
15627,100.00
15628,100.00
15629,100.00
15630,100.00
15631,100.00
15632,100.00
15633,100.00
15634,100.00
15635,100.00
15636,100.00
15637,100.00
15638,100.00
15639,100.00
15640,100.00
15641,100.00
15642,100.00
15643,100.00
15644,100.00
15645,100.00
15646,100.00
15647,100.00
15648,100.00
15649,100.00
15650,100.00
15651,100.00
15652,100.00
15653,100.00
15654,100.00
15655,100.00
15656,100.00
15657,100.00
15658,100.00
15659,100.00
15660,100.00
15661,100.00
15662,100.00
15663,100.00
15664,100.00
15665,100.00
15666,100.00
15667,100.00
15668,100.00
15669,100.00
15670,100.00
15671,100.00
15672,100.00
15673,100.00
15674,100.00
15675,100.00
15676,100.00
15677,100.00
15678,100.00
15679,100.00
15680,100.00
15681,100.00
15682,100.00
15683,100.00
15684,100.00
15685,100.00
15686,100.00
15687,100.00
15688,100.00
15689,100.00
15690,100.00
15691,100.00
15692,100.00
15693,100.00
15694,100.00
15695,100.00
15696,100.00
15697,100.00
15698,100.00
15699,100.00
15700,100.00
15701,100.00
15702,100.00
15703,100.00
15704,100.00
15705,100.00
15706,100.00
15707,100.00
15708,100.00
15709,100.00
15710,100.00
15711,100.00
15712,100.00
15713,100.00
15714,100.00
15715,100.00
15716,100.00
15717,100.00
15718,100.00
15719,100.00
15720,100.00
15721,100.00
15722,100.00
15723,100.00
15724,100.00
15725,100.00
15726,100.00
15727,100.00
15728,100.00
15729,100.00
15730,100.00
15731,100.00
15732,100.00
15733,100.00
15734,100.00
15735,100.00
15736,100.00
15737,100.00
15738,100.00
15739,100.00
15740,100.00
15741,100.00
15742,100.00
15743,100.00
15744,100.00
15745,100.00
15746,100.00
15747,100.00
15748,100.00
15749,100.00
15750,100.00
15751,100.00
15752,100.00
15753,100.00
15754,100.00
15755,100.00
15756,100.00
15757,100.00
15758,100.00
15759,100.00
15760,100.00
15761,100.00
15762,100.00
15763,100.00
15764,100.00
15765,100.00
15766,100.00
15767,100.00
15768,100.00
15769,100.00
15770,100.00
15771,100.00
15772,100.00
15773,100.00
15774,100.00
15775,100.00
15776,100.00
15777,100.00
15778,100.00
15779,100.00
15780,100.00
15781,100.00
15782,100.00
15783,100.00
15784,100.00
15785,100.00
15786,100.00
15787,100.00
15788,100.00
15789,100.00
15790,100.00
15791,100.00
15792,100.00
15793,100.00
15794,100.00
15795,100.00
15796,100.00
15797,100.00
15798,100.00
15799,100.00
15800,100.00
15801,100.00
15802,100.00
15803,100.00
15804,100.00
15805,100.00
15806,100.00
15807,100.00
15808,100.00
15809,100.00
15810,100.00
15811,100.00
15812,100.00
15813,100.00
15814,100.00
15815,100.00
15816,100.00
15817,100.00
15818,100.00
15819,100.00
15820,100.00
15821,100.00
15822,100.00
15823,100.00
15824,100.00
15825,100.00
15826,100.00
15827,100.00
15828,100.00
15829,100.00
15830,100.00
15831,100.00
15832,100.00
15833,100.00
15834,100.00
15835,100.00
15836,100.00
15837,100.00
15838,100.00
15839,100.00
15840,100.00
15841,100.00
15842,100.00
15843,100.00
15844,100.00
15845,100.00
15846,100.00
15847,100.00
15848,100.00
15849,100.00
15850,100.00
15851,100.00
15852,100.00
15853,100.00
15854,100.00
15855,100.00
15856,100.00
15857,100.00
15858,100.00
15859,100.00
15860,100.00
15861,100.00
15862,100.00
15863,100.00
15864,100.00
15865,100.00
15866,100.00
15867,100.00
15868,100.00
15869,100.00
15870,100.00
15871,100.00
15872,100.00
15873,100.00
15874,100.00
15875,100.00
15876,100.00
15877,100.00
15878,100.00
15879,100.00
15880,100.00
15881,100.00
15882,100.00
15883,100.00
15884,100.00
15885,100.00
15886,100.00
15887,100.00
15888,100.00
15889,100.00
15890,100.00
15891,100.00
15892,100.00
15893,100.00
15894,100.00
15895,100.00
15896,100.00
15897,100.00
15898,100.00
15899,100.00
15900,100.00
15901,100.00
15902,100.00
15903,100.00
15904,100.00
15905,100.00
15906,100.00
15907,100.00
15908,100.00
15909,100.00
15910,100.00
15911,100.00
15912,100.00
15913,100.00
15914,100.00
15915,100.00
15916,100.00
15917,100.00
15918,100.00
15919,100.00
15920,100.00
15921,100.00
15922,100.00
15923,100.00
15924,100.00
15925,100.00
15926,100.00
15927,100.00
15928,100.00
15929,100.00
15930,100.00
15931,100.00
15932,100.00
15933,100.00
15934,100.00
15935,100.00
15936,100.00
15937,100.00
15938,100.00
15939,100.00
15940,100.00
15941,100.00
15942,100.00
15943,100.00
15944,100.00
15945,100.00
15946,100.00
15947,100.00
15948,100.00
15949,100.00
15950,100.00
15951,100.00
15952,100.00
15953,100.00
15954,100.00
15955,100.00
15956,100.00
15957,100.00
15958,100.00
15959,100.00
15960,100.00
15961,100.00
15962,100.00
15963,100.00
15964,100.00
15965,100.00
15966,100.00
15967,100.00
15968,100.00
15969,100.00
15970,100.00
15971,100.00
15972,100.00
15973,100.00
15974,100.00
15975,100.00
15976,100.00
15977,100.00
15978,100.00
15979,100.00
15980,100.00
15981,100.00
15982,100.00
15983,100.00
15984,100.00
15985,100.00
15986,100.00
15987,100.00
15988,100.00
15989,100.00
15990,100.00
15991,100.00
15992,100.00
15993,100.00
15994,100.00
15995,100.00
15996,100.00
15997,100.00
15998,100.00
15999,100.00
16000,100.00
16001,100.00
16002,100.00
16003,100.00
16004,100.00
16005,100.00
16006,100.00
16007,100.00
16008,100.00
16009,100.00
16010,100.00
16011,100.00
16012,100.00
16013,100.00
16014,100.00
16015,100.00
16016,100.00
16017,100.00
16018,100.00
16019,100.00
16020,100.00
16021,100.00
16022,100.00
16023,100.00
16024,100.00
16025,100.00
16026,100.00
16027,100.00
16028,100.00
16029,100.00
16030,100.00
16031,100.00
16032,100.00
16033,100.00
16034,100.00
16035,100.00
16036,100.00
16037,100.00
16038,100.00
16039,100.00
16040,100.00
16041,100.00
16042,100.00
16043,100.00
16044,100.00
16045,100.00
16046,100.00
16047,100.00
16048,100.00
16049,100.00
16050,100.00
16051,100.00
16052,100.00
16053,100.00
16054,100.00
16055,100.00
16056,100.00
16057,100.00
16058,100.00
16059,100.00
16060,100.00
16061,100.00
16062,100.00
16063,100.00
16064,100.00
16065,100.00
16066,100.00
16067,100.00
16068,100.00
16069,100.00
16070,100.00
16071,100.00
16072,100.00
16073,100.00
16074,100.00
16075,100.00
16076,100.00
16077,100.00
16078,100.00
16079,100.00
16080,100.00
16081,100.00
16082,100.00
16083,100.00
16084,100.00
16085,100.00
16086,100.00
16087,100.00
16088,100.00
16089,100.00
16090,100.00
16091,100.00
16092,100.00
16093,100.00
16094,100.00
16095,100.00
16096,100.00
16097,100.00
16098,100.00
16099,100.00
16100,100.00
16101,100.00
16102,100.00
16103,100.00
16104,100.00
16105,100.00
16106,100.00
16107,100.00
16108,100.00
16109,100.00
16110,100.00
16111,100.00
16112,100.00
16113,100.00
16114,100.00
16115,100.00
16116,100.00
16117,100.00
16118,100.00
16119,100.00
16120,100.00
16121,100.00
16122,100.00
16123,100.00
16124,100.00
16125,100.00
16126,100.00
16127,100.00
16128,100.00
16129,100.00
16130,100.00
16131,100.00
16132,100.00
16133,100.00
16134,100.00
16135,100.00
16136,100.00
16137,100.00
16138,100.00
16139,100.00
16140,100.00
16141,100.00
16142,100.00
16143,100.00
16144,100.00
16145,100.00
16146,100.00
16147,100.00
16148,100.00
16149,100.00
16150,100.00
16151,100.00
16152,100.00
16153,100.00
16154,100.00
16155,100.00
16156,100.00
16157,100.00
16158,100.00
16159,100.00
16160,100.00
16161,100.00
16162,100.00
16163,100.00
16164,100.00
16165,100.00
16166,100.00
16167,100.00
16168,100.00
16169,100.00
16170,100.00
16171,100.00
16172,100.00
16173,100.00
16174,100.00
16175,100.00
16176,100.00
16177,100.00
16178,100.00
16179,100.00
16180,100.00
16181,100.00
16182,100.00
16183,100.00
16184,100.00
16185,100.00
16186,100.00
16187,100.00
16188,100.00
16189,100.00
16190,100.00
16191,100.00
16192,100.00
16193,100.00
16194,100.00
16195,100.00
16196,100.00
16197,100.00
16198,100.00
16199,100.00
16200,100.00
16201,100.00
16202,100.00
16203,100.00
16204,100.00
16205,100.00
16206,100.00
16207,100.00
16208,100.00
16209,100.00
16210,100.00
16211,100.00
16212,100.00
16213,100.00
16214,100.00
16215,100.00
16216,100.00
16217,100.00
16218,100.00
16219,100.00
16220,100.00
16221,100.00
16222,100.00
16223,100.00
16224,100.00
16225,100.00
16226,100.00
16227,100.00
16228,100.00
16229,100.00
16230,100.00
16231,100.00
16232,100.00
16233,100.00
16234,100.00
16235,100.00
16236,100.00
16237,100.00
16238,100.00
16239,100.00
16240,100.00
16241,100.00
16242,100.00
16243,100.00
16244,100.00
16245,100.00
16246,100.00
16247,100.00
16248,100.00
16249,100.00
16250,100.00
16251,100.00
16252,100.00
16253,100.00
16254,100.00
16255,100.00
16256,100.00
16257,100.00
16258,100.00
16259,100.00
16260,100.00
16261,100.00
16262,100.00
16263,100.00
16264,100.00
16265,100.00
16266,100.00
16267,100.00
16268,100.00
16269,100.00
16270,100.00
16271,100.00
16272,100.00
16273,100.00
16274,100.00
16275,100.00
16276,100.00
16277,100.00
16278,100.00
16279,100.00
16280,100.00
16281,100.00
16282,100.00
16283,100.00
16284,100.00
16285,100.00
16286,100.00
16287,100.00
16288,100.00
16289,100.00
16290,100.00
16291,100.00
16292,100.00
16293,100.00
16294,100.00
16295,100.00
16296,100.00
16297,100.00
16298,100.00
16299,100.00
16300,100.00
16301,100.00
16302,100.00
16303,100.00
16304,100.00
16305,100.00
16306,100.00
16307,100.00
16308,100.00
16309,100.00
16310,100.00
16311,100.00
16312,100.00
16313,100.00
16314,100.00
16315,100.00
16316,100.00
16317,100.00
16318,100.00
16319,100.00
16320,100.00
16321,100.00
16322,100.00
16323,100.00
16324,100.00
16325,100.00
16326,100.00
16327,100.00
16328,100.00
16329,100.00
16330,100.00
16331,100.00
16332,100.00
16333,100.00
16334,100.00
16335,100.00
16336,100.00
16337,100.00
16338,100.00
16339,100.00
16340,100.00
16341,100.00
16342,100.00
16343,100.00
16344,100.00
16345,100.00
16346,100.00
16347,100.00
16348,100.00
16349,100.00
16350,100.00
16351,100.00
16352,100.00
16353,100.00
16354,100.00
16355,100.00
16356,100.00
16357,100.00
16358,100.00
16359,100.00
16360,100.00
16361,100.00
16362,100.00
16363,100.00
16364,100.00
16365,100.00
16366,100.00
16367,100.00
16368,100.00
16369,100.00
16370,100.00
16371,100.00
16372,100.00
16373,100.00
16374,100.00
16375,100.00
16376,100.00
16377,100.00
16378,100.00
16379,100.00
16380,100.00
16381,100.00
16382,100.00
16383,100.00
16384,100.00
16385,100.00
16386,100.00
16387,100.00
16388,100.00
16389,100.00
16390,100.00
16391,100.00
16392,100.00
16393,100.00
16394,100.00
16395,100.00
16396,100.00
16397,100.00
16398,100.00
16399,100.00
16400,100.00
16401,100.00
16402,100.00
16403,100.00
16404,100.00
16405,100.00
16406,100.00
16407,100.00
16408,100.00
16409,100.00
16410,100.00
16411,100.00
16412,100.00
16413,100.00
16414,100.00
16415,100.00
16416,100.00
16417,100.00
16418,100.00
16419,100.00
16420,100.00
16421,100.00
16422,100.00
16423,100.00
16424,100.00
16425,100.00
16426,100.00
16427,100.00
16428,100.00
16429,100.00
16430,100.00
16431,100.00
16432,100.00
16433,100.00
16434,100.00
16435,100.00
16436,100.00
16437,100.00
16438,100.00
16439,100.00
16440,100.00
16441,100.00
16442,100.00
16443,100.00
16444,100.00
16445,100.00
16446,100.00
16447,100.00
16448,100.00
16449,100.00
16450,100.00
16451,100.00
16452,100.00
16453,100.00
16454,100.00
16455,100.00
16456,100.00
16457,100.00
16458,100.00
16459,100.00
16460,100.00
16461,100.00
16462,100.00
16463,100.00
16464,100.00
16465,100.00
16466,100.00
16467,100.00
16468,100.00
16469,100.00
16470,100.00
16471,100.00
16472,100.00
16473,100.00
16474,100.00
16475,100.00
16476,100.00
16477,100.00
16478,100.00
16479,100.00
16480,100.00
16481,100.00
16482,100.00
16483,100.00
16484,100.00
16485,100.00
16486,100.00
16487,100.00
16488,100.00
16489,100.00
16490,100.00
16491,100.00
16492,100.00
16493,100.00
16494,100.00
16495,100.00
16496,100.00
16497,100.00
16498,100.00
16499,100.00
16500,100.00
16501,100.00
16502,100.00
16503,100.00
16504,100.00
16505,100.00
16506,100.00
16507,100.00
16508,100.00
16509,100.00
16510,100.00
16511,100.00
16512,100.00
16513,100.00
16514,100.00
16515,100.00
16516,100.00
16517,100.00
16518,100.00
16519,100.00
16520,100.00
16521,100.00
16522,100.00
16523,100.00
16524,100.00
16525,100.00
16526,100.00
16527,100.00
16528,100.00
16529,100.00
16530,100.00
16531,100.00
16532,100.00
16533,100.00
16534,100.00
16535,100.00
16536,100.00
16537,100.00
16538,100.00
16539,100.00
16540,100.00
16541,100.00
16542,100.00
16543,100.00
16544,100.00
16545,100.00
16546,100.00
16547,100.00
16548,100.00
16549,100.00
16550,100.00
16551,100.00
16552,100.00
16553,100.00
16554,100.00
16555,100.00
16556,100.00
16557,100.00
16558,100.00
16559,100.00
16560,100.00
16561,100.00
16562,100.00
16563,100.00
16564,100.00
16565,100.00
16566,100.00
16567,100.00
16568,100.00
16569,100.00
16570,100.00
16571,100.00
16572,100.00
16573,100.00
16574,100.00
16575,100.00
16576,100.00
16577,100.00
16578,100.00
16579,100.00
16580,100.00
16581,100.00
16582,100.00
16583,100.00
16584,100.00
16585,100.00
16586,100.00
16587,100.00
16588,100.00
16589,100.00
16590,100.00
16591,100.00
16592,100.00
16593,100.00
16594,100.00
16595,100.00
16596,100.00
16597,100.00
16598,100.00
16599,100.00
16600,100.00
16601,100.00
16602,100.00
16603,100.00
16604,100.00
16605,100.00
16606,100.00
16607,100.00
16608,100.00
16609,100.00
16610,100.00
16611,100.00
16612,100.00
16613,100.00
16614,100.00
16615,100.00
16616,100.00
16617,100.00
16618,100.00
16619,100.00
16620,100.00
16621,100.00
16622,100.00
16623,100.00
16624,100.00
16625,100.00
16626,100.00
16627,100.00
16628,100.00
16629,100.00
16630,100.00
16631,100.00
16632,100.00
16633,100.00
16634,100.00
16635,100.00
16636,100.00
16637,100.00
16638,100.00
16639,100.00
16640,100.00
16641,100.00
16642,100.00
16643,100.00
16644,100.00
16645,100.00
16646,100.00
16647,100.00
16648,100.00
16649,100.00
16650,100.00
16651,100.00
16652,100.00
16653,100.00
16654,100.00
16655,100.00
16656,100.00
16657,100.00
16658,100.00
16659,100.00
16660,100.00
16661,100.00
16662,100.00
16663,100.00
16664,100.00
16665,100.00
16666,100.00
16667,100.00
16668,100.00
16669,100.00
16670,100.00
16671,100.00
16672,100.00
16673,100.00
16674,100.00
16675,100.00
16676,100.00
16677,100.00
16678,100.00
16679,100.00
16680,100.00
16681,100.00
16682,100.00
16683,100.00
16684,100.00
16685,100.00
16686,100.00
16687,100.00
16688,100.00
16689,100.00
16690,100.00
16691,100.00
16692,100.00
16693,100.00
16694,100.00
16695,100.00
16696,100.00
16697,100.00
16698,100.00
16699,100.00
16700,100.00
16701,100.00
16702,100.00
16703,100.00
16704,100.00
16705,100.00
16706,100.00
16707,100.00
16708,100.00
16709,100.00
16710,100.00
16711,100.00
16712,100.00
16713,100.00
16714,100.00
16715,100.00
16716,100.00
16717,100.00
16718,100.00
16719,100.00
16720,100.00
16721,100.00
16722,100.00
16723,100.00
16724,100.00
16725,100.00
16726,100.00
16727,100.00
16728,100.00
16729,100.00
16730,100.00
16731,100.00
16732,100.00
16733,100.00
16734,100.00
16735,100.00
16736,100.00
16737,100.00
16738,100.00
16739,100.00
16740,100.00
16741,100.00
16742,100.00
16743,100.00
16744,100.00
16745,100.00
16746,100.00
16747,100.00
16748,100.00
16749,100.00
16750,100.00
16751,100.00
16752,100.00
16753,100.00
16754,100.00
16755,100.00
16756,100.00
16757,100.00
16758,100.00
16759,100.00
16760,100.00
16761,100.00
16762,100.00
16763,100.00
16764,100.00
16765,100.00
16766,100.00
16767,100.00
16768,100.00
16769,100.00
16770,100.00
16771,100.00
16772,100.00
16773,100.00
16774,100.00
16775,100.00
16776,100.00
16777,100.00
16778,100.00
16779,100.00
16780,100.00
16781,100.00
16782,100.00
16783,100.00
16784,100.00
16785,100.00
16786,100.00
16787,100.00
16788,100.00
16789,100.00
16790,100.00
16791,100.00
16792,100.00
16793,100.00
16794,100.00
16795,100.00
16796,100.00
16797,100.00
16798,100.00
16799,100.00
16800,100.00
16801,100.00
16802,100.00
16803,100.00
16804,100.00
16805,100.00
16806,100.00
16807,100.00
16808,100.00
16809,100.00
16810,100.00
16811,100.00
16812,100.00
16813,100.00
16814,100.00
16815,100.00
16816,100.00
16817,100.00
16818,100.00
16819,100.00
16820,100.00
16821,100.00
16822,100.00
16823,100.00
16824,100.00
16825,100.00
16826,100.00
16827,100.00
16828,100.00
16829,100.00
16830,100.00
16831,100.00
16832,100.00
16833,100.00
16834,100.00
16835,100.00
16836,100.00
16837,100.00
16838,100.00
16839,100.00
16840,100.00
16841,100.00
16842,100.00
16843,100.00
16844,100.00
16845,100.00
16846,100.00
16847,100.00
16848,100.00
16849,100.00
16850,100.00
16851,100.00
16852,100.00
16853,100.00
16854,100.00
16855,100.00
16856,100.00
16857,100.00
16858,100.00
16859,100.00
16860,100.00
16861,100.00
16862,100.00
16863,100.00
16864,100.00
16865,100.00
16866,100.00
16867,100.00
16868,100.00
16869,100.00
16870,100.00
16871,100.00
16872,100.00
16873,100.00
16874,100.00
16875,100.00
16876,100.00
16877,100.00
16878,100.00
16879,100.00
16880,100.00
16881,100.00
16882,100.00
16883,100.00
16884,100.00
16885,100.00
16886,100.00
16887,100.00
16888,100.00
16889,100.00
16890,100.00
16891,100.00
16892,100.00
16893,100.00
16894,100.00
16895,100.00
16896,100.00
16897,100.00
16898,100.00
16899,100.00
16900,100.00
16901,100.00
16902,100.00
16903,100.00
16904,100.00
16905,100.00
16906,100.00
16907,100.00
16908,100.00
16909,100.00
16910,100.00
16911,100.00
16912,100.00
16913,100.00
16914,100.00
16915,100.00
16916,100.00
16917,100.00
16918,100.00
16919,100.00
16920,100.00
16921,100.00
16922,100.00
16923,100.00
16924,100.00
16925,100.00
16926,100.00
16927,100.00
16928,100.00
16929,100.00
16930,100.00
16931,100.00
16932,100.00
16933,100.00
16934,100.00
16935,100.00
16936,100.00
16937,100.00
16938,100.00
16939,100.00
16940,100.00
16941,100.00
16942,100.00
16943,100.00
16944,100.00
16945,100.00
16946,100.00
16947,100.00
16948,100.00
16949,100.00
16950,100.00
16951,100.00
16952,100.00
16953,100.00
16954,100.00
16955,100.00
16956,100.00
16957,100.00
16958,100.00
16959,100.00
16960,100.00
16961,100.00
16962,100.00
16963,100.00
16964,100.00
16965,100.00
16966,100.00
16967,100.00
16968,100.00
16969,100.00
16970,100.00
16971,100.00
16972,100.00
16973,100.00
16974,100.00
16975,100.00
16976,100.00
16977,100.00
16978,100.00
16979,100.00
16980,100.00
16981,100.00
16982,100.00
16983,100.00
16984,100.00
16985,100.00
16986,100.00
16987,100.00
16988,100.00
16989,100.00
16990,100.00
16991,100.00
16992,100.00
16993,100.00
16994,100.00
16995,100.00
16996,100.00
16997,100.00
16998,100.00
16999,100.00
17000,100.00
17001,100.00
17002,100.00
17003,100.00
17004,100.00
17005,100.00
17006,100.00
17007,100.00
17008,100.00
17009,100.00
17010,100.00
17011,100.00
17012,100.00
17013,100.00
17014,100.00
17015,100.00
17016,100.00
17017,100.00
17018,100.00
17019,100.00
17020,100.00
17021,100.00
17022,100.00
17023,100.00
17024,100.00
17025,100.00
17026,100.00
17027,100.00
17028,100.00
17029,100.00
17030,100.00
17031,100.00
17032,100.00
17033,100.00
17034,100.00
17035,100.00
17036,100.00
17037,100.00
17038,100.00
17039,100.00
17040,100.00
17041,100.00
17042,100.00
17043,100.00
17044,100.00
17045,100.00
17046,100.00
17047,100.00
17048,100.00
17049,100.00
17050,100.00
17051,100.00
17052,100.00
17053,100.00
17054,100.00
17055,100.00
17056,100.00
17057,100.00
17058,100.00
17059,100.00
17060,100.00
17061,100.00
17062,100.00
17063,100.00
17064,100.00
17065,100.00
17066,100.00
17067,100.00
17068,100.00
17069,100.00
17070,100.00
17071,100.00
17072,100.00
17073,100.00
17074,100.00
17075,100.00
17076,100.00
17077,100.00
17078,100.00
17079,100.00
17080,100.00
17081,100.00
17082,100.00
17083,100.00
17084,100.00
17085,100.00
17086,100.00
17087,100.00
17088,100.00
17089,100.00
17090,100.00
17091,100.00
17092,100.00
17093,100.00
17094,100.00
17095,100.00
17096,100.00
17097,100.00
17098,100.00
17099,100.00
17100,100.00
17101,100.00
17102,100.00
17103,100.00
17104,100.00
17105,100.00
17106,100.00
17107,100.00
17108,100.00
17109,100.00
17110,100.00
17111,100.00
17112,100.00
17113,100.00
17114,100.00
17115,100.00
17116,100.00
17117,100.00
17118,100.00
17119,100.00
17120,100.00
17121,100.00
17122,100.00
17123,100.00
17124,100.00
17125,100.00
17126,100.00
17127,100.00
17128,100.00
17129,100.00
17130,100.00
17131,100.00
17132,100.00
17133,100.00
17134,100.00
17135,100.00
17136,100.00
17137,100.00
17138,100.00
17139,100.00
17140,100.00
17141,100.00
17142,100.00
17143,100.00
17144,100.00
17145,100.00
17146,100.00
17147,100.00
17148,100.00
17149,100.00
17150,100.00
17151,100.00
17152,100.00
17153,100.00
17154,100.00
17155,100.00
17156,100.00
17157,100.00
17158,100.00
17159,100.00
17160,100.00
17161,100.00
17162,100.00
17163,100.00
17164,100.00
17165,100.00
17166,100.00
17167,100.00
17168,100.00
17169,100.00
17170,100.00
17171,100.00
17172,100.00
17173,100.00
17174,100.00
17175,100.00
17176,100.00
17177,100.00
17178,100.00
17179,100.00
17180,100.00
17181,100.00
17182,100.00
17183,100.00
17184,100.00
17185,100.00
17186,100.00
17187,100.00
17188,100.00
17189,100.00
17190,100.00
17191,100.00
17192,100.00
17193,100.00
17194,100.00
17195,100.00
17196,100.00
17197,100.00
17198,100.00
17199,100.00
17200,100.00
17201,100.00
17202,100.00
17203,100.00
17204,100.00
17205,100.00
17206,100.00
17207,100.00
17208,100.00
17209,100.00
17210,100.00
17211,100.00
17212,100.00
17213,100.00
17214,100.00
17215,100.00
17216,100.00
17217,100.00
17218,100.00
17219,100.00
17220,100.00
17221,100.00
17222,100.00
17223,100.00
17224,100.00
17225,100.00
17226,100.00
17227,100.00
17228,100.00
17229,100.00
17230,100.00
17231,100.00
17232,100.00
17233,100.00
17234,100.00
17235,100.00
17236,100.00
17237,100.00
17238,100.00
17239,100.00
17240,100.00
17241,100.00
17242,100.00
17243,100.00
17244,100.00
17245,100.00
17246,100.00
17247,100.00
17248,100.00
17249,100.00
17250,100.00
17251,100.00
17252,100.00
17253,100.00
17254,100.00
17255,100.00
17256,100.00
17257,100.00
17258,100.00
17259,100.00
17260,100.00
17261,100.00
17262,100.00
17263,100.00
17264,100.00
17265,100.00
17266,100.00
17267,100.00
17268,100.00
17269,100.00
17270,100.00
17271,100.00
17272,100.00
17273,100.00
17274,100.00
17275,100.00
17276,100.00
17277,100.00
17278,100.00
17279,100.00
17280,100.00
17281,100.00
17282,100.00
17283,100.00
17284,100.00
17285,100.00
17286,100.00
17287,100.00
17288,100.00
17289,100.00
17290,100.00
17291,100.00
17292,100.00
17293,100.00
17294,100.00
17295,100.00
17296,100.00
17297,100.00
17298,100.00
17299,100.00
17300,100.00
17301,100.00
17302,100.00
17303,100.00
17304,100.00
17305,100.00
17306,100.00
17307,100.00
17308,100.00
17309,100.00
17310,100.00
17311,100.00
17312,100.00
17313,100.00
17314,100.00
17315,100.00
17316,100.00
17317,100.00
17318,100.00
17319,100.00
17320,100.00
17321,100.00
17322,100.00
17323,100.00
17324,100.00
17325,100.00
17326,100.00
17327,100.00
17328,100.00
17329,100.00
17330,100.00
17331,100.00
17332,100.00
17333,100.00
17334,100.00
17335,100.00
17336,100.00
17337,100.00
17338,100.00
17339,100.00
17340,100.00
17341,100.00
17342,100.00
17343,100.00
17344,100.00
17345,100.00
17346,100.00
17347,100.00
17348,100.00
17349,100.00
17350,100.00
17351,100.00
17352,100.00
17353,100.00
17354,100.00
17355,100.00
17356,100.00
17357,100.00
17358,100.00
17359,100.00
17360,100.00
17361,100.00
17362,100.00
17363,100.00
17364,100.00
17365,100.00
17366,100.00
17367,100.00
17368,100.00
17369,100.00
17370,100.00
17371,100.00
17372,100.00
17373,100.00
17374,100.00
17375,100.00
17376,100.00
17377,100.00
17378,100.00
17379,100.00
17380,100.00
17381,100.00
17382,100.00
17383,100.00
17384,100.00
17385,100.00
17386,100.00
17387,100.00
17388,100.00
17389,100.00
17390,100.00
17391,100.00
17392,100.00
17393,100.00
17394,100.00
17395,100.00
17396,100.00
17397,100.00
17398,100.00
17399,100.00
17400,100.00
17401,100.00
17402,100.00
17403,100.00
17404,100.00
17405,100.00
17406,100.00
17407,100.00
17408,100.00
17409,100.00
17410,100.00
17411,100.00
17412,100.00
17413,100.00
17414,100.00
17415,100.00
17416,100.00
17417,100.00
17418,100.00
17419,100.00
17420,100.00
17421,100.00
17422,100.00
17423,100.00
17424,100.00
17425,100.00
17426,100.00
17427,100.00
17428,100.00
17429,100.00
17430,100.00
17431,100.00
17432,100.00
17433,100.00
17434,100.00
17435,100.00
17436,100.00
17437,100.00
17438,100.00
17439,100.00
17440,100.00
17441,100.00
17442,100.00
17443,100.00
17444,100.00
17445,100.00
17446,100.00
17447,100.00
17448,100.00
17449,100.00
17450,100.00
17451,100.00
17452,100.00
17453,100.00
17454,100.00
17455,100.00
17456,100.00
17457,100.00
17458,100.00
17459,100.00
17460,100.00
17461,100.00
17462,100.00
17463,100.00
17464,100.00
17465,100.00
17466,100.00
17467,100.00
17468,100.00
17469,100.00
17470,100.00
17471,100.00
17472,100.00
17473,100.00
17474,100.00
17475,100.00
17476,100.00
17477,100.00
17478,100.00
17479,100.00
17480,100.00
17481,100.00
17482,100.00
17483,100.00
17484,100.00
17485,100.00
17486,100.00
17487,100.00
17488,100.00
17489,100.00
17490,100.00
17491,100.00
17492,100.00
17493,100.00
17494,100.00
17495,100.00
17496,100.00
17497,100.00
17498,100.00
17499,100.00
17500,100.00
17501,100.00
17502,100.00
17503,100.00
17504,100.00
17505,100.00
17506,100.00
17507,100.00
17508,100.00
17509,100.00
17510,100.00
17511,100.00
17512,100.00
17513,100.00
17514,100.00
17515,100.00
17516,100.00
17517,100.00
17518,100.00
17519,100.00
17520,100.00
17521,100.00
17522,100.00
17523,100.00
17524,100.00
17525,100.00
17526,100.00
17527,100.00
17528,100.00
17529,100.00
17530,100.00
17531,100.00
17532,100.00
17533,100.00
17534,100.00
17535,100.00
17536,100.00
17537,100.00
17538,100.00
17539,100.00
17540,100.00
17541,100.00
17542,100.00
17543,100.00
17544,100.00
17545,100.00
17546,100.00
17547,100.00
17548,100.00
17549,100.00
17550,100.00
17551,100.00
17552,100.00
17553,100.00
17554,100.00
17555,100.00
17556,100.00
17557,100.00
17558,100.00
17559,100.00
17560,100.00
17561,100.00
17562,100.00
17563,100.00
17564,100.00
17565,100.00
17566,100.00
17567,100.00
17568,100.00
17569,100.00
17570,100.00
17571,100.00
17572,100.00
17573,100.00
17574,100.00
17575,100.00
17576,100.00
17577,100.00
17578,100.00
17579,100.00
17580,100.00
17581,100.00
17582,100.00
17583,100.00
17584,100.00
17585,100.00
17586,100.00
17587,100.00
17588,100.00
17589,100.00
17590,100.00
17591,100.00
17592,100.00
17593,100.00
17594,100.00
17595,100.00
17596,100.00
17597,100.00
17598,100.00
17599,100.00
17600,100.00
17601,100.00
17602,100.00
17603,100.00
17604,100.00
17605,100.00
17606,100.00
17607,100.00
17608,100.00
17609,100.00
17610,100.00
17611,100.00
17612,100.00
17613,100.00
17614,100.00
17615,100.00
17616,100.00
17617,100.00
17618,100.00
17619,100.00
17620,100.00
17621,100.00
17622,100.00
17623,100.00
17624,100.00
17625,100.00
17626,100.00
17627,100.00
17628,100.00
17629,100.00
17630,100.00
17631,100.00
17632,100.00
17633,100.00
17634,100.00
17635,100.00
17636,100.00
17637,100.00
17638,100.00
17639,100.00
17640,100.00
17641,100.00
17642,100.00
17643,100.00
17644,100.00
17645,100.00
17646,100.00
17647,100.00
17648,100.00
17649,100.00
17650,100.00
17651,100.00
17652,100.00
17653,100.00
17654,100.00
17655,100.00
17656,100.00
17657,100.00
17658,100.00
17659,100.00
17660,100.00
17661,100.00
17662,100.00
17663,100.00
17664,100.00
17665,100.00
17666,100.00
17667,100.00
17668,100.00
17669,100.00
17670,100.00
17671,100.00
17672,100.00
17673,100.00
17674,100.00
17675,100.00
17676,100.00
17677,100.00
17678,100.00
17679,100.00
17680,100.00
17681,100.00
17682,100.00
17683,100.00
17684,100.00
17685,100.00
17686,100.00
17687,100.00
17688,100.00
17689,100.00
17690,100.00
17691,100.00
17692,100.00
17693,100.00
17694,100.00
17695,100.00
17696,100.00
17697,100.00
17698,100.00
17699,100.00
17700,100.00
17701,100.00
17702,100.00
17703,100.00
17704,100.00
17705,100.00
17706,100.00
17707,100.00
17708,100.00
17709,100.00
17710,100.00
17711,100.00
17712,100.00
17713,100.00
17714,100.00
17715,100.00
17716,100.00
17717,100.00
17718,100.00
17719,100.00
17720,100.00
17721,100.00
17722,100.00
17723,100.00
17724,100.00
17725,100.00
17726,100.00
17727,100.00
17728,100.00
17729,100.00
17730,100.00
17731,100.00
17732,100.00
17733,100.00
17734,100.00
17735,100.00
17736,100.00
17737,100.00
17738,100.00
17739,100.00
17740,100.00
17741,100.00
17742,100.00
17743,100.00
17744,100.00
17745,100.00
17746,100.00
17747,100.00
17748,100.00
17749,100.00
17750,100.00
17751,100.00
17752,100.00
17753,100.00
17754,100.00
17755,100.00
17756,100.00
17757,100.00
17758,100.00
17759,100.00
17760,100.00
17761,100.00
17762,100.00
17763,100.00
17764,100.00
17765,100.00
17766,100.00
17767,100.00
17768,100.00
17769,100.00
17770,100.00
17771,100.00
17772,100.00
17773,100.00
17774,100.00
17775,100.00
17776,100.00
17777,100.00
17778,100.00
17779,100.00
17780,100.00
17781,100.00
17782,100.00
17783,100.00
17784,100.00
17785,100.00
17786,100.00
17787,100.00
17788,100.00
17789,100.00
17790,100.00
17791,100.00
17792,100.00
17793,100.00
17794,100.00
17795,100.00
17796,100.00
17797,100.00
17798,100.00
17799,100.00
17800,100.00
17801,100.00
17802,100.00
17803,100.00
17804,100.00
17805,100.00
17806,100.00
17807,100.00
17808,100.00
17809,100.00
17810,100.00
17811,100.00
17812,100.00
17813,100.00
17814,100.00
17815,100.00
17816,100.00
17817,100.00
17818,100.00
17819,100.00
17820,100.00
17821,100.00
17822,100.00
17823,100.00
17824,100.00
17825,100.00
17826,100.00
17827,100.00
17828,100.00
17829,100.00
17830,100.00
17831,100.00
17832,100.00
17833,100.00
17834,100.00
17835,100.00
17836,100.00
17837,100.00
17838,100.00
17839,100.00
17840,100.00
17841,100.00
17842,100.00
17843,100.00
17844,100.00
17845,100.00
17846,100.00
17847,100.00
17848,100.00
17849,100.00
17850,100.00
17851,100.00
17852,100.00
17853,100.00
17854,100.00
17855,100.00
17856,100.00
17857,100.00
17858,100.00
17859,100.00
17860,100.00
17861,100.00
17862,100.00
17863,100.00
17864,100.00
17865,100.00
17866,100.00
17867,100.00
17868,100.00
17869,100.00
17870,100.00
17871,100.00
17872,100.00
17873,100.00
17874,100.00
17875,100.00
17876,100.00
17877,100.00
17878,100.00
17879,100.00
17880,100.00
17881,100.00
17882,100.00
17883,100.00
17884,100.00
17885,100.00
17886,100.00
17887,100.00
17888,100.00
17889,100.00
17890,100.00
17891,100.00
17892,100.00
17893,100.00
17894,100.00
17895,100.00
17896,100.00
17897,100.00
17898,100.00
17899,100.00
17900,100.00
17901,100.00
17902,100.00
17903,100.00
17904,100.00
17905,100.00
17906,100.00
17907,100.00
17908,100.00
17909,100.00
17910,100.00
17911,100.00
17912,100.00
17913,100.00
17914,100.00
17915,100.00
17916,100.00
17917,100.00
17918,100.00
17919,100.00
17920,100.00
17921,100.00
17922,100.00
17923,100.00
17924,100.00
17925,100.00
17926,100.00
17927,100.00
17928,100.00
17929,100.00
17930,100.00
17931,100.00
17932,100.00
17933,100.00
17934,100.00
17935,100.00
17936,100.00
17937,100.00
17938,100.00
17939,100.00
17940,100.00
17941,100.00
17942,100.00
17943,100.00
17944,100.00
17945,100.00
17946,100.00
17947,100.00
17948,100.00
17949,100.00
17950,100.00
17951,100.00
17952,100.00
17953,100.00
17954,100.00
17955,100.00
17956,100.00
17957,100.00
17958,100.00
17959,100.00
17960,100.00
17961,100.00
17962,100.00
17963,100.00
17964,100.00
17965,100.00
17966,100.00
17967,100.00
17968,100.00
17969,100.00
17970,100.00
17971,100.00
17972,100.00
17973,100.00
17974,100.00
17975,100.00
17976,100.00
17977,100.00
17978,100.00
17979,100.00
17980,100.00
17981,100.00
17982,100.00
17983,100.00
17984,100.00
17985,100.00
17986,100.00
17987,100.00
17988,100.00
17989,100.00
17990,100.00
17991,100.00
17992,100.00
17993,100.00
17994,100.00
17995,100.00
17996,100.00
17997,100.00
17998,100.00
17999,100.00
18000,100.00
18001,100.00
18002,100.00
18003,100.00
18004,100.00
18005,100.00
18006,100.00
18007,100.00
18008,100.00
18009,100.00
18010,100.00
18011,100.00
18012,100.00
18013,100.00
18014,100.00
18015,100.00
18016,100.00
18017,100.00
18018,100.00
18019,100.00
18020,100.00
18021,100.00
18022,100.00
18023,100.00
18024,100.00
18025,100.00
18026,100.00
18027,100.00
18028,100.00
18029,100.00
18030,100.00
18031,100.00
18032,100.00
18033,100.00
18034,100.00
18035,100.00
18036,100.00
18037,100.00
18038,100.00
18039,100.00
18040,100.00
18041,100.00
18042,100.00
18043,100.00
18044,100.00
18045,100.00
18046,100.00
18047,100.00
18048,100.00
18049,100.00
18050,100.00
18051,100.00
18052,100.00
18053,100.00
18054,100.00
18055,100.00
18056,100.00
18057,100.00
18058,100.00
18059,100.00
18060,100.00
18061,100.00
18062,100.00
18063,100.00
18064,100.00
18065,100.00
18066,100.00
18067,100.00
18068,100.00
18069,100.00
18070,100.00
18071,100.00
18072,100.00
18073,100.00
18074,100.00
18075,100.00
18076,100.00
18077,100.00
18078,100.00
18079,100.00
18080,100.00
18081,100.00
18082,100.00
18083,100.00
18084,100.00
18085,100.00
18086,100.00
18087,100.00
18088,100.00
18089,100.00
18090,100.00
18091,100.00
18092,100.00
18093,100.00
18094,100.00
18095,100.00
18096,100.00
18097,100.00
18098,100.00
18099,100.00
18100,100.00
18101,100.00
18102,100.00
18103,100.00
18104,100.00
18105,100.00
18106,100.00
18107,100.00
18108,100.00
18109,100.00
18110,100.00
18111,100.00
18112,100.00
18113,100.00
18114,100.00
18115,100.00
18116,100.00
18117,100.00
18118,100.00
18119,100.00
18120,100.00
18121,100.00
18122,100.00
18123,100.00
18124,100.00
18125,100.00
18126,100.00
18127,100.00
18128,100.00
18129,100.00
18130,100.00
18131,100.00
18132,100.00
18133,100.00
18134,100.00
18135,100.00
18136,100.00
18137,100.00
18138,100.00
18139,100.00
18140,100.00
18141,100.00
18142,100.00
18143,100.00
18144,100.00
18145,100.00
18146,100.00
18147,100.00
18148,100.00
18149,100.00
18150,100.00
18151,100.00
18152,100.00
18153,100.00
18154,100.00
18155,100.00
18156,100.00
18157,100.00
18158,100.00
18159,100.00
18160,100.00
18161,100.00
18162,100.00
18163,100.00
18164,100.00
18165,100.00
18166,100.00
18167,100.00
18168,100.00
18169,100.00
18170,100.00
18171,100.00
18172,100.00
18173,100.00
18174,100.00
18175,100.00
18176,100.00
18177,100.00
18178,100.00
18179,100.00
18180,100.00
18181,100.00
18182,100.00
18183,100.00
18184,100.00
18185,100.00
18186,100.00
18187,100.00
18188,100.00
18189,100.00
18190,100.00
18191,100.00
18192,100.00
18193,100.00
18194,100.00
18195,100.00
18196,100.00
18197,100.00
18198,100.00
18199,100.00
18200,100.00
18201,100.00
18202,100.00
18203,100.00
18204,100.00
18205,100.00
18206,100.00
18207,100.00
18208,100.00
18209,100.00
18210,100.00
18211,100.00
18212,100.00
18213,100.00
18214,100.00
18215,100.00
18216,100.00
18217,100.00
18218,100.00
18219,100.00
18220,100.00
18221,100.00
18222,100.00
18223,100.00
18224,100.00
18225,100.00
18226,100.00
18227,100.00
18228,100.00
18229,100.00
18230,100.00
18231,100.00
18232,100.00
18233,100.00
18234,100.00
18235,100.00
18236,100.00
18237,100.00
18238,100.00
18239,100.00
18240,100.00
18241,100.00
18242,100.00
18243,100.00
18244,100.00
18245,100.00
18246,100.00
18247,100.00
18248,100.00
18249,100.00
18250,100.00
18251,100.00
18252,100.00
18253,100.00
18254,100.00
18255,100.00
18256,100.00
18257,100.00
18258,100.00
18259,100.00
18260,100.00
18261,100.00
18262,100.00
18263,100.00
18264,100.00
18265,100.00
18266,100.00
18267,100.00
18268,100.00
18269,100.00
18270,100.00
18271,100.00
18272,100.00
18273,100.00
18274,100.00
18275,100.00
18276,100.00
18277,100.00
18278,100.00
18279,100.00
18280,100.00
18281,100.00
18282,100.00
18283,100.00
18284,100.00
18285,100.00
18286,100.00
18287,100.00
18288,100.00
18289,100.00
18290,100.00
18291,100.00
18292,100.00
18293,100.00
18294,100.00
18295,100.00
18296,100.00
18297,100.00
18298,100.00
18299,100.00
18300,100.00
18301,100.00
18302,100.00
18303,100.00
18304,100.00
18305,100.00
18306,100.00
18307,100.00
18308,100.00
18309,100.00
18310,100.00
18311,100.00
18312,100.00
18313,100.00
18314,100.00
18315,100.00
18316,100.00
18317,100.00
18318,100.00
18319,100.00
18320,100.00
18321,100.00
18322,100.00
18323,100.00
18324,100.00
18325,100.00
18326,100.00
18327,100.00
18328,100.00
18329,100.00
18330,100.00
18331,100.00
18332,100.00
18333,100.00
18334,100.00
18335,100.00
18336,100.00
18337,100.00
18338,100.00
18339,100.00
18340,100.00
18341,100.00
18342,100.00
18343,100.00
18344,100.00
18345,100.00
18346,100.00
18347,100.00
18348,100.00
18349,100.00
18350,100.00
18351,100.00
18352,100.00
18353,100.00
18354,100.00
18355,100.00
18356,100.00
18357,100.00
18358,100.00
18359,100.00
18360,100.00
18361,100.00
18362,100.00
18363,100.00
18364,100.00
18365,100.00
18366,100.00
18367,100.00
18368,100.00
18369,100.00
18370,100.00
18371,100.00
18372,100.00
18373,100.00
18374,100.00
18375,100.00
18376,100.00
18377,100.00
18378,100.00
18379,100.00
18380,100.00
18381,100.00
18382,100.00
18383,100.00
18384,100.00
18385,100.00
18386,100.00
18387,100.00
18388,100.00
18389,100.00
18390,100.00
18391,100.00
18392,100.00
18393,100.00
18394,100.00
18395,100.00
18396,100.00
18397,100.00
18398,100.00
18399,100.00
18400,100.00
18401,100.00
18402,100.00
18403,100.00
18404,100.00
18405,100.00
18406,100.00
18407,100.00
18408,100.00
18409,100.00
18410,100.00
18411,100.00
18412,100.00
18413,100.00
18414,100.00
18415,100.00
18416,100.00
18417,100.00
18418,100.00
18419,100.00
18420,100.00
18421,100.00
18422,100.00
18423,100.00
18424,100.00
18425,100.00
18426,100.00
18427,100.00
18428,100.00
18429,100.00
18430,100.00
18431,100.00
18432,100.00
18433,100.00
18434,100.00
18435,100.00
18436,100.00
18437,100.00
18438,100.00
18439,100.00
18440,100.00
18441,100.00
18442,100.00
18443,100.00
18444,100.00
18445,100.00
18446,100.00
18447,100.00
18448,100.00
18449,100.00
18450,100.00
18451,100.00
18452,100.00
18453,100.00
18454,100.00
18455,100.00
18456,100.00
18457,100.00
18458,100.00
18459,100.00
18460,100.00
18461,100.00
18462,100.00
18463,100.00
18464,100.00
18465,100.00
18466,100.00
18467,100.00
18468,100.00
18469,100.00
18470,100.00
18471,100.00
18472,100.00
18473,100.00
18474,100.00
18475,100.00
18476,100.00
18477,100.00
18478,100.00
18479,100.00
18480,100.00
18481,100.00
18482,100.00
18483,100.00
18484,100.00
18485,100.00
18486,100.00
18487,100.00
18488,100.00
18489,100.00
18490,100.00
18491,100.00
18492,100.00
18493,100.00
18494,100.00
18495,100.00
18496,100.00
18497,100.00
18498,100.00
18499,100.00
18500,100.00
18501,100.00
18502,100.00
18503,100.00
18504,100.00
18505,100.00
18506,100.00
18507,100.00
18508,100.00
18509,100.00
18510,100.00
18511,100.00
18512,100.00
18513,100.00
18514,100.00
18515,100.00
18516,100.00
18517,100.00
18518,100.00
18519,100.00
18520,100.00
18521,100.00
18522,100.00
18523,100.00
18524,100.00
18525,100.00
18526,100.00
18527,100.00
18528,100.00
18529,100.00
18530,100.00
18531,100.00
18532,100.00
18533,100.00
18534,100.00
18535,100.00
18536,100.00
18537,100.00
18538,100.00
18539,100.00
18540,100.00
18541,100.00
18542,100.00
18543,100.00
18544,100.00
18545,100.00
18546,100.00
18547,100.00
18548,100.00
18549,100.00
18550,100.00
18551,100.00
18552,100.00
18553,100.00
18554,100.00
18555,100.00
18556,100.00
18557,100.00
18558,100.00
18559,100.00
18560,100.00
18561,100.00
18562,100.00
18563,100.00
18564,100.00
18565,100.00
18566,100.00
18567,100.00
18568,100.00
18569,100.00
18570,100.00
18571,100.00
18572,100.00
18573,100.00
18574,100.00
18575,100.00
18576,100.00
18577,100.00
18578,100.00
18579,100.00
18580,100.00
18581,100.00
18582,100.00
18583,100.00
18584,100.00
18585,100.00
18586,100.00
18587,100.00
18588,100.00
18589,100.00
18590,100.00
18591,100.00
18592,100.00
18593,100.00
18594,100.00
18595,100.00
18596,100.00
18597,100.00
18598,100.00
18599,100.00
18600,100.00
18601,100.00
18602,100.00
18603,100.00
18604,100.00
18605,100.00
18606,100.00
18607,100.00
18608,100.00
18609,100.00
18610,100.00
18611,100.00
18612,100.00
18613,100.00
18614,100.00
18615,100.00
18616,100.00
18617,100.00
18618,100.00
18619,100.00
18620,100.00
18621,100.00
18622,100.00
18623,100.00
18624,100.00
18625,100.00
18626,100.00
18627,100.00
18628,100.00
18629,100.00
18630,100.00
18631,100.00
18632,100.00
18633,100.00
18634,100.00
18635,100.00
18636,100.00
18637,100.00
18638,100.00
18639,100.00
18640,100.00
18641,100.00
18642,100.00
18643,100.00
18644,100.00
18645,100.00
18646,100.00
18647,100.00
18648,100.00
18649,100.00
18650,100.00
18651,100.00
18652,100.00
18653,100.00
18654,100.00
18655,100.00
18656,100.00
18657,100.00
18658,100.00
18659,100.00
18660,100.00
18661,100.00
18662,100.00
18663,100.00
18664,100.00
18665,100.00
18666,100.00
18667,100.00
18668,100.00
18669,100.00
18670,100.00
18671,100.00
18672,100.00
18673,100.00
18674,100.00
18675,100.00
18676,100.00
18677,100.00
18678,100.00
18679,100.00
18680,100.00
18681,100.00
18682,100.00
18683,100.00
18684,100.00
18685,100.00
18686,100.00
18687,100.00
18688,100.00
18689,100.00
18690,100.00
18691,100.00
18692,100.00
18693,100.00
18694,100.00
18695,100.00
18696,100.00
18697,100.00
18698,100.00
18699,100.00
18700,100.00
18701,100.00
18702,100.00
18703,100.00
18704,100.00
18705,100.00
18706,100.00
18707,100.00
18708,100.00
18709,100.00
18710,100.00
18711,100.00
18712,100.00
18713,100.00
18714,100.00
18715,100.00
18716,100.00
18717,100.00
18718,100.00
18719,100.00
18720,100.00
18721,100.00
18722,100.00
18723,100.00
18724,100.00
18725,100.00
18726,100.00
18727,100.00
18728,100.00
18729,100.00
18730,100.00
18731,100.00
18732,100.00
18733,100.00
18734,100.00
18735,100.00
18736,100.00
18737,100.00
18738,100.00
18739,100.00
18740,100.00
18741,100.00
18742,100.00
18743,100.00
18744,100.00
18745,100.00
18746,100.00
18747,100.00
18748,100.00
18749,100.00
18750,100.00
18751,100.00
18752,100.00
18753,100.00
18754,100.00
18755,100.00
18756,100.00
18757,100.00
18758,100.00
18759,100.00
18760,100.00
18761,100.00
18762,100.00
18763,100.00
18764,100.00
18765,100.00
18766,100.00
18767,100.00
18768,100.00
18769,100.00
18770,100.00
18771,100.00
18772,100.00
18773,100.00
18774,100.00
18775,100.00
18776,100.00
18777,100.00
18778,100.00
18779,100.00
18780,100.00
18781,100.00
18782,100.00
18783,100.00
18784,100.00
18785,100.00
18786,100.00
18787,100.00
18788,100.00
18789,100.00
18790,100.00
18791,100.00
18792,100.00
18793,100.00
18794,100.00
18795,100.00
18796,100.00
18797,100.00
18798,100.00
18799,100.00
18800,100.00
18801,100.00
18802,100.00
18803,100.00
18804,100.00
18805,100.00
18806,100.00
18807,100.00
18808,100.00
18809,100.00
18810,100.00
18811,100.00
18812,100.00
18813,100.00
18814,100.00
18815,100.00
18816,100.00
18817,100.00
18818,100.00
18819,100.00
18820,100.00
18821,100.00
18822,100.00
18823,100.00
18824,100.00
18825,100.00
18826,100.00
18827,100.00
18828,100.00
18829,100.00
18830,100.00
18831,100.00
18832,100.00
18833,100.00
18834,100.00
18835,100.00
18836,100.00
18837,100.00
18838,100.00
18839,100.00
18840,100.00
18841,100.00
18842,100.00
18843,100.00
18844,100.00
18845,100.00
18846,100.00
18847,100.00
18848,100.00
18849,100.00
18850,100.00
18851,100.00
18852,100.00
18853,100.00
18854,100.00
18855,100.00
18856,100.00
18857,100.00
18858,100.00
18859,100.00
18860,100.00
18861,100.00
18862,100.00
18863,100.00
18864,100.00
18865,100.00
18866,100.00
18867,100.00
18868,100.00
18869,100.00
18870,100.00
18871,100.00
18872,100.00
18873,100.00
18874,100.00
18875,100.00
18876,100.00
18877,100.00
18878,100.00
18879,100.00
18880,100.00
18881,100.00
18882,100.00
18883,100.00
18884,100.00
18885,100.00
18886,100.00
18887,100.00
18888,100.00
18889,100.00
18890,100.00
18891,100.00
18892,100.00
18893,100.00
18894,100.00
18895,100.00
18896,100.00
18897,100.00
18898,100.00
18899,100.00
18900,100.00
18901,100.00
18902,100.00
18903,100.00
18904,100.00
18905,100.00
18906,100.00
18907,100.00
18908,100.00
18909,100.00
18910,100.00
18911,100.00
18912,100.00
18913,100.00
18914,100.00
18915,100.00
18916,100.00
18917,100.00
18918,100.00
18919,100.00
18920,100.00
18921,100.00
18922,100.00
18923,100.00
18924,100.00
18925,100.00
18926,100.00
18927,100.00
18928,100.00
18929,100.00
18930,100.00
18931,100.00
18932,100.00
18933,100.00
18934,100.00
18935,100.00
18936,100.00
18937,100.00
18938,100.00
18939,100.00
18940,100.00
18941,100.00
18942,100.00
18943,100.00
18944,100.00
18945,100.00
18946,100.00
18947,100.00
18948,100.00
18949,100.00
18950,100.00
18951,100.00
18952,100.00
18953,100.00
18954,100.00
18955,100.00
18956,100.00
18957,100.00
18958,100.00
18959,100.00
18960,100.00
18961,100.00
18962,100.00
18963,100.00
18964,100.00
18965,100.00
18966,100.00
18967,100.00
18968,100.00
18969,100.00
18970,100.00
18971,100.00
18972,100.00
18973,100.00
18974,100.00
18975,100.00
18976,100.00
18977,100.00
18978,100.00
18979,100.00
18980,100.00
18981,100.00
18982,100.00
18983,100.00
18984,100.00
18985,100.00
18986,100.00
18987,100.00
18988,100.00
18989,100.00
18990,100.00
18991,100.00
18992,100.00
18993,100.00
18994,100.00
18995,100.00
18996,100.00
18997,100.00
18998,100.00
18999,100.00
19000,100.00
19001,100.00
19002,100.00
19003,100.00
19004,100.00
19005,100.00
19006,100.00
19007,100.00
19008,100.00
19009,100.00
19010,100.00
19011,100.00
19012,100.00
19013,100.00
19014,100.00
19015,100.00
19016,100.00
19017,100.00
19018,100.00
19019,100.00
19020,100.00
19021,100.00
19022,100.00
19023,100.00
19024,100.00
19025,100.00
19026,100.00
19027,100.00
19028,100.00
19029,100.00
19030,100.00
19031,100.00
19032,100.00
19033,100.00
19034,100.00
19035,100.00
19036,100.00
19037,100.00
19038,100.00
19039,100.00
19040,100.00
19041,100.00
19042,100.00
19043,100.00
19044,100.00
19045,100.00
19046,100.00
19047,100.00
19048,100.00
19049,100.00
19050,100.00
19051,100.00
19052,100.00
19053,100.00
19054,100.00
19055,100.00
19056,100.00
19057,100.00
19058,100.00
19059,100.00
19060,100.00
19061,100.00
19062,100.00
19063,100.00
19064,100.00
19065,100.00
19066,100.00
19067,100.00
19068,100.00
19069,100.00
19070,100.00
19071,100.00
19072,100.00
19073,100.00
19074,100.00
19075,100.00
19076,100.00
19077,100.00
19078,100.00
19079,100.00
19080,100.00
19081,100.00
19082,100.00
19083,100.00
19084,100.00
19085,100.00
19086,100.00
19087,100.00
19088,100.00
19089,100.00
19090,100.00
19091,100.00
19092,100.00
19093,100.00
19094,100.00
19095,100.00
19096,100.00
19097,100.00
19098,100.00
19099,100.00
19100,100.00
19101,100.00
19102,100.00
19103,100.00
19104,100.00
19105,100.00
19106,100.00
19107,100.00
19108,100.00
19109,100.00
19110,100.00
19111,100.00
19112,100.00
19113,100.00
19114,100.00
19115,100.00
19116,100.00
19117,100.00
19118,100.00
19119,100.00
19120,100.00
19121,100.00
19122,100.00
19123,100.00
19124,100.00
19125,100.00
19126,100.00
19127,100.00
19128,100.00
19129,100.00
19130,100.00
19131,100.00
19132,100.00
19133,100.00
19134,100.00
19135,100.00
19136,100.00
19137,100.00
19138,100.00
19139,100.00
19140,100.00
19141,100.00
19142,100.00
19143,100.00
19144,100.00
19145,100.00
19146,100.00
19147,100.00
19148,100.00
19149,100.00
19150,100.00
19151,100.00
19152,100.00
19153,100.00
19154,100.00
19155,100.00
19156,100.00
19157,100.00
19158,100.00
19159,100.00
19160,100.00
19161,100.00
19162,100.00
19163,100.00
19164,100.00
19165,100.00
19166,100.00
19167,100.00
19168,100.00
19169,100.00
19170,100.00
19171,100.00
19172,100.00
19173,100.00
19174,100.00
19175,100.00
19176,100.00
19177,100.00
19178,100.00
19179,100.00
19180,100.00
19181,100.00
19182,100.00
19183,100.00
19184,100.00
19185,100.00
19186,100.00
19187,100.00
19188,100.00
19189,100.00
19190,100.00
19191,100.00
19192,100.00
19193,100.00
19194,100.00
19195,100.00
19196,100.00
19197,100.00
19198,100.00
19199,100.00
19200,100.00
19201,100.00
19202,100.00
19203,100.00
19204,100.00
19205,100.00
19206,100.00
19207,100.00
19208,100.00
19209,100.00
19210,100.00
19211,100.00
19212,100.00
19213,100.00
19214,100.00
19215,100.00
19216,100.00
19217,100.00
19218,100.00
19219,100.00
19220,100.00
19221,100.00
19222,100.00
19223,100.00
19224,100.00
19225,100.00
19226,100.00
19227,100.00
19228,100.00
19229,100.00
19230,100.00
19231,100.00
19232,100.00
19233,100.00
19234,100.00
19235,100.00
19236,100.00
19237,100.00
19238,100.00
19239,100.00
19240,100.00
19241,100.00
19242,100.00
19243,100.00
19244,100.00
19245,100.00
19246,100.00
19247,100.00
19248,100.00
19249,100.00
19250,100.00
19251,100.00
19252,100.00
19253,100.00
19254,100.00
19255,100.00
19256,100.00
19257,100.00
19258,100.00
19259,100.00
19260,100.00
19261,100.00
19262,100.00
19263,100.00
19264,100.00
19265,100.00
19266,100.00
19267,100.00
19268,100.00
19269,100.00
19270,100.00
19271,100.00
19272,100.00
19273,100.00
19274,100.00
19275,100.00
19276,100.00
19277,100.00
19278,100.00
19279,100.00
19280,100.00
19281,100.00
19282,100.00
19283,100.00
19284,100.00
19285,100.00
19286,100.00
19287,100.00
19288,100.00
19289,100.00
19290,100.00
19291,100.00
19292,100.00
19293,100.00
19294,100.00
19295,100.00
19296,100.00
19297,100.00
19298,100.00
19299,100.00
19300,100.00
19301,100.00
19302,100.00
19303,100.00
19304,100.00
19305,100.00
19306,100.00
19307,100.00
19308,100.00
19309,100.00
19310,100.00
19311,100.00
19312,100.00
19313,100.00
19314,100.00
19315,100.00
19316,100.00
19317,100.00
19318,100.00
19319,100.00
19320,100.00
19321,100.00
19322,100.00
19323,100.00
19324,100.00
19325,100.00
19326,100.00
19327,100.00
19328,100.00
19329,100.00
19330,100.00
19331,100.00
19332,100.00
19333,100.00
19334,100.00
19335,100.00
19336,100.00
19337,100.00
19338,100.00
19339,100.00
19340,100.00
19341,100.00
19342,100.00
19343,100.00
19344,100.00
19345,100.00
19346,100.00
19347,100.00
19348,100.00
19349,100.00
19350,100.00
19351,100.00
19352,100.00
19353,100.00
19354,100.00
19355,100.00
19356,100.00
19357,100.00
19358,100.00
19359,100.00
19360,100.00
19361,100.00
19362,100.00
19363,100.00
19364,100.00
19365,100.00
19366,100.00
19367,100.00
19368,100.00
19369,100.00
19370,100.00
19371,100.00
19372,100.00
19373,100.00
19374,100.00
19375,100.00
19376,100.00
19377,100.00
19378,100.00
19379,100.00
19380,100.00
19381,100.00
19382,100.00
19383,100.00
19384,100.00
19385,100.00
19386,100.00
19387,100.00
19388,100.00
19389,100.00
19390,100.00
19391,100.00
19392,100.00
19393,100.00
19394,100.00
19395,100.00
19396,100.00
19397,100.00
19398,100.00
19399,100.00
19400,100.00
19401,100.00
19402,100.00
19403,100.00
19404,100.00
19405,100.00
19406,100.00
19407,100.00
19408,100.00
19409,100.00
19410,100.00
19411,100.00
19412,100.00
19413,100.00
19414,100.00
19415,100.00
19416,100.00
19417,100.00
19418,100.00
19419,100.00
19420,100.00
19421,100.00
19422,100.00
19423,100.00
19424,100.00
19425,100.00
19426,100.00
19427,100.00
19428,100.00
19429,100.00
19430,100.00
19431,100.00
19432,100.00
19433,100.00
19434,100.00
19435,100.00
19436,100.00
19437,100.00
19438,100.00
19439,100.00
19440,100.00
19441,100.00
19442,100.00
19443,100.00
19444,100.00
19445,100.00
19446,100.00
19447,100.00
19448,100.00
19449,100.00
19450,100.00
19451,100.00
19452,100.00
19453,100.00
19454,100.00
19455,100.00
19456,100.00
19457,100.00
19458,100.00
19459,100.00
19460,100.00
19461,100.00
19462,100.00
19463,100.00
19464,100.00
19465,100.00
19466,100.00
19467,100.00
19468,100.00
19469,100.00
19470,100.00
19471,100.00
19472,100.00
19473,100.00
19474,100.00
19475,100.00
19476,100.00
19477,100.00
19478,100.00
19479,100.00
19480,100.00
19481,100.00
19482,100.00
19483,100.00
19484,100.00
19485,100.00
19486,100.00
19487,100.00
19488,100.00
19489,100.00
19490,100.00
19491,100.00
19492,100.00
19493,100.00
19494,100.00
19495,100.00
19496,100.00
19497,100.00
19498,100.00
19499,100.00
19500,100.00
19501,100.00
19502,100.00
19503,100.00
19504,100.00
19505,100.00
19506,100.00
19507,100.00
19508,100.00
19509,100.00
19510,100.00
19511,100.00
19512,100.00
19513,100.00
19514,100.00
19515,100.00
19516,100.00
19517,100.00
19518,100.00
19519,100.00
19520,100.00
19521,100.00
19522,100.00
19523,100.00
19524,100.00
19525,100.00
19526,100.00
19527,100.00
19528,100.00
19529,100.00
19530,100.00
19531,100.00
19532,100.00
19533,100.00
19534,100.00
19535,100.00
19536,100.00
19537,100.00
19538,100.00
19539,100.00
19540,100.00
19541,100.00
19542,100.00
19543,100.00
19544,100.00
19545,100.00
19546,100.00
19547,100.00
19548,100.00
19549,100.00
19550,100.00
19551,100.00
19552,100.00
19553,100.00
19554,100.00
19555,100.00
19556,100.00
19557,100.00
19558,100.00
19559,100.00
19560,100.00
19561,100.00
19562,100.00
19563,100.00
19564,100.00
19565,100.00
19566,100.00
19567,100.00
19568,100.00
19569,100.00
19570,100.00
19571,100.00
19572,100.00
19573,100.00
19574,100.00
19575,100.00
19576,100.00
19577,100.00
19578,100.00
19579,100.00
19580,100.00
19581,100.00
19582,100.00
19583,100.00
19584,100.00
19585,100.00
19586,100.00
19587,100.00
19588,100.00
19589,100.00
19590,100.00
19591,100.00
19592,100.00
19593,100.00
19594,100.00
19595,100.00
19596,100.00
19597,100.00
19598,100.00
19599,100.00
19600,100.00
19601,100.00
19602,100.00
19603,100.00
19604,100.00
19605,100.00
19606,100.00
19607,100.00
19608,100.00
19609,100.00
19610,100.00
19611,100.00
19612,100.00
19613,100.00
19614,100.00
19615,100.00
19616,100.00
19617,100.00
19618,100.00
19619,100.00
19620,100.00
19621,100.00
19622,100.00
19623,100.00
19624,100.00
19625,100.00
19626,100.00
19627,100.00
19628,100.00
19629,100.00
19630,100.00
19631,100.00
19632,100.00
19633,100.00
19634,100.00
19635,100.00
19636,100.00
19637,100.00
19638,100.00
19639,100.00
19640,100.00
19641,100.00
19642,100.00
19643,100.00
19644,100.00
19645,100.00
19646,100.00
19647,100.00
19648,100.00
19649,100.00
19650,100.00
19651,100.00
19652,100.00
19653,100.00
19654,100.00
19655,100.00
19656,100.00
19657,100.00
19658,100.00
19659,100.00
19660,100.00
19661,100.00
19662,100.00
19663,100.00
19664,100.00
19665,100.00
19666,100.00
19667,100.00
19668,100.00
19669,100.00
19670,100.00
19671,100.00
19672,100.00
19673,100.00
19674,100.00
19675,100.00
19676,100.00
19677,100.00
19678,100.00
19679,100.00
19680,100.00
19681,100.00
19682,100.00
19683,100.00
19684,100.00
19685,100.00
19686,100.00
19687,100.00
19688,100.00
19689,100.00
19690,100.00
19691,100.00
19692,100.00
19693,100.00
19694,100.00
19695,100.00
19696,100.00
19697,100.00
19698,100.00
19699,100.00
19700,100.00
19701,100.00
19702,100.00
19703,100.00
19704,100.00
19705,100.00
19706,100.00
19707,100.00
19708,100.00
19709,100.00
19710,100.00
19711,100.00
19712,100.00
19713,100.00
19714,100.00
19715,100.00
19716,100.00
19717,100.00
19718,100.00
19719,100.00
19720,100.00
19721,100.00
19722,100.00
19723,100.00
19724,100.00
19725,100.00
19726,100.00
19727,100.00
19728,100.00
19729,100.00
19730,100.00
19731,100.00
19732,100.00
19733,100.00
19734,100.00
19735,100.00
19736,100.00
19737,100.00
19738,100.00
19739,100.00
19740,100.00
19741,100.00
19742,100.00
19743,100.00
19744,100.00
19745,100.00
19746,100.00
19747,100.00
19748,100.00
19749,100.00
19750,100.00
19751,100.00
19752,100.00
19753,100.00
19754,100.00
19755,100.00
19756,100.00
19757,100.00
19758,100.00
19759,100.00
19760,100.00
19761,100.00
19762,100.00
19763,100.00
19764,100.00
19765,100.00
19766,100.00
19767,100.00
19768,100.00
19769,100.00
19770,100.00
19771,100.00
19772,100.00
19773,100.00
19774,100.00
19775,100.00
19776,100.00
19777,100.00
19778,100.00
19779,100.00
19780,100.00
19781,100.00
19782,100.00
19783,100.00
19784,100.00
19785,100.00
19786,100.00
19787,100.00
19788,100.00
19789,100.00
19790,100.00
19791,100.00
19792,100.00
19793,100.00
19794,100.00
19795,100.00
19796,100.00
19797,100.00
19798,100.00
19799,100.00
19800,100.00
19801,100.00
19802,100.00
19803,100.00
19804,100.00
19805,100.00
19806,100.00
19807,100.00
19808,100.00
19809,100.00
19810,100.00
19811,100.00
19812,100.00
19813,100.00
19814,100.00
19815,100.00
19816,100.00
19817,100.00
19818,100.00
19819,100.00
19820,100.00
19821,100.00
19822,100.00
19823,100.00
19824,100.00
19825,100.00
19826,100.00
19827,100.00
19828,100.00
19829,100.00
19830,100.00
19831,100.00
19832,100.00
19833,100.00
19834,100.00
19835,100.00
19836,100.00
19837,100.00
19838,100.00
19839,100.00
19840,100.00
19841,100.00
19842,100.00
19843,100.00
19844,100.00
19845,100.00
19846,100.00
19847,100.00
19848,100.00
19849,100.00
19850,100.00
19851,100.00
19852,100.00
19853,100.00
19854,100.00
19855,100.00
19856,100.00
19857,100.00
19858,100.00
19859,100.00
19860,100.00
19861,100.00
19862,100.00
19863,100.00
19864,100.00
19865,100.00
19866,100.00
19867,100.00
19868,100.00
19869,100.00
19870,100.00
19871,100.00
19872,100.00
19873,100.00
19874,100.00
19875,100.00
19876,100.00
19877,100.00
19878,100.00
19879,100.00
19880,100.00
19881,100.00
19882,100.00
19883,100.00
19884,100.00
19885,100.00
19886,100.00
19887,100.00
19888,100.00
19889,100.00
19890,100.00
19891,100.00
19892,100.00
19893,100.00
19894,100.00
19895,100.00
19896,100.00
19897,100.00
19898,100.00
19899,100.00
19900,100.00
19901,100.00
19902,100.00
19903,100.00
19904,100.00
19905,100.00
19906,100.00
19907,100.00
19908,100.00
19909,100.00
19910,100.00
19911,100.00
19912,100.00
19913,100.00
19914,100.00
19915,100.00
19916,100.00
19917,100.00
19918,100.00
19919,100.00
19920,100.00
19921,100.00
19922,100.00
19923,100.00
19924,100.00
19925,100.00
19926,100.00
19927,100.00
19928,100.00
19929,100.00
19930,100.00
19931,100.00
19932,100.00
19933,100.00
19934,100.00
19935,100.00
19936,100.00
19937,100.00
19938,100.00
19939,100.00
19940,100.00
19941,100.00
19942,100.00
19943,100.00
19944,100.00
19945,100.00
19946,100.00
19947,100.00
19948,100.00
19949,100.00
19950,100.00
19951,100.00
19952,100.00
19953,100.00
19954,100.00
19955,100.00
19956,100.00
19957,100.00
19958,100.00
19959,100.00
19960,100.00
19961,100.00
19962,100.00
19963,100.00
19964,100.00
19965,100.00
19966,100.00
19967,100.00
19968,100.00
19969,100.00
19970,100.00
19971,100.00
19972,100.00
19973,100.00
19974,100.00
19975,100.00
19976,100.00
19977,100.00
19978,100.00
19979,100.00
19980,100.00
19981,100.00
19982,100.00
19983,100.00
19984,100.00
19985,100.00
19986,100.00
19987,100.00
19988,100.00
19989,100.00
19990,100.00
19991,100.00
19992,100.00
19993,100.00
19994,100.00
19995,100.00
19996,100.00
19997,100.00
19998,100.00
19999,100.00
20000,100.00
20001,100.00
20002,100.00
20003,100.00
20004,100.00
20005,100.00
20006,100.00
20007,100.00
20008,100.00
20009,100.00
20010,100.00
20011,100.00
20012,100.00
20013,100.00
20014,100.00
20015,100.00
20016,100.00
20017,100.00
20018,100.00
20019,100.00
20020,100.00
20021,100.00
20022,100.00
20023,100.00
20024,100.00
20025,100.00
20026,100.00
20027,100.00
20028,100.00
20029,100.00
20030,100.00
20031,100.00
20032,100.00
20033,100.00
20034,100.00
20035,100.00
20036,100.00
20037,100.00
20038,100.00
20039,100.00
20040,100.00
20041,100.00
20042,100.00
20043,100.00
20044,100.00
20045,100.00
20046,100.00
20047,100.00
20048,100.00
20049,100.00
20050,100.00
20051,100.00
20052,100.00
20053,100.00
20054,100.00
20055,100.00
20056,100.00
20057,100.00
20058,100.00
20059,100.00
20060,100.00
20061,100.00
20062,100.00
20063,100.00
20064,100.00
20065,100.00
20066,100.00
20067,100.00
20068,100.00
20069,100.00
20070,100.00
20071,100.00
20072,100.00
20073,100.00
20074,100.00
20075,100.00
20076,100.00
20077,100.00
20078,100.00
20079,100.00
20080,100.00
20081,100.00
20082,100.00
20083,100.00
20084,100.00
20085,100.00
20086,100.00
20087,100.00
20088,100.00
20089,100.00
20090,100.00
20091,100.00
20092,100.00
20093,100.00
20094,100.00
20095,100.00
20096,100.00
20097,100.00
20098,100.00
20099,100.00
20100,100.00
20101,100.00
20102,100.00
20103,100.00
20104,100.00
20105,100.00
20106,100.00
20107,100.00
20108,100.00
20109,100.00
20110,100.00
20111,100.00
20112,100.00
20113,100.00
20114,100.00
20115,100.00
20116,100.00
20117,100.00
20118,100.00
20119,100.00
20120,100.00
20121,100.00
20122,100.00
20123,100.00
20124,100.00
20125,100.00
20126,100.00
20127,100.00
20128,100.00
20129,100.00
20130,100.00
20131,100.00
20132,100.00
20133,100.00
20134,100.00
20135,100.00
20136,100.00
20137,100.00
20138,100.00
20139,100.00
20140,100.00
20141,100.00
20142,100.00
20143,100.00
20144,100.00
20145,100.00
20146,100.00
20147,100.00
20148,100.00
20149,100.00
20150,100.00
20151,100.00
20152,100.00
20153,100.00
20154,100.00
20155,100.00
20156,100.00
20157,100.00
20158,100.00
20159,100.00
20160,100.00
20161,100.00
20162,100.00
20163,100.00
20164,100.00
20165,100.00
20166,100.00
20167,100.00
20168,100.00
20169,100.00
20170,100.00
20171,100.00
20172,100.00
20173,100.00
20174,100.00
20175,100.00
20176,100.00
20177,100.00
20178,100.00
20179,100.00
20180,100.00
20181,100.00
20182,100.00
20183,100.00
20184,100.00
20185,100.00
20186,100.00
20187,100.00
20188,100.00
20189,100.00
20190,100.00
20191,100.00
20192,100.00
20193,100.00
20194,100.00
20195,100.00
20196,100.00
20197,100.00
20198,100.00
20199,100.00
20200,100.00
20201,100.00
20202,100.00
20203,100.00
20204,100.00
20205,100.00
20206,100.00
20207,100.00
20208,100.00
20209,100.00
20210,100.00
20211,100.00
20212,100.00
20213,100.00
20214,100.00
20215,100.00
20216,100.00
20217,100.00
20218,100.00
20219,100.00
20220,100.00
20221,100.00
20222,100.00
20223,100.00
20224,100.00
20225,100.00
20226,100.00
20227,100.00
20228,100.00
20229,100.00
20230,100.00
20231,100.00
20232,100.00
20233,100.00
20234,100.00
20235,100.00
20236,100.00
20237,100.00
20238,100.00
20239,100.00
20240,100.00
20241,100.00
20242,100.00
20243,100.00
20244,100.00
20245,100.00
20246,100.00
20247,100.00
20248,100.00
20249,100.00
20250,100.00
20251,100.00
20252,100.00
20253,100.00
20254,100.00
20255,100.00
20256,100.00
20257,100.00
20258,100.00
20259,100.00
20260,100.00
20261,100.00
20262,100.00
20263,100.00
20264,100.00
20265,100.00
20266,100.00
20267,100.00
20268,100.00
20269,100.00
20270,100.00
20271,100.00
20272,100.00
20273,100.00
20274,100.00
20275,100.00
20276,100.00
20277,100.00
20278,100.00
20279,100.00
20280,100.00
20281,100.00
20282,100.00
20283,100.00
20284,100.00
20285,100.00
20286,100.00
20287,100.00
20288,100.00
20289,100.00
20290,100.00
20291,100.00
20292,100.00
20293,100.00
20294,100.00
20295,100.00
20296,100.00
20297,100.00
20298,100.00
20299,100.00
20300,100.00
20301,100.00
20302,100.00
20303,100.00
20304,100.00
20305,100.00
20306,100.00
20307,100.00
20308,100.00
20309,100.00
20310,100.00
20311,100.00
20312,100.00
20313,100.00
20314,100.00
20315,100.00
20316,100.00
20317,100.00
20318,100.00
20319,100.00
20320,100.00
20321,100.00
20322,100.00
20323,100.00
20324,100.00
20325,100.00
20326,100.00
20327,100.00
20328,100.00
20329,100.00
20330,100.00
20331,100.00
20332,100.00
20333,100.00
20334,100.00
20335,100.00
20336,100.00
20337,100.00
20338,100.00
20339,100.00
20340,100.00
20341,100.00
20342,100.00
20343,100.00
20344,100.00
20345,100.00
20346,100.00
20347,100.00
20348,100.00
20349,100.00
20350,100.00
20351,100.00
20352,100.00
20353,100.00
20354,100.00
20355,100.00
20356,100.00
20357,100.00
20358,100.00
20359,100.00
20360,100.00
20361,100.00
20362,100.00
20363,100.00
20364,100.00
20365,100.00
20366,100.00
20367,100.00
20368,100.00
20369,100.00
20370,100.00
20371,100.00
20372,100.00
20373,100.00
20374,100.00
20375,100.00
20376,100.00
20377,100.00
20378,100.00
20379,100.00
20380,100.00
20381,100.00
20382,100.00
20383,100.00
20384,100.00
20385,100.00
20386,100.00
20387,100.00
20388,100.00
20389,100.00
20390,100.00
20391,100.00
20392,100.00
20393,100.00
20394,100.00
20395,100.00
20396,100.00
20397,100.00
20398,100.00
20399,100.00
20400,100.00
20401,100.00
20402,100.00
20403,100.00
20404,100.00
20405,100.00
20406,100.00
20407,100.00
20408,100.00
20409,100.00
20410,100.00
20411,100.00
20412,100.00
20413,100.00
20414,100.00
20415,100.00
20416,100.00
20417,100.00
20418,100.00
20419,100.00
20420,100.00
20421,100.00
20422,100.00
20423,100.00
20424,100.00
20425,100.00
20426,100.00
20427,100.00
20428,100.00
20429,100.00
20430,100.00
20431,100.00
20432,100.00
20433,100.00
20434,100.00
20435,100.00
20436,100.00
20437,100.00
20438,100.00
20439,100.00
20440,100.00
20441,100.00
20442,100.00
20443,100.00
20444,100.00
20445,100.00
20446,100.00
20447,100.00
20448,100.00
20449,100.00
20450,100.00
20451,100.00
20452,100.00
20453,100.00
20454,100.00
20455,100.00
20456,100.00
20457,100.00
20458,100.00
20459,100.00
20460,100.00
20461,100.00
20462,100.00
20463,100.00
20464,100.00
20465,100.00
20466,100.00
20467,100.00
20468,100.00
20469,100.00
20470,100.00
20471,100.00
20472,100.00
20473,100.00
20474,100.00
20475,100.00
20476,100.00
20477,100.00
20478,100.00
20479,100.00
20480,100.00
20481,100.00
20482,100.00
20483,100.00
20484,100.00
20485,100.00
20486,100.00
20487,100.00
20488,100.00
20489,100.00
20490,100.00
20491,100.00
20492,100.00
20493,100.00
20494,100.00
20495,100.00
20496,100.00
20497,100.00
20498,100.00
20499,100.00
20500,100.00
20501,100.00
20502,100.00
20503,100.00
20504,100.00
20505,100.00
20506,100.00
20507,100.00
20508,100.00
20509,100.00
20510,100.00
20511,100.00
20512,100.00
20513,100.00
20514,100.00
20515,100.00
20516,100.00
20517,100.00
20518,100.00
20519,100.00
20520,100.00
20521,100.00
20522,100.00
20523,100.00
20524,100.00
20525,100.00
20526,100.00
20527,100.00
20528,100.00
20529,100.00
20530,100.00
20531,100.00
20532,100.00
20533,100.00
20534,100.00
20535,100.00
20536,100.00
20537,100.00
20538,100.00
20539,100.00
20540,100.00
20541,100.00
20542,100.00
20543,100.00
20544,100.00
20545,100.00
20546,100.00
20547,100.00
20548,100.00
20549,100.00
20550,100.00
20551,100.00
20552,100.00
20553,100.00
20554,100.00
20555,100.00
20556,100.00
20557,100.00
20558,100.00
20559,100.00
20560,100.00
20561,100.00
20562,100.00
20563,100.00
20564,100.00
20565,100.00
20566,100.00
20567,100.00
20568,100.00
20569,100.00
20570,100.00
20571,100.00
20572,100.00
20573,100.00
20574,100.00
20575,100.00
20576,100.00
20577,100.00
20578,100.00
20579,100.00
20580,100.00
20581,100.00
20582,100.00
20583,100.00
20584,100.00
20585,100.00
20586,100.00
20587,100.00
20588,100.00
20589,100.00
20590,100.00
20591,100.00
20592,100.00
20593,100.00
20594,100.00
20595,100.00
20596,100.00
20597,100.00
20598,100.00
20599,100.00
20600,100.00
20601,100.00
20602,100.00
20603,100.00
20604,100.00
20605,100.00
20606,100.00
20607,100.00
20608,100.00
20609,100.00
20610,100.00
20611,100.00
20612,100.00
20613,100.00
20614,100.00
20615,100.00
20616,100.00
20617,100.00
20618,100.00
20619,100.00
20620,100.00
20621,100.00
20622,100.00
20623,100.00
20624,100.00
20625,100.00
20626,100.00
20627,100.00
20628,100.00
20629,100.00
20630,100.00
20631,100.00
20632,100.00
20633,100.00
20634,100.00
20635,100.00
20636,100.00
20637,100.00
20638,100.00
20639,100.00
20640,100.00
20641,100.00
20642,100.00
20643,100.00
20644,100.00
20645,100.00
20646,100.00
20647,100.00
20648,100.00
20649,100.00
20650,100.00
20651,100.00
20652,100.00
20653,100.00
20654,100.00
20655,100.00
20656,100.00
20657,100.00
20658,100.00
20659,100.00
20660,100.00
20661,100.00
20662,100.00
20663,100.00
20664,100.00
20665,100.00
20666,100.00
20667,100.00
20668,100.00
20669,100.00
20670,100.00
20671,100.00
20672,100.00
20673,100.00
20674,100.00
20675,100.00
20676,100.00
20677,100.00
20678,100.00
20679,100.00
20680,100.00
20681,100.00
20682,100.00
20683,100.00
20684,100.00
20685,100.00
20686,100.00
20687,100.00
20688,100.00
20689,100.00
20690,100.00
20691,100.00
20692,100.00
20693,100.00
20694,100.00
20695,100.00
20696,100.00
20697,100.00
20698,100.00
20699,100.00
20700,100.00
20701,100.00
20702,100.00
20703,100.00
20704,100.00
20705,100.00
20706,100.00
20707,100.00
20708,100.00
20709,100.00
20710,100.00
20711,100.00
20712,100.00
20713,100.00
20714,100.00
20715,100.00
20716,100.00
20717,100.00
20718,100.00
20719,100.00
20720,100.00
20721,100.00
20722,100.00
20723,100.00
20724,100.00
20725,100.00
20726,100.00
20727,100.00
20728,100.00
20729,100.00
20730,100.00
20731,100.00
20732,100.00
20733,100.00
20734,100.00
20735,100.00
20736,100.00
20737,100.00
20738,100.00
20739,100.00
20740,100.00
20741,100.00
20742,100.00
20743,100.00
20744,100.00
20745,100.00
20746,100.00
20747,100.00
20748,100.00
20749,100.00
20750,100.00
20751,100.00
20752,100.00
20753,100.00
20754,100.00
20755,100.00
20756,100.00
20757,100.00
20758,100.00
20759,100.00
20760,100.00
20761,100.00
20762,100.00
20763,100.00
20764,100.00
20765,100.00
20766,100.00
20767,100.00
20768,100.00
20769,100.00
20770,100.00
20771,100.00
20772,100.00
20773,100.00
20774,100.00
20775,100.00
20776,100.00
20777,100.00
20778,100.00
20779,100.00
20780,100.00
20781,100.00
20782,100.00
20783,100.00
20784,100.00
20785,100.00
20786,100.00
20787,100.00
20788,100.00
20789,100.00
20790,100.00
20791,100.00
20792,100.00
20793,100.00
20794,100.00
20795,100.00
20796,100.00
20797,100.00
20798,100.00
20799,100.00
20800,100.00
20801,100.00
20802,100.00
20803,100.00
20804,100.00
20805,100.00
20806,100.00
20807,100.00
20808,100.00
20809,100.00
20810,100.00
20811,100.00
20812,100.00
20813,100.00
20814,100.00
20815,100.00
20816,100.00
20817,100.00
20818,100.00
20819,100.00
20820,100.00
20821,100.00
20822,100.00
20823,100.00
20824,100.00
20825,100.00
20826,100.00
20827,100.00
20828,100.00
20829,100.00
20830,100.00
20831,100.00
20832,100.00
20833,100.00
20834,100.00
20835,100.00
20836,100.00
20837,100.00
20838,100.00
20839,100.00
20840,100.00
20841,100.00
20842,100.00
20843,100.00
20844,100.00
20845,100.00
20846,100.00
20847,100.00
20848,100.00
20849,100.00
20850,100.00
20851,100.00
20852,100.00
20853,100.00
20854,100.00
20855,100.00
20856,100.00
20857,100.00
20858,100.00
20859,100.00
20860,100.00
20861,100.00
20862,100.00
20863,100.00
20864,100.00
20865,100.00
20866,100.00
20867,100.00
20868,100.00
20869,100.00
20870,100.00
20871,100.00
20872,100.00
20873,100.00
20874,100.00
20875,100.00
20876,100.00
20877,100.00
20878,100.00
20879,100.00
20880,100.00
20881,100.00
20882,100.00
20883,100.00
20884,100.00
20885,100.00
20886,100.00
20887,100.00
20888,100.00
20889,100.00
20890,100.00
20891,100.00
20892,100.00
20893,100.00
20894,100.00
20895,100.00
20896,100.00
20897,100.00
20898,100.00
20899,100.00
20900,100.00
20901,100.00
20902,100.00
20903,100.00
20904,100.00
20905,100.00
20906,100.00
20907,100.00
20908,100.00
20909,100.00
20910,100.00
20911,100.00
20912,100.00
20913,100.00
20914,100.00
20915,100.00
20916,100.00
20917,100.00
20918,100.00
20919,100.00
20920,100.00
20921,100.00
20922,100.00
20923,100.00
20924,100.00
20925,100.00
20926,100.00
20927,100.00
20928,100.00
20929,100.00
20930,100.00
20931,100.00
20932,100.00
20933,100.00
20934,100.00
20935,100.00
20936,100.00
20937,100.00
20938,100.00
20939,100.00
20940,100.00
20941,100.00
20942,100.00
20943,100.00
20944,100.00
20945,100.00
20946,100.00
20947,100.00
20948,100.00
20949,100.00
20950,100.00
20951,100.00
20952,100.00
20953,100.00
20954,100.00
20955,100.00
20956,100.00
20957,100.00
20958,100.00
20959,100.00
20960,100.00
20961,100.00
20962,100.00
20963,100.00
20964,100.00
20965,100.00
20966,100.00
20967,100.00
20968,100.00
20969,100.00
20970,100.00
20971,100.00
20972,100.00
20973,100.00
20974,100.00
20975,100.00
20976,100.00
20977,100.00
20978,100.00
20979,100.00
20980,100.00
20981,100.00
20982,100.00
20983,100.00
20984,100.00
20985,100.00
20986,100.00
20987,100.00
20988,100.00
20989,100.00
20990,100.00
20991,100.00
20992,100.00
20993,100.00
20994,100.00
20995,100.00
20996,100.00
20997,100.00
20998,100.00
20999,100.00
21000,100.00
21001,100.00
21002,100.00
21003,100.00
21004,100.00
21005,100.00
21006,100.00
21007,100.00
21008,100.00
21009,100.00
21010,100.00
21011,100.00
21012,100.00
21013,100.00
21014,100.00
21015,100.00
21016,100.00
21017,100.00
21018,100.00
21019,100.00
21020,100.00
21021,100.00
21022,100.00
21023,100.00
21024,100.00
21025,100.00
21026,100.00
21027,100.00
21028,100.00
21029,100.00
21030,100.00
21031,100.00
21032,100.00
21033,100.00
21034,100.00
21035,100.00
21036,100.00
21037,100.00
21038,100.00
21039,100.00
21040,100.00
21041,100.00
21042,100.00
21043,100.00
21044,100.00
21045,100.00
21046,100.00
21047,100.00
21048,100.00
21049,100.00
21050,100.00
21051,100.00
21052,100.00
21053,100.00
21054,100.00
21055,100.00
21056,100.00
21057,100.00
21058,100.00
21059,100.00
21060,100.00
21061,100.00
21062,100.00
21063,100.00
21064,100.00
21065,100.00
21066,100.00
21067,100.00
21068,100.00
21069,100.00
21070,100.00
21071,100.00
21072,100.00
21073,100.00
21074,100.00
21075,100.00
21076,100.00
21077,100.00
21078,100.00
21079,100.00
21080,100.00
21081,100.00
21082,100.00
21083,100.00
21084,100.00
21085,100.00
21086,100.00
21087,100.00
21088,100.00
21089,100.00
21090,100.00
21091,100.00
21092,100.00
21093,100.00
21094,100.00
21095,100.00
21096,100.00
21097,100.00
21098,100.00
21099,100.00
21100,100.00
21101,100.00
21102,100.00
21103,100.00
21104,100.00
21105,100.00
21106,100.00
21107,100.00
21108,100.00
21109,100.00
21110,100.00
21111,100.00
21112,100.00
21113,100.00
21114,100.00
21115,100.00
21116,100.00
21117,100.00
21118,100.00
21119,100.00
21120,100.00
21121,100.00
21122,100.00
21123,100.00
21124,100.00
21125,100.00
21126,100.00
21127,100.00
21128,100.00
21129,100.00
21130,100.00
21131,100.00
21132,100.00
21133,100.00
21134,100.00
21135,100.00
21136,100.00
21137,100.00
21138,100.00
21139,100.00
21140,100.00
21141,100.00
21142,100.00
21143,100.00
21144,100.00
21145,100.00
21146,100.00
21147,100.00
21148,100.00
21149,100.00
21150,100.00
21151,100.00
21152,100.00
21153,100.00
21154,100.00
21155,100.00
21156,100.00
21157,100.00
21158,100.00
21159,100.00
21160,100.00
21161,100.00
21162,100.00
21163,100.00
21164,100.00
21165,100.00
21166,100.00
21167,100.00
21168,100.00
21169,100.00
21170,100.00
21171,100.00
21172,100.00
21173,100.00
21174,100.00
21175,100.00
21176,100.00
21177,100.00
21178,100.00
21179,100.00
21180,100.00
21181,100.00
21182,100.00
21183,100.00
21184,100.00
21185,100.00
21186,100.00
21187,100.00
21188,100.00
21189,100.00
21190,100.00
21191,100.00
21192,100.00
21193,100.00
21194,100.00
21195,100.00
21196,100.00
21197,100.00
21198,100.00
21199,100.00
21200,100.00
21201,100.00
21202,100.00
21203,100.00
21204,100.00
21205,100.00
21206,100.00
21207,100.00
21208,100.00
21209,100.00
21210,100.00
21211,100.00
21212,100.00
21213,100.00
21214,100.00
21215,100.00
21216,100.00
21217,100.00
21218,100.00
21219,100.00
21220,100.00
21221,100.00
21222,100.00
21223,100.00
21224,100.00
21225,100.00
21226,100.00
21227,100.00
21228,100.00
21229,100.00
21230,100.00
21231,100.00
21232,100.00
21233,100.00
21234,100.00
21235,100.00
21236,100.00
21237,100.00
21238,100.00
21239,100.00
21240,100.00
21241,100.00
21242,100.00
21243,100.00
21244,100.00
21245,100.00
21246,100.00
21247,100.00
21248,100.00
21249,100.00
21250,100.00
21251,100.00
21252,100.00
21253,100.00
21254,100.00
21255,100.00
21256,100.00
21257,100.00
21258,100.00
21259,100.00
21260,100.00
21261,100.00
21262,100.00
21263,100.00
21264,100.00
21265,100.00
21266,100.00
21267,100.00
21268,100.00
21269,100.00
21270,100.00
21271,100.00
21272,100.00
21273,100.00
21274,100.00
21275,100.00
21276,100.00
21277,100.00
21278,100.00
21279,100.00
21280,100.00
21281,100.00
21282,100.00
21283,100.00
21284,100.00
21285,100.00
21286,100.00
21287,100.00
21288,100.00
21289,100.00
21290,100.00
21291,100.00
21292,100.00
21293,100.00
21294,100.00
21295,100.00
21296,100.00
21297,100.00
21298,100.00
21299,100.00
21300,100.00
21301,100.00
21302,100.00
21303,100.00
21304,100.00
21305,100.00
21306,100.00
21307,100.00
21308,100.00
21309,100.00
21310,100.00
21311,100.00
21312,100.00
21313,100.00
21314,100.00
21315,100.00
21316,100.00
21317,100.00
21318,100.00
21319,100.00
21320,100.00
21321,100.00
21322,100.00
21323,100.00
21324,100.00
21325,100.00
21326,100.00
21327,100.00
21328,100.00
21329,100.00
21330,100.00
21331,100.00
21332,100.00
21333,100.00
21334,100.00
21335,100.00
21336,100.00
21337,100.00
21338,100.00
21339,100.00
21340,100.00
21341,100.00
21342,100.00
21343,100.00
21344,100.00
21345,100.00
21346,100.00
21347,100.00
21348,100.00
21349,100.00
21350,100.00
21351,100.00
21352,100.00
21353,100.00
21354,100.00
21355,100.00
21356,100.00
21357,100.00
21358,100.00
21359,100.00
21360,100.00
21361,100.00
21362,100.00
21363,100.00
21364,100.00
21365,100.00
21366,100.00
21367,100.00
21368,100.00
21369,100.00
21370,100.00
21371,100.00
21372,100.00
21373,100.00
21374,100.00
21375,100.00
21376,100.00
21377,100.00
21378,100.00
21379,100.00
21380,100.00
21381,100.00
21382,100.00
21383,100.00
21384,100.00
21385,100.00
21386,100.00
21387,100.00
21388,100.00
21389,100.00
21390,100.00
21391,100.00
21392,100.00
21393,100.00
21394,100.00
21395,100.00
21396,100.00
21397,100.00
21398,100.00
21399,100.00
21400,100.00
21401,100.00
21402,100.00
21403,100.00
21404,100.00
21405,100.00
21406,100.00
21407,100.00
21408,100.00
21409,100.00
21410,100.00
21411,100.00
21412,100.00
21413,100.00
21414,100.00
21415,100.00
21416,100.00
21417,100.00
21418,100.00
21419,100.00
21420,100.00
21421,100.00
21422,100.00
21423,100.00
21424,100.00
21425,100.00
21426,100.00
21427,100.00
21428,100.00
21429,100.00
21430,100.00
21431,100.00
21432,100.00
21433,100.00
21434,100.00
21435,100.00
21436,100.00
21437,100.00
21438,100.00
21439,100.00
21440,100.00
21441,100.00
21442,100.00
21443,100.00
21444,100.00
21445,100.00
21446,100.00
21447,100.00
21448,100.00
21449,100.00
21450,100.00
21451,100.00
21452,100.00
21453,100.00
21454,100.00
21455,100.00
21456,100.00
21457,100.00
21458,100.00
21459,100.00
21460,100.00
21461,100.00
21462,100.00
21463,100.00
21464,100.00
21465,100.00
21466,100.00
21467,100.00
21468,100.00
21469,100.00
21470,100.00
21471,100.00
21472,100.00
21473,100.00
21474,100.00
21475,100.00
21476,100.00
21477,100.00
21478,100.00
21479,100.00
21480,100.00
21481,100.00
21482,100.00
21483,100.00
21484,100.00
21485,100.00
21486,100.00
21487,100.00
21488,100.00
21489,100.00
21490,100.00
21491,100.00
21492,100.00
21493,100.00
21494,100.00
21495,100.00
21496,100.00
21497,100.00
21498,100.00
21499,100.00
21500,100.00
21501,100.00
21502,100.00
21503,100.00
21504,100.00
21505,100.00
21506,100.00
21507,100.00
21508,100.00
21509,100.00
21510,100.00
21511,100.00
21512,100.00
21513,100.00
21514,100.00
21515,100.00
21516,100.00
21517,100.00
21518,100.00
21519,100.00
21520,100.00
21521,100.00
21522,100.00
21523,100.00
21524,100.00
21525,100.00
21526,100.00
21527,100.00
21528,100.00
21529,100.00
21530,100.00
21531,100.00
21532,100.00
21533,100.00
21534,100.00
21535,100.00
21536,100.00
21537,100.00
21538,100.00
21539,100.00
21540,100.00
21541,100.00
21542,100.00
21543,100.00
21544,100.00
21545,100.00
21546,100.00
21547,100.00
21548,100.00
21549,100.00
21550,100.00
21551,100.00
21552,100.00
21553,100.00
21554,100.00
21555,100.00
21556,100.00
21557,100.00
21558,100.00
21559,100.00
21560,100.00
21561,100.00
21562,100.00
21563,100.00
21564,100.00
21565,100.00
21566,100.00
21567,100.00
21568,100.00
21569,100.00
21570,100.00
21571,100.00
21572,100.00
21573,100.00
21574,100.00
21575,100.00
21576,100.00
21577,100.00
21578,100.00
21579,100.00
21580,100.00
21581,100.00
21582,100.00
21583,100.00
21584,100.00
21585,100.00
21586,100.00
21587,100.00
21588,100.00
21589,100.00
21590,100.00
21591,100.00
21592,100.00
21593,100.00
21594,100.00
21595,100.00
21596,100.00
21597,100.00
21598,100.00
21599,100.00
21600,100.00
21601,100.00
21602,100.00
21603,100.00
21604,100.00
21605,100.00
21606,100.00
21607,100.00
21608,100.00
21609,100.00
21610,100.00
21611,100.00
21612,100.00
21613,100.00
21614,100.00
21615,100.00
21616,100.00
21617,100.00
21618,100.00
21619,100.00
21620,100.00
21621,100.00
21622,100.00
21623,100.00
21624,100.00
21625,100.00
21626,100.00
21627,100.00
21628,100.00
21629,100.00
21630,100.00
21631,100.00
21632,100.00
21633,100.00
21634,100.00
21635,100.00
21636,100.00
21637,100.00
21638,100.00
21639,100.00
21640,100.00
21641,100.00
21642,100.00
21643,100.00
21644,100.00
21645,100.00
21646,100.00
21647,100.00
21648,100.00
21649,100.00
21650,100.00
21651,100.00
21652,100.00
21653,100.00
21654,100.00
21655,100.00
21656,100.00
21657,100.00
21658,100.00
21659,100.00
21660,100.00
21661,100.00
21662,100.00
21663,100.00
21664,100.00
21665,100.00
21666,100.00
21667,100.00
21668,100.00
21669,100.00
21670,100.00
21671,100.00
21672,100.00
21673,100.00
21674,100.00
21675,100.00
21676,100.00
21677,100.00
21678,100.00
21679,100.00
21680,100.00
21681,100.00
21682,100.00
21683,100.00
21684,100.00
21685,100.00
21686,100.00
21687,100.00
21688,100.00
21689,100.00
21690,100.00
21691,100.00
21692,100.00
21693,100.00
21694,100.00
21695,100.00
21696,100.00
21697,100.00
21698,100.00
21699,100.00
21700,100.00
21701,100.00
21702,100.00
21703,100.00
21704,100.00
21705,100.00
21706,100.00
21707,100.00
21708,100.00
21709,100.00
21710,100.00
21711,100.00
21712,100.00
21713,100.00
21714,100.00
21715,100.00
21716,100.00
21717,100.00
21718,100.00
21719,100.00
21720,100.00
21721,100.00
21722,100.00
21723,100.00
21724,100.00
21725,100.00
21726,100.00
21727,100.00
21728,100.00
21729,100.00
21730,100.00
21731,100.00
21732,100.00
21733,100.00
21734,100.00
21735,100.00
21736,100.00
21737,100.00
21738,100.00
21739,100.00
21740,100.00
21741,100.00
21742,100.00
21743,100.00
21744,100.00
21745,100.00
21746,100.00
21747,100.00
21748,100.00
21749,100.00
21750,100.00
21751,100.00
21752,100.00
21753,100.00
21754,100.00
21755,100.00
21756,100.00
21757,100.00
21758,100.00
21759,100.00
21760,100.00
21761,100.00
21762,100.00
21763,100.00
21764,100.00
21765,100.00
21766,100.00
21767,100.00
21768,100.00
21769,100.00
21770,100.00
21771,100.00
21772,100.00
21773,100.00
21774,100.00
21775,100.00
21776,100.00
21777,100.00
21778,100.00
21779,100.00
21780,100.00
21781,100.00
21782,100.00
21783,100.00
21784,100.00
21785,100.00
21786,100.00
21787,100.00
21788,100.00
21789,100.00
21790,100.00
21791,100.00
21792,100.00
21793,100.00
21794,100.00
21795,100.00
21796,100.00
21797,100.00
21798,100.00
21799,100.00
21800,100.00
21801,100.00
21802,100.00
21803,100.00
21804,100.00
21805,100.00
21806,100.00
21807,100.00
21808,100.00
21809,100.00
21810,100.00
21811,100.00
21812,100.00
21813,100.00
21814,100.00
21815,100.00
21816,100.00
21817,100.00
21818,100.00
21819,100.00
21820,100.00
21821,100.00
21822,100.00
21823,100.00
21824,100.00
21825,100.00
21826,100.00
21827,100.00
21828,100.00
21829,100.00
21830,100.00
21831,100.00
21832,100.00
21833,100.00
21834,100.00
21835,100.00
21836,100.00
21837,100.00
21838,100.00
21839,100.00
21840,100.00
21841,100.00
21842,100.00
21843,100.00
21844,100.00
21845,100.00
21846,100.00
21847,100.00
21848,100.00
21849,100.00
21850,100.00
21851,100.00
21852,100.00
21853,100.00
21854,100.00
21855,100.00
21856,100.00
21857,100.00
21858,100.00
21859,100.00
21860,100.00
21861,100.00
21862,100.00
21863,100.00
21864,100.00
21865,100.00
21866,100.00
21867,100.00
21868,100.00
21869,100.00
21870,100.00
21871,100.00
21872,100.00
21873,100.00
21874,100.00
21875,100.00
21876,100.00
21877,100.00
21878,100.00
21879,100.00
21880,100.00
21881,100.00
21882,100.00
21883,100.00
21884,100.00
21885,100.00
21886,100.00
21887,100.00
21888,100.00
21889,100.00
21890,100.00
21891,100.00
21892,100.00
21893,100.00
21894,100.00
21895,100.00
21896,100.00
21897,100.00
21898,100.00
21899,100.00
21900,100.00
21901,100.00
21902,100.00
21903,100.00
21904,100.00
21905,100.00
21906,100.00
21907,100.00
21908,100.00
21909,100.00
21910,100.00
21911,100.00
21912,100.00
21913,100.00
21914,100.00
21915,100.00
21916,100.00
21917,100.00
21918,100.00
21919,100.00
21920,100.00
21921,100.00
21922,100.00
21923,100.00
21924,100.00
21925,100.00
21926,100.00
21927,100.00
21928,100.00
21929,100.00
21930,100.00
21931,100.00
21932,100.00
21933,100.00
21934,100.00
21935,100.00
21936,100.00
21937,100.00
21938,100.00
21939,100.00
21940,100.00
21941,100.00
21942,100.00
21943,100.00
21944,100.00
21945,100.00
21946,100.00
21947,100.00
21948,100.00
21949,100.00
21950,100.00
21951,100.00
21952,100.00
21953,100.00
21954,100.00
21955,100.00
21956,100.00
21957,100.00
21958,100.00
21959,100.00
21960,100.00
21961,100.00
21962,100.00
21963,100.00
21964,100.00
21965,100.00
21966,100.00
21967,100.00
21968,100.00
21969,100.00
21970,100.00
21971,100.00
21972,100.00
21973,100.00
21974,100.00
21975,100.00
21976,100.00
21977,100.00
21978,100.00
21979,100.00
21980,100.00
21981,100.00
21982,100.00
21983,100.00
21984,100.00
21985,100.00
21986,100.00
21987,100.00
21988,100.00
21989,100.00
21990,100.00
21991,100.00
21992,100.00
21993,100.00
21994,100.00
21995,100.00
21996,100.00
21997,100.00
21998,100.00
21999,100.00
22000,100.00
22001,100.00
22002,100.00
22003,100.00
22004,100.00
22005,100.00
22006,100.00
22007,100.00
22008,100.00
22009,100.00
22010,100.00
22011,100.00
22012,100.00
22013,100.00
22014,100.00
22015,100.00
22016,100.00
22017,100.00
22018,100.00
22019,100.00
22020,100.00
22021,100.00
22022,100.00
22023,100.00
22024,100.00
22025,100.00
22026,100.00
22027,100.00
22028,100.00
22029,100.00
22030,100.00
22031,100.00
22032,100.00
22033,100.00
22034,100.00
22035,100.00
22036,100.00
22037,100.00
22038,100.00
22039,100.00
22040,100.00
22041,100.00
22042,100.00
22043,100.00
22044,100.00
22045,100.00
22046,100.00
22047,100.00
22048,100.00
22049,100.00
22050,100.00
22051,100.00
22052,100.00
22053,100.00
22054,100.00
22055,100.00
22056,100.00
22057,100.00
22058,100.00
22059,100.00
22060,100.00
22061,100.00
22062,100.00
22063,100.00
22064,100.00
22065,100.00
22066,100.00
22067,100.00
22068,100.00
22069,100.00
22070,100.00
22071,100.00
22072,100.00
22073,100.00
22074,100.00
22075,100.00
22076,100.00
22077,100.00
22078,100.00
22079,100.00
22080,100.00
22081,100.00
22082,100.00
22083,100.00
22084,100.00
22085,100.00
22086,100.00
22087,100.00
22088,100.00
22089,100.00
22090,100.00
22091,100.00
22092,100.00
22093,100.00
22094,100.00
22095,100.00
22096,100.00
22097,100.00
22098,100.00
22099,100.00
22100,100.00
22101,100.00
22102,100.00
22103,100.00
22104,100.00
22105,100.00
22106,100.00
22107,100.00
22108,100.00
22109,100.00
22110,100.00
22111,100.00
22112,100.00
22113,100.00
22114,100.00
22115,100.00
22116,100.00
22117,100.00
22118,100.00
22119,100.00
22120,100.00
22121,100.00
22122,100.00
22123,100.00
22124,100.00
22125,100.00
22126,100.00
22127,100.00
22128,100.00
22129,100.00
22130,100.00
22131,100.00
22132,100.00
22133,100.00
22134,100.00
22135,100.00
22136,100.00
22137,100.00
22138,100.00
22139,100.00
22140,100.00
22141,100.00
22142,100.00
22143,100.00
22144,100.00
22145,100.00
22146,100.00
22147,100.00
22148,100.00
22149,100.00
22150,100.00
22151,100.00
22152,100.00
22153,100.00
22154,100.00
22155,100.00
22156,100.00
22157,100.00
22158,100.00
22159,100.00
22160,100.00
22161,100.00
22162,100.00
22163,100.00
22164,100.00
22165,100.00
22166,100.00
22167,100.00
22168,100.00
22169,100.00
22170,100.00
22171,100.00
22172,100.00
22173,100.00
22174,100.00
22175,100.00
22176,100.00
22177,100.00
22178,100.00
22179,100.00
22180,100.00
22181,100.00
22182,100.00
22183,100.00
22184,100.00
22185,100.00
22186,100.00
22187,100.00
22188,100.00
22189,100.00
22190,100.00
22191,100.00
22192,100.00
22193,100.00
22194,100.00
22195,100.00
22196,100.00
22197,100.00
22198,100.00
22199,100.00
22200,100.00
22201,100.00
22202,100.00
22203,100.00
22204,100.00
22205,100.00
22206,100.00
22207,100.00
22208,100.00
22209,100.00
22210,100.00
22211,100.00
22212,100.00
22213,100.00
22214,100.00
22215,100.00
22216,100.00
22217,100.00
22218,100.00
22219,100.00
22220,100.00
22221,100.00
22222,100.00
22223,100.00
22224,100.00
22225,100.00
22226,100.00
22227,100.00
22228,100.00
22229,100.00
22230,100.00
22231,100.00
22232,100.00
22233,100.00
22234,100.00
22235,100.00
22236,100.00
22237,100.00
22238,100.00
22239,100.00
22240,100.00
22241,100.00
22242,100.00
22243,100.00
22244,100.00
22245,100.00
22246,100.00
22247,100.00
22248,100.00
22249,100.00
22250,100.00
22251,100.00
22252,100.00
22253,100.00
22254,100.00
22255,100.00
22256,100.00
22257,100.00
22258,100.00
22259,100.00
22260,100.00
22261,100.00
22262,100.00
22263,100.00
22264,100.00
22265,100.00
22266,100.00
22267,100.00
22268,100.00
22269,100.00
22270,100.00
22271,100.00
22272,100.00
22273,100.00
22274,100.00
22275,100.00
22276,100.00
22277,100.00
22278,100.00
22279,100.00
22280,100.00
22281,100.00
22282,100.00
22283,100.00
22284,100.00
22285,100.00
22286,100.00
22287,100.00
22288,100.00
22289,100.00
22290,100.00
22291,100.00
22292,100.00
22293,100.00
22294,100.00
22295,100.00
22296,100.00
22297,100.00
22298,100.00
22299,100.00
22300,100.00
22301,100.00
22302,100.00
22303,100.00
22304,100.00
22305,100.00
22306,100.00
22307,100.00
22308,100.00
22309,100.00
22310,100.00
22311,100.00
22312,100.00
22313,100.00
22314,100.00
22315,100.00
22316,100.00
22317,100.00
22318,100.00
22319,100.00
22320,100.00
22321,100.00
22322,100.00
22323,100.00
22324,100.00
22325,100.00
22326,100.00
22327,100.00
22328,100.00
22329,100.00
22330,100.00
22331,100.00
22332,100.00
22333,100.00
22334,100.00
22335,100.00
22336,100.00
22337,100.00
22338,100.00
22339,100.00
22340,100.00
22341,100.00
22342,100.00
22343,100.00
22344,100.00
22345,100.00
22346,100.00
22347,100.00
22348,100.00
22349,100.00
22350,100.00
22351,100.00
22352,100.00
22353,100.00
22354,100.00
22355,100.00
22356,100.00
22357,100.00
22358,100.00
22359,100.00
22360,100.00
22361,100.00
22362,100.00
22363,100.00
22364,100.00
22365,100.00
22366,100.00
22367,100.00
22368,100.00
22369,100.00
22370,100.00
22371,100.00
22372,100.00
22373,100.00
22374,100.00
22375,100.00
22376,100.00
22377,100.00
22378,100.00
22379,100.00
22380,100.00
22381,100.00
22382,100.00
22383,100.00
22384,100.00
22385,100.00
22386,100.00
22387,100.00
22388,100.00
22389,100.00
22390,100.00
22391,100.00
22392,100.00
22393,100.00
22394,100.00
22395,100.00
22396,100.00
22397,100.00
22398,100.00
22399,100.00
22400,100.00
22401,100.00
22402,100.00
22403,100.00
22404,100.00
22405,100.00
22406,100.00
22407,100.00
22408,100.00
22409,100.00
22410,100.00
22411,100.00
22412,100.00
22413,100.00
22414,100.00
22415,100.00
22416,100.00
22417,100.00
22418,100.00
22419,100.00
22420,100.00
22421,100.00
22422,100.00
22423,100.00
22424,100.00
22425,100.00
22426,100.00
22427,100.00
22428,100.00
22429,100.00
22430,100.00
22431,100.00
22432,100.00
22433,100.00
22434,100.00
22435,100.00
22436,100.00
22437,100.00
22438,100.00
22439,100.00
22440,100.00
22441,100.00
22442,100.00
22443,100.00
22444,100.00
22445,100.00
22446,100.00
22447,100.00
22448,100.00
22449,100.00
22450,100.00
22451,100.00
22452,100.00
22453,100.00
22454,100.00
22455,100.00
22456,100.00
22457,100.00
22458,100.00
22459,100.00
22460,100.00
22461,100.00
22462,100.00
22463,100.00
22464,100.00
22465,100.00
22466,100.00
22467,100.00
22468,100.00
22469,100.00
22470,100.00
22471,100.00
22472,100.00
22473,100.00
22474,100.00
22475,100.00
22476,100.00
22477,100.00
22478,100.00
22479,100.00
22480,100.00
22481,100.00
22482,100.00
22483,100.00
22484,100.00
22485,100.00
22486,100.00
22487,100.00
22488,100.00
22489,100.00
22490,100.00
22491,100.00
22492,100.00
22493,100.00
22494,100.00
22495,100.00
22496,100.00
22497,100.00
22498,100.00
22499,100.00
22500,100.00
22501,100.00
22502,100.00
22503,100.00
22504,100.00
22505,100.00
22506,100.00
22507,100.00
22508,100.00
22509,100.00
22510,100.00
22511,100.00
22512,100.00
22513,100.00
22514,100.00
22515,100.00
22516,100.00
22517,100.00
22518,100.00
22519,100.00
22520,100.00
22521,100.00
22522,100.00
22523,100.00
22524,100.00
22525,100.00
22526,100.00
22527,100.00
22528,100.00
22529,100.00
22530,100.00
22531,100.00
22532,100.00
22533,100.00
22534,100.00
22535,100.00
22536,100.00
22537,100.00
22538,100.00
22539,100.00
22540,100.00
22541,100.00
22542,100.00
22543,100.00
22544,100.00
22545,100.00
22546,100.00
22547,100.00
22548,100.00
22549,100.00
22550,100.00
22551,100.00
22552,100.00
22553,100.00
22554,100.00
22555,100.00
22556,100.00
22557,100.00
22558,100.00
22559,100.00
22560,100.00
22561,100.00
22562,100.00
22563,100.00
22564,100.00
22565,100.00
22566,100.00
22567,100.00
22568,100.00
22569,100.00
22570,100.00
22571,100.00
22572,100.00
22573,100.00
22574,100.00
22575,100.00
22576,100.00
22577,100.00
22578,100.00
22579,100.00
22580,100.00
22581,100.00
22582,100.00
22583,100.00
22584,100.00
22585,100.00
22586,100.00
22587,100.00
22588,100.00
22589,100.00
22590,100.00
22591,100.00
22592,100.00
22593,100.00
22594,100.00
22595,100.00
22596,100.00
22597,100.00
22598,100.00
22599,100.00
22600,100.00
22601,100.00
22602,100.00
22603,100.00
22604,100.00
22605,100.00
22606,100.00
22607,100.00
22608,100.00
22609,100.00
22610,100.00
22611,100.00
22612,100.00
22613,100.00
22614,100.00
22615,100.00
22616,100.00
22617,100.00
22618,100.00
22619,100.00
22620,100.00
22621,100.00
22622,100.00
22623,100.00
22624,100.00
22625,100.00
22626,100.00
22627,100.00
22628,100.00
22629,100.00
22630,100.00
22631,100.00
22632,100.00
22633,100.00
22634,100.00
22635,100.00
22636,100.00
22637,100.00
22638,100.00
22639,100.00
22640,100.00
22641,100.00
22642,100.00
22643,100.00
22644,100.00
22645,100.00
22646,100.00
22647,100.00
22648,100.00
22649,100.00
22650,100.00
22651,100.00
22652,100.00
22653,100.00
22654,100.00
22655,100.00
22656,100.00
22657,100.00
22658,100.00
22659,100.00
22660,100.00
22661,100.00
22662,100.00
22663,100.00
22664,100.00
22665,100.00
22666,100.00
22667,100.00
22668,100.00
22669,100.00
22670,100.00
22671,100.00
22672,100.00
22673,100.00
22674,100.00
22675,100.00
22676,100.00
22677,100.00
22678,100.00
22679,100.00
22680,100.00
22681,100.00
22682,100.00
22683,100.00
22684,100.00
22685,100.00
22686,100.00
22687,100.00
22688,100.00
22689,100.00
22690,100.00
22691,100.00
22692,100.00
22693,100.00
22694,100.00
22695,100.00
22696,100.00
22697,100.00
22698,100.00
22699,100.00
22700,100.00
22701,100.00
22702,100.00
22703,100.00
22704,100.00
22705,100.00
22706,100.00
22707,100.00
22708,100.00
22709,100.00
22710,100.00
22711,100.00
22712,100.00
22713,100.00
22714,100.00
22715,100.00
22716,100.00
22717,100.00
22718,100.00
22719,100.00
22720,100.00
22721,100.00
22722,100.00
22723,100.00
22724,100.00
22725,100.00
22726,100.00
22727,100.00
22728,100.00
22729,100.00
22730,100.00
22731,100.00
22732,100.00
22733,100.00
22734,100.00
22735,100.00
22736,100.00
22737,100.00
22738,100.00
22739,100.00
22740,100.00
22741,100.00
22742,100.00
22743,100.00
22744,100.00
22745,100.00
22746,100.00
22747,100.00
22748,100.00
22749,100.00
22750,100.00
22751,100.00
22752,100.00
22753,100.00
22754,100.00
22755,100.00
22756,100.00
22757,100.00
22758,100.00
22759,100.00
22760,100.00
22761,100.00
22762,100.00
22763,100.00
22764,100.00
22765,100.00
22766,100.00
22767,100.00
22768,100.00
22769,100.00
22770,100.00
22771,100.00
22772,100.00
22773,100.00
22774,100.00
22775,100.00
22776,100.00
22777,100.00
22778,100.00
22779,100.00
22780,100.00
22781,100.00
22782,100.00
22783,100.00
22784,100.00
22785,100.00
22786,100.00
22787,100.00
22788,100.00
22789,100.00
22790,100.00
22791,100.00
22792,100.00
22793,100.00
22794,100.00
22795,100.00
22796,100.00
22797,100.00
22798,100.00
22799,100.00
22800,100.00
22801,100.00
22802,100.00
22803,100.00
22804,100.00
22805,100.00
22806,100.00
22807,100.00
22808,100.00
22809,100.00
22810,100.00
22811,100.00
22812,100.00
22813,100.00
22814,100.00
22815,100.00
22816,100.00
22817,100.00
22818,100.00
22819,100.00
22820,100.00
22821,100.00
22822,100.00
22823,100.00
22824,100.00
22825,100.00
22826,100.00
22827,100.00
22828,100.00
22829,100.00
22830,100.00
22831,100.00
22832,100.00
22833,100.00
22834,100.00
22835,100.00
22836,100.00
22837,100.00
22838,100.00
22839,100.00
22840,100.00
22841,100.00
22842,100.00
22843,100.00
22844,100.00
22845,100.00
22846,100.00
22847,100.00
22848,100.00
22849,100.00
22850,100.00
22851,100.00
22852,100.00
22853,100.00
22854,100.00
22855,100.00
22856,100.00
22857,100.00
22858,100.00
22859,100.00
22860,100.00
22861,100.00
22862,100.00
22863,100.00
22864,100.00
22865,100.00
22866,100.00
22867,100.00
22868,100.00
22869,100.00
22870,100.00
22871,100.00
22872,100.00
22873,100.00
22874,100.00
22875,100.00
22876,100.00
22877,100.00
22878,100.00
22879,100.00
22880,100.00
22881,100.00
22882,100.00
22883,100.00
22884,100.00
22885,100.00
22886,100.00
22887,100.00
22888,100.00
22889,100.00
22890,100.00
22891,100.00
22892,100.00
22893,100.00
22894,100.00
22895,100.00
22896,100.00
22897,100.00
22898,100.00
22899,100.00
22900,100.00
22901,100.00
22902,100.00
22903,100.00
22904,100.00
22905,100.00
22906,100.00
22907,100.00
22908,100.00
22909,100.00
22910,100.00
22911,100.00
22912,100.00
22913,100.00
22914,100.00
22915,100.00
22916,100.00
22917,100.00
22918,100.00
22919,100.00
22920,100.00
22921,100.00
22922,100.00
22923,100.00
22924,100.00
22925,100.00
22926,100.00
22927,100.00
22928,100.00
22929,100.00
22930,100.00
22931,100.00
22932,100.00
22933,100.00
22934,100.00
22935,100.00
22936,100.00
22937,100.00
22938,100.00
22939,100.00
22940,100.00
22941,100.00
22942,100.00
22943,100.00
22944,100.00
22945,100.00
22946,100.00
22947,100.00
22948,100.00
22949,100.00
22950,100.00
22951,100.00
22952,100.00
22953,100.00
22954,100.00
22955,100.00
22956,100.00
22957,100.00
22958,100.00
22959,100.00
22960,100.00
22961,100.00
22962,100.00
22963,100.00
22964,100.00
22965,100.00
22966,100.00
22967,100.00
22968,100.00
22969,100.00
22970,100.00
22971,100.00
22972,100.00
22973,100.00
22974,100.00
22975,100.00
22976,100.00
22977,100.00
22978,100.00
22979,100.00
22980,100.00
22981,100.00
22982,100.00
22983,100.00
22984,100.00
22985,100.00
22986,100.00
22987,100.00
22988,100.00
22989,100.00
22990,100.00
22991,100.00
22992,100.00
22993,100.00
22994,100.00
22995,100.00
22996,100.00
22997,100.00
22998,100.00
22999,100.00
23000,100.00
23001,100.00
23002,100.00
23003,100.00
23004,100.00
23005,100.00
23006,100.00
23007,100.00
23008,100.00
23009,100.00
23010,100.00
23011,100.00
23012,100.00
23013,100.00
23014,100.00
23015,100.00
23016,100.00
23017,100.00
23018,100.00
23019,100.00
23020,100.00
23021,100.00
23022,100.00
23023,100.00
23024,100.00
23025,100.00
23026,100.00
23027,100.00
23028,100.00
23029,100.00
23030,100.00
23031,100.00
23032,100.00
23033,100.00
23034,100.00
23035,100.00
23036,100.00
23037,100.00
23038,100.00
23039,100.00
23040,100.00
23041,100.00
23042,100.00
23043,100.00
23044,100.00
23045,100.00
23046,100.00
23047,100.00
23048,100.00
23049,100.00
23050,100.00
23051,100.00
23052,100.00
23053,100.00
23054,100.00
23055,100.00
23056,100.00
23057,100.00
23058,100.00
23059,100.00
23060,100.00
23061,100.00
23062,100.00
23063,100.00
23064,100.00
23065,100.00
23066,100.00
23067,100.00
23068,100.00
23069,100.00
23070,100.00
23071,100.00
23072,100.00
23073,100.00
23074,100.00
23075,100.00
23076,100.00
23077,100.00
23078,100.00
23079,100.00
23080,100.00
23081,100.00
23082,100.00
23083,100.00
23084,100.00
23085,100.00
23086,100.00
23087,100.00
23088,100.00
23089,100.00
23090,100.00
23091,100.00
23092,100.00
23093,100.00
23094,100.00
23095,100.00
23096,100.00
23097,100.00
23098,100.00
23099,100.00
23100,100.00
23101,100.00
23102,100.00
23103,100.00
23104,100.00
23105,100.00
23106,100.00
23107,100.00
23108,100.00
23109,100.00
23110,100.00
23111,100.00
23112,100.00
23113,100.00
23114,100.00
23115,100.00
23116,100.00
23117,100.00
23118,100.00
23119,100.00
23120,100.00
23121,100.00
23122,100.00
23123,100.00
23124,100.00
23125,100.00
23126,100.00
23127,100.00
23128,100.00
23129,100.00
23130,100.00
23131,100.00
23132,100.00
23133,100.00
23134,100.00
23135,100.00
23136,100.00
23137,100.00
23138,100.00
23139,100.00
23140,100.00
23141,100.00
23142,100.00
23143,100.00
23144,100.00
23145,100.00
23146,100.00
23147,100.00
23148,100.00
23149,100.00
23150,100.00
23151,100.00
23152,100.00
23153,100.00
23154,100.00
23155,100.00
23156,100.00
23157,100.00
23158,100.00
23159,100.00
23160,100.00
23161,100.00
23162,100.00
23163,100.00
23164,100.00
23165,100.00
23166,100.00
23167,100.00
23168,100.00
23169,100.00
23170,100.00
23171,100.00
23172,100.00
23173,100.00
23174,100.00
23175,100.00
23176,100.00
23177,100.00
23178,100.00
23179,100.00
23180,100.00
23181,100.00
23182,100.00
23183,100.00
23184,100.00
23185,100.00
23186,100.00
23187,100.00
23188,100.00
23189,100.00
23190,100.00
23191,100.00
23192,100.00
23193,100.00
23194,100.00
23195,100.00
23196,100.00
23197,100.00
23198,100.00
23199,100.00
23200,100.00
23201,100.00
23202,100.00
23203,100.00
23204,100.00
23205,100.00
23206,100.00
23207,100.00
23208,100.00
23209,100.00
23210,100.00
23211,100.00
23212,100.00
23213,100.00
23214,100.00
23215,100.00
23216,100.00
23217,100.00
23218,100.00
23219,100.00
23220,100.00
23221,100.00
23222,100.00
23223,100.00
23224,100.00
23225,100.00
23226,100.00
23227,100.00
23228,100.00
23229,100.00
23230,100.00
23231,100.00
23232,100.00
23233,100.00
23234,100.00
23235,100.00
23236,100.00
23237,100.00
23238,100.00
23239,100.00
23240,100.00
23241,100.00
23242,100.00
23243,100.00
23244,100.00
23245,100.00
23246,100.00
23247,100.00
23248,100.00
23249,100.00
23250,100.00
23251,100.00
23252,100.00
23253,100.00
23254,100.00
23255,100.00
23256,100.00
23257,100.00
23258,100.00
23259,100.00
23260,100.00
23261,100.00
23262,100.00
23263,100.00
23264,100.00
23265,100.00
23266,100.00
23267,100.00
23268,100.00
23269,100.00
23270,100.00
23271,100.00
23272,100.00
23273,100.00
23274,100.00
23275,100.00
23276,100.00
23277,100.00
23278,100.00
23279,100.00
23280,100.00
23281,100.00
23282,100.00
23283,100.00
23284,100.00
23285,100.00
23286,100.00
23287,100.00
23288,100.00
23289,100.00
23290,100.00
23291,100.00
23292,100.00
23293,100.00
23294,100.00
23295,100.00
23296,100.00
23297,100.00
23298,100.00
23299,100.00
23300,100.00
23301,100.00
23302,100.00
23303,100.00
23304,100.00
23305,100.00
23306,100.00
23307,100.00
23308,100.00
23309,100.00
23310,100.00
23311,100.00
23312,100.00
23313,100.00
23314,100.00
23315,100.00
23316,100.00
23317,100.00
23318,100.00
23319,100.00
23320,100.00
23321,100.00
23322,100.00
23323,100.00
23324,100.00
23325,100.00
23326,100.00
23327,100.00
23328,100.00
23329,100.00
23330,100.00
23331,100.00
23332,100.00
23333,100.00
23334,100.00
23335,100.00
23336,100.00
23337,100.00
23338,100.00
23339,100.00
23340,100.00
23341,100.00
23342,100.00
23343,100.00
23344,100.00
23345,100.00
23346,100.00
23347,100.00
23348,100.00
23349,100.00
23350,100.00
23351,100.00
23352,100.00
23353,100.00
23354,100.00
23355,100.00
23356,100.00
23357,100.00
23358,100.00
23359,100.00
23360,100.00
23361,100.00
23362,100.00
23363,100.00
23364,100.00
23365,100.00
23366,100.00
23367,100.00
23368,100.00
23369,100.00
23370,100.00
23371,100.00
23372,100.00
23373,100.00
23374,100.00
23375,100.00
23376,100.00
23377,100.00
23378,100.00
23379,100.00
23380,100.00
23381,100.00
23382,100.00
23383,100.00
23384,100.00
23385,100.00
23386,100.00
23387,100.00
23388,100.00
23389,100.00
23390,100.00
23391,100.00
23392,100.00
23393,100.00
23394,100.00
23395,100.00
23396,100.00
23397,100.00
23398,100.00
23399,100.00
23400,100.00
23401,100.00
23402,100.00
23403,100.00
23404,100.00
23405,100.00
23406,100.00
23407,100.00
23408,100.00
23409,100.00
23410,100.00
23411,100.00
23412,100.00
23413,100.00
23414,100.00
23415,100.00
23416,100.00
23417,100.00
23418,100.00
23419,100.00
23420,100.00
23421,100.00
23422,100.00
23423,100.00
23424,100.00
23425,100.00
23426,100.00
23427,100.00
23428,100.00
23429,100.00
23430,100.00
23431,100.00
23432,100.00
23433,100.00
23434,100.00
23435,100.00
23436,100.00
23437,100.00
23438,100.00
23439,100.00
23440,100.00
23441,100.00
23442,100.00
23443,100.00
23444,100.00
23445,100.00
23446,100.00
23447,100.00
23448,100.00
23449,100.00
23450,100.00
23451,100.00
23452,100.00
23453,100.00
23454,100.00
23455,100.00
23456,100.00
23457,100.00
23458,100.00
23459,100.00
23460,100.00
23461,100.00
23462,100.00
23463,100.00
23464,100.00
23465,100.00
23466,100.00
23467,100.00
23468,100.00
23469,100.00
23470,100.00
23471,100.00
23472,100.00
23473,100.00
23474,100.00
23475,100.00
23476,100.00
23477,100.00
23478,100.00
23479,100.00
23480,100.00
23481,100.00
23482,100.00
23483,100.00
23484,100.00
23485,100.00
23486,100.00
23487,100.00
23488,100.00
23489,100.00
23490,100.00
23491,100.00
23492,100.00
23493,100.00
23494,100.00
23495,100.00
23496,100.00
23497,100.00
23498,100.00
23499,100.00
23500,100.00
23501,100.00
23502,100.00
23503,100.00
23504,100.00
23505,100.00
23506,100.00
23507,100.00
23508,100.00
23509,100.00
23510,100.00
23511,100.00
23512,100.00
23513,100.00
23514,100.00
23515,100.00
23516,100.00
23517,100.00
23518,100.00
23519,100.00
23520,100.00
23521,100.00
23522,100.00
23523,100.00
23524,100.00
23525,100.00
23526,100.00
23527,100.00
23528,100.00
23529,100.00
23530,100.00
23531,100.00
23532,100.00
23533,100.00
23534,100.00
23535,100.00
23536,100.00
23537,100.00
23538,100.00
23539,100.00
23540,100.00
23541,100.00
23542,100.00
23543,100.00
23544,100.00
23545,100.00
23546,100.00
23547,100.00
23548,100.00
23549,100.00
23550,100.00
23551,100.00
23552,100.00
23553,100.00
23554,100.00
23555,100.00
23556,100.00
23557,100.00
23558,100.00
23559,100.00
23560,100.00
23561,100.00
23562,100.00
23563,100.00
23564,100.00
23565,100.00
23566,100.00
23567,100.00
23568,100.00
23569,100.00
23570,100.00
23571,100.00
23572,100.00
23573,100.00
23574,100.00
23575,100.00
23576,100.00
23577,100.00
23578,100.00
23579,100.00
23580,100.00
23581,100.00
23582,100.00
23583,100.00
23584,100.00
23585,100.00
23586,100.00
23587,100.00
23588,100.00
23589,100.00
23590,100.00
23591,100.00
23592,100.00
23593,100.00
23594,100.00
23595,100.00
23596,100.00
23597,100.00
23598,100.00
23599,100.00
23600,100.00
23601,100.00
23602,100.00
23603,100.00
23604,100.00
23605,100.00
23606,100.00
23607,100.00
23608,100.00
23609,100.00
23610,100.00
23611,100.00
23612,100.00
23613,100.00
23614,100.00
23615,100.00
23616,100.00
23617,100.00
23618,100.00
23619,100.00
23620,100.00
23621,100.00
23622,100.00
23623,100.00
23624,100.00
23625,100.00
23626,100.00
23627,100.00
23628,100.00
23629,100.00
23630,100.00
23631,100.00
23632,100.00
23633,100.00
23634,100.00
23635,100.00
23636,100.00
23637,100.00
23638,100.00
23639,100.00
23640,100.00
23641,100.00
23642,100.00
23643,100.00
23644,100.00
23645,100.00
23646,100.00
23647,100.00
23648,100.00
23649,100.00
23650,100.00
23651,100.00
23652,100.00
23653,100.00
23654,100.00
23655,100.00
23656,100.00
23657,100.00
23658,100.00
23659,100.00
23660,100.00
23661,100.00
23662,100.00
23663,100.00
23664,100.00
23665,100.00
23666,100.00
23667,100.00
23668,100.00
23669,100.00
23670,100.00
23671,100.00
23672,100.00
23673,100.00
23674,100.00
23675,100.00
23676,100.00
23677,100.00
23678,100.00
23679,100.00
23680,100.00
23681,100.00
23682,100.00
23683,100.00
23684,100.00
23685,100.00
23686,100.00
23687,100.00
23688,100.00
23689,100.00
23690,100.00
23691,100.00
23692,100.00
23693,100.00
23694,100.00
23695,100.00
23696,100.00
23697,100.00
23698,100.00
23699,100.00
23700,100.00
23701,100.00
23702,100.00
23703,100.00
23704,100.00
23705,100.00
23706,100.00
23707,100.00
23708,100.00
23709,100.00
23710,100.00
23711,100.00
23712,100.00
23713,100.00
23714,100.00
23715,100.00
23716,100.00
23717,100.00
23718,100.00
23719,100.00
23720,100.00
23721,100.00
23722,100.00
23723,100.00
23724,100.00
23725,100.00
23726,100.00
23727,100.00
23728,100.00
23729,100.00
23730,100.00
23731,100.00
23732,100.00
23733,100.00
23734,100.00
23735,100.00
23736,100.00
23737,100.00
23738,100.00
23739,100.00
23740,100.00
23741,100.00
23742,100.00
23743,100.00
23744,100.00
23745,100.00
23746,100.00
23747,100.00
23748,100.00
23749,100.00
23750,100.00
23751,100.00
23752,100.00
23753,100.00
23754,100.00
23755,100.00
23756,100.00
23757,100.00
23758,100.00
23759,100.00
23760,100.00
23761,100.00
23762,100.00
23763,100.00
23764,100.00
23765,100.00
23766,100.00
23767,100.00
23768,100.00
23769,100.00
23770,100.00
23771,100.00
23772,100.00
23773,100.00
23774,100.00
23775,100.00
23776,100.00
23777,100.00
23778,100.00
23779,100.00
23780,100.00
23781,100.00
23782,100.00
23783,100.00
23784,100.00
23785,100.00
23786,100.00
23787,100.00
23788,100.00
23789,100.00
23790,100.00
23791,100.00
23792,100.00
23793,100.00
23794,100.00
23795,100.00
23796,100.00
23797,100.00
23798,100.00
23799,100.00
23800,100.00
23801,100.00
23802,100.00
23803,100.00
23804,100.00
23805,100.00
23806,100.00
23807,100.00
23808,100.00
23809,100.00
23810,100.00
23811,100.00
23812,100.00
23813,100.00
23814,100.00
23815,100.00
23816,100.00
23817,100.00
23818,100.00
23819,100.00
23820,100.00
23821,100.00
23822,100.00
23823,100.00
23824,100.00
23825,100.00
23826,100.00
23827,100.00
23828,100.00
23829,100.00
23830,100.00
23831,100.00
23832,100.00
23833,100.00
23834,100.00
23835,100.00
23836,100.00
23837,100.00
23838,100.00
23839,100.00
23840,100.00
23841,100.00
23842,100.00
23843,100.00
23844,100.00
23845,100.00
23846,100.00
23847,100.00
23848,100.00
23849,100.00
23850,100.00
23851,100.00
23852,100.00
23853,100.00
23854,100.00
23855,100.00
23856,100.00
23857,100.00
23858,100.00
23859,100.00
23860,100.00
23861,100.00
23862,100.00
23863,100.00
23864,100.00
23865,100.00
23866,100.00
23867,100.00
23868,100.00
23869,100.00
23870,100.00
23871,100.00
23872,100.00
23873,100.00
23874,100.00
23875,100.00
23876,100.00
23877,100.00
23878,100.00
23879,100.00
23880,100.00
23881,100.00
23882,100.00
23883,100.00
23884,100.00
23885,100.00
23886,100.00
23887,100.00
23888,100.00
23889,100.00
23890,100.00
23891,100.00
23892,100.00
23893,100.00
23894,100.00
23895,100.00
23896,100.00
23897,100.00
23898,100.00
23899,100.00
23900,100.00
23901,100.00
23902,100.00
23903,100.00
23904,100.00
23905,100.00
23906,100.00
23907,100.00
23908,100.00
23909,100.00
23910,100.00
23911,100.00
23912,100.00
23913,100.00
23914,100.00
23915,100.00
23916,100.00
23917,100.00
23918,100.00
23919,100.00
23920,100.00
23921,100.00
23922,100.00
23923,100.00
23924,100.00
23925,100.00
23926,100.00
23927,100.00
23928,100.00
23929,100.00
23930,100.00
23931,100.00
23932,100.00
23933,100.00
23934,100.00
23935,100.00
23936,100.00
23937,100.00
23938,100.00
23939,100.00
23940,100.00
23941,100.00
23942,100.00
23943,100.00
23944,100.00
23945,100.00
23946,100.00
23947,100.00
23948,100.00
23949,100.00
23950,100.00
23951,100.00
23952,100.00
23953,100.00
23954,100.00
23955,100.00
23956,100.00
23957,100.00
23958,100.00
23959,100.00
23960,100.00
23961,100.00
23962,100.00
23963,100.00
23964,100.00
23965,100.00
23966,100.00
23967,100.00
23968,100.00
23969,100.00
23970,100.00
23971,100.00
23972,100.00
23973,100.00
23974,100.00
23975,100.00
23976,100.00
23977,100.00
23978,100.00
23979,100.00
23980,100.00
23981,100.00
23982,100.00
23983,100.00
23984,100.00
23985,100.00
23986,100.00
23987,100.00
23988,100.00
23989,100.00
23990,100.00
23991,100.00
23992,100.00
23993,100.00
23994,100.00
23995,100.00
23996,100.00
23997,100.00
23998,100.00
23999,100.00
24000,100.00
24001,100.00
24002,100.00
24003,100.00
24004,100.00
24005,100.00
24006,100.00
24007,100.00
24008,100.00
24009,100.00
24010,100.00
24011,100.00
24012,100.00
24013,100.00
24014,100.00
24015,100.00
24016,100.00
24017,100.00
24018,100.00
24019,100.00
24020,100.00
24021,100.00
24022,100.00
24023,100.00
24024,100.00
24025,100.00
24026,100.00
24027,100.00
24028,100.00
24029,100.00
24030,100.00
24031,100.00
24032,100.00
24033,100.00
24034,100.00
24035,100.00
24036,100.00
24037,100.00
24038,100.00
24039,100.00
24040,100.00
24041,100.00
24042,100.00
24043,100.00
24044,100.00
24045,100.00
24046,100.00
24047,100.00
24048,100.00
24049,100.00
24050,100.00
24051,100.00
24052,100.00
24053,100.00
24054,100.00
24055,100.00
24056,100.00
24057,100.00
24058,100.00
24059,100.00
24060,100.00
24061,100.00
24062,100.00
24063,100.00
24064,100.00
24065,100.00
24066,100.00
24067,100.00
24068,100.00
24069,100.00
24070,100.00
24071,100.00
24072,100.00
24073,100.00
24074,100.00
24075,100.00
24076,100.00
24077,100.00
24078,100.00
24079,100.00
24080,100.00
24081,100.00
24082,100.00
24083,100.00
24084,100.00
24085,100.00
24086,100.00
24087,100.00
24088,100.00
24089,100.00
24090,100.00
24091,100.00
24092,100.00
24093,100.00
24094,100.00
24095,100.00
24096,100.00
24097,100.00
24098,100.00
24099,100.00
24100,100.00
24101,100.00
24102,100.00
24103,100.00
24104,100.00
24105,100.00
24106,100.00
24107,100.00
24108,100.00
24109,100.00
24110,100.00
24111,100.00
24112,100.00
24113,100.00
24114,100.00
24115,100.00
24116,100.00
24117,100.00
24118,100.00
24119,100.00
24120,100.00
24121,100.00
24122,100.00
24123,100.00
24124,100.00
24125,100.00
24126,100.00
24127,100.00
24128,100.00
24129,100.00
24130,100.00
24131,100.00
24132,100.00
24133,100.00
24134,100.00
24135,100.00
24136,100.00
24137,100.00
24138,100.00
24139,100.00
24140,100.00
24141,100.00
24142,100.00
24143,100.00
24144,100.00
24145,100.00
24146,100.00
24147,100.00
24148,100.00
24149,100.00
24150,100.00
24151,100.00
24152,100.00
24153,100.00
24154,100.00
24155,100.00
24156,100.00
24157,100.00
24158,100.00
24159,100.00
24160,100.00
24161,100.00
24162,100.00
24163,100.00
24164,100.00
24165,100.00
24166,100.00
24167,100.00
24168,100.00
24169,100.00
24170,100.00
24171,100.00
24172,100.00
24173,100.00
24174,100.00
24175,100.00
24176,100.00
24177,100.00
24178,100.00
24179,100.00
24180,100.00
24181,100.00
24182,100.00
24183,100.00
24184,100.00
24185,100.00
24186,100.00
24187,100.00
24188,100.00
24189,100.00
24190,100.00
24191,100.00
24192,100.00
24193,100.00
24194,100.00
24195,100.00
24196,100.00
24197,100.00
24198,100.00
24199,100.00
24200,100.00
24201,100.00
24202,100.00
24203,100.00
24204,100.00
24205,100.00
24206,100.00
24207,100.00
24208,100.00
24209,100.00
24210,100.00
24211,100.00
24212,100.00
24213,100.00
24214,100.00
24215,100.00
24216,100.00
24217,100.00
24218,100.00
24219,100.00
24220,100.00
24221,100.00
24222,100.00
24223,100.00
24224,100.00
24225,100.00
24226,100.00
24227,100.00
24228,100.00
24229,100.00
24230,100.00
24231,100.00
24232,100.00
24233,100.00
24234,100.00
24235,100.00
24236,100.00
24237,100.00
24238,100.00
24239,100.00
24240,100.00
24241,100.00
24242,100.00
24243,100.00
24244,100.00
24245,100.00
24246,100.00
24247,100.00
24248,100.00
24249,100.00
24250,100.00
24251,100.00
24252,100.00
24253,100.00
24254,100.00
24255,100.00
24256,100.00
24257,100.00
24258,100.00
24259,100.00
24260,100.00
24261,100.00
24262,100.00
24263,100.00
24264,100.00
24265,100.00
24266,100.00
24267,100.00
24268,100.00
24269,100.00
24270,100.00
24271,100.00
24272,100.00
24273,100.00
24274,100.00
24275,100.00
24276,100.00
24277,100.00
24278,100.00
24279,100.00
24280,100.00
24281,100.00
24282,100.00
24283,100.00
24284,100.00
24285,100.00
24286,100.00
24287,100.00
24288,100.00
24289,100.00
24290,100.00
24291,100.00
24292,100.00
24293,100.00
24294,100.00
24295,100.00
24296,100.00
24297,100.00
24298,100.00
24299,100.00
24300,100.00
24301,100.00
24302,100.00
24303,100.00
24304,100.00
24305,100.00
24306,100.00
24307,100.00
24308,100.00
24309,100.00
24310,100.00
24311,100.00
24312,100.00
24313,100.00
24314,100.00
24315,100.00
24316,100.00
24317,100.00
24318,100.00
24319,100.00
24320,100.00
24321,100.00
24322,100.00
24323,100.00
24324,100.00
24325,100.00
24326,100.00
24327,100.00
24328,100.00
24329,100.00
24330,100.00
24331,100.00
24332,100.00
24333,100.00
24334,100.00
24335,100.00
24336,100.00
24337,100.00
24338,100.00
24339,100.00
24340,100.00
24341,100.00
24342,100.00
24343,100.00
24344,100.00
24345,100.00
24346,100.00
24347,100.00
24348,100.00
24349,100.00
24350,100.00
24351,100.00
24352,100.00
24353,100.00
24354,100.00
24355,100.00
24356,100.00
24357,100.00
24358,100.00
24359,100.00
24360,100.00
24361,100.00
24362,100.00
24363,100.00
24364,100.00
24365,100.00
24366,100.00
24367,100.00
24368,100.00
24369,100.00
24370,100.00
24371,100.00
24372,100.00
24373,100.00
24374,100.00
24375,100.00
24376,100.00
24377,100.00
24378,100.00
24379,100.00
24380,100.00
24381,100.00
24382,100.00
24383,100.00
24384,100.00
24385,100.00
24386,100.00
24387,100.00
24388,100.00
24389,100.00
24390,100.00
24391,100.00
24392,100.00
24393,100.00
24394,100.00
24395,100.00
24396,100.00
24397,100.00
24398,100.00
24399,100.00
24400,100.00
24401,100.00
24402,100.00
24403,100.00
24404,100.00
24405,100.00
24406,100.00
24407,100.00
24408,100.00
24409,100.00
24410,100.00
24411,100.00
24412,100.00
24413,100.00
24414,100.00
24415,100.00
24416,100.00
24417,100.00
24418,100.00
24419,100.00
24420,100.00
24421,100.00
24422,100.00
24423,100.00
24424,100.00
24425,100.00
24426,100.00
24427,100.00
24428,100.00
24429,100.00
24430,100.00
24431,100.00
24432,100.00
24433,100.00
24434,100.00
24435,100.00
24436,100.00
24437,100.00
24438,100.00
24439,100.00
24440,100.00
24441,100.00
24442,100.00
24443,100.00
24444,100.00
24445,100.00
24446,100.00
24447,100.00
24448,100.00
24449,100.00
24450,100.00
24451,100.00
24452,100.00
24453,100.00
24454,100.00
24455,100.00
24456,100.00
24457,100.00
24458,100.00
24459,100.00
24460,100.00
24461,100.00
24462,100.00
24463,100.00
24464,100.00
24465,100.00
24466,100.00
24467,100.00
24468,100.00
24469,100.00
24470,100.00
24471,100.00
24472,100.00
24473,100.00
24474,100.00
24475,100.00
24476,100.00
24477,100.00
24478,100.00
24479,100.00
24480,100.00
24481,100.00
24482,100.00
24483,100.00
24484,100.00
24485,100.00
24486,100.00
24487,100.00
24488,100.00
24489,100.00
24490,100.00
24491,100.00
24492,100.00
24493,100.00
24494,100.00
24495,100.00
24496,100.00
24497,100.00
24498,100.00
24499,100.00
24500,100.00
24501,100.00
24502,100.00
24503,100.00
24504,100.00
24505,100.00
24506,100.00
24507,100.00
24508,100.00
24509,100.00
24510,100.00
24511,100.00
24512,100.00
24513,100.00
24514,100.00
24515,100.00
24516,100.00
24517,100.00
24518,100.00
24519,100.00
24520,100.00
24521,100.00
24522,100.00
24523,100.00
24524,100.00
24525,100.00
24526,100.00
24527,100.00
24528,100.00
24529,100.00
24530,100.00
24531,100.00
24532,100.00
24533,100.00
24534,100.00
24535,100.00
24536,100.00
24537,100.00
24538,100.00
24539,100.00
24540,100.00
24541,100.00
24542,100.00
24543,100.00
24544,100.00
24545,100.00
24546,100.00
24547,100.00
24548,100.00
24549,100.00
24550,100.00
24551,100.00
24552,100.00
24553,100.00
24554,100.00
24555,100.00
24556,100.00
24557,100.00
24558,100.00
24559,100.00
24560,100.00
24561,100.00
24562,100.00
24563,100.00
24564,100.00
24565,100.00
24566,100.00
24567,100.00
24568,100.00
24569,100.00
24570,100.00
24571,100.00
24572,100.00
24573,100.00
24574,100.00
24575,100.00
24576,100.00
24577,100.00
24578,100.00
24579,100.00
24580,100.00
24581,100.00
24582,100.00
24583,100.00
24584,100.00
24585,100.00
24586,100.00
24587,100.00
24588,100.00
24589,100.00
24590,100.00
24591,100.00
24592,100.00
24593,100.00
24594,100.00
24595,100.00
24596,100.00
24597,100.00
24598,100.00
24599,100.00
24600,100.00
24601,100.00
24602,100.00
24603,100.00
24604,100.00
24605,100.00
24606,100.00
24607,100.00
24608,100.00
24609,100.00
24610,100.00
24611,100.00
24612,100.00
24613,100.00
24614,100.00
24615,100.00
24616,100.00
24617,100.00
24618,100.00
24619,100.00
24620,100.00
24621,100.00
24622,100.00
24623,100.00
24624,100.00
24625,100.00
24626,100.00
24627,100.00
24628,100.00
24629,100.00
24630,100.00
24631,100.00
24632,100.00
24633,100.00
24634,100.00
24635,100.00
24636,100.00
24637,100.00
24638,100.00
24639,100.00
24640,100.00
24641,100.00
24642,100.00
24643,100.00
24644,100.00
24645,100.00
24646,100.00
24647,100.00
24648,100.00
24649,100.00
24650,100.00
24651,100.00
24652,100.00
24653,100.00
24654,100.00
24655,100.00
24656,100.00
24657,100.00
24658,100.00
24659,100.00
24660,100.00
24661,100.00
24662,100.00
24663,100.00
24664,100.00
24665,100.00
24666,100.00
24667,100.00
24668,100.00
24669,100.00
24670,100.00
24671,100.00
24672,100.00
24673,100.00
24674,100.00
24675,100.00
24676,100.00
24677,100.00
24678,100.00
24679,100.00
24680,100.00
24681,100.00
24682,100.00
24683,100.00
24684,100.00
24685,100.00
24686,100.00
24687,100.00
24688,100.00
24689,100.00
24690,100.00
24691,100.00
24692,100.00
24693,100.00
24694,100.00
24695,100.00
24696,100.00
24697,100.00
24698,100.00
24699,100.00
24700,100.00
24701,100.00
24702,100.00
24703,100.00
24704,100.00
24705,100.00
24706,100.00
24707,100.00
24708,100.00
24709,100.00
24710,100.00
24711,100.00
24712,100.00
24713,100.00
24714,100.00
24715,100.00
24716,100.00
24717,100.00
24718,100.00
24719,100.00
24720,100.00
24721,100.00
24722,100.00
24723,100.00
24724,100.00
24725,100.00
24726,100.00
24727,100.00
24728,100.00
24729,100.00
24730,100.00
24731,100.00
24732,100.00
24733,100.00
24734,100.00
24735,100.00
24736,100.00
24737,100.00
24738,100.00
24739,100.00
24740,100.00
24741,100.00
24742,100.00
24743,100.00
24744,100.00
24745,100.00
24746,100.00
24747,100.00
24748,100.00
24749,100.00
24750,100.00
24751,100.00
24752,100.00
24753,100.00
24754,100.00
24755,100.00
24756,100.00
24757,100.00
24758,100.00
24759,100.00
24760,100.00
24761,100.00
24762,100.00
24763,100.00
24764,100.00
24765,100.00
24766,100.00
24767,100.00
24768,100.00
24769,100.00
24770,100.00
24771,100.00
24772,100.00
24773,100.00
24774,100.00
24775,100.00
24776,100.00
24777,100.00
24778,100.00
24779,100.00
24780,100.00
24781,100.00
24782,100.00
24783,100.00
24784,100.00
24785,100.00
24786,100.00
24787,100.00
24788,100.00
24789,100.00
24790,100.00
24791,100.00
24792,100.00
24793,100.00
24794,100.00
24795,100.00
24796,100.00
24797,100.00
24798,100.00
24799,100.00
24800,100.00
24801,100.00
24802,100.00
24803,100.00
24804,100.00
24805,100.00
24806,100.00
24807,100.00
24808,100.00
24809,100.00
24810,100.00
24811,100.00
24812,100.00
24813,100.00
24814,100.00
24815,100.00
24816,100.00
24817,100.00
24818,100.00
24819,100.00
24820,100.00
24821,100.00
24822,100.00
24823,100.00
24824,100.00
24825,100.00
24826,100.00
24827,100.00
24828,100.00
24829,100.00
24830,100.00
24831,100.00
24832,100.00
24833,100.00
24834,100.00
24835,100.00
24836,100.00
24837,100.00
24838,100.00
24839,100.00
24840,100.00
24841,100.00
24842,100.00
24843,100.00
24844,100.00
24845,100.00
24846,100.00
24847,100.00
24848,100.00
24849,100.00
24850,100.00
24851,100.00
24852,100.00
24853,100.00
24854,100.00
24855,100.00
24856,100.00
24857,100.00
24858,100.00
24859,100.00
24860,100.00
24861,100.00
24862,100.00
24863,100.00
24864,100.00
24865,100.00
24866,100.00
24867,100.00
24868,100.00
24869,100.00
24870,100.00
24871,100.00
24872,100.00
24873,100.00
24874,100.00
24875,100.00
24876,100.00
24877,100.00
24878,100.00
24879,100.00
24880,100.00
24881,100.00
24882,100.00
24883,100.00
24884,100.00
24885,100.00
24886,100.00
24887,100.00
24888,100.00
24889,100.00
24890,100.00
24891,100.00
24892,100.00
24893,100.00
24894,100.00
24895,100.00
24896,100.00
24897,100.00
24898,100.00
24899,100.00
24900,100.00
24901,100.00
24902,100.00
24903,100.00
24904,100.00
24905,100.00
24906,100.00
24907,100.00
24908,100.00
24909,100.00
24910,100.00
24911,100.00
24912,100.00
24913,100.00
24914,100.00
24915,100.00
24916,100.00
24917,100.00
24918,100.00
24919,100.00
24920,100.00
24921,100.00
24922,100.00
24923,100.00
24924,100.00
24925,100.00
24926,100.00
24927,100.00
24928,100.00
24929,100.00
24930,100.00
24931,100.00
24932,100.00
24933,100.00
24934,100.00
24935,100.00
24936,100.00
24937,100.00
24938,100.00
24939,100.00
24940,100.00
24941,100.00
24942,100.00
24943,100.00
24944,100.00
24945,100.00
24946,100.00
24947,100.00
24948,100.00
24949,100.00
24950,100.00
24951,100.00
24952,100.00
24953,100.00
24954,100.00
24955,100.00
24956,100.00
24957,100.00
24958,100.00
24959,100.00
24960,100.00
24961,100.00
24962,100.00
24963,100.00
24964,100.00
24965,100.00
24966,100.00
24967,100.00
24968,100.00
24969,100.00
24970,100.00
24971,100.00
24972,100.00
24973,100.00
24974,100.00
24975,100.00
24976,100.00
24977,100.00
24978,100.00
24979,100.00
24980,100.00
24981,100.00
24982,100.00
24983,100.00
24984,100.00
24985,100.00
24986,100.00
24987,100.00
24988,100.00
24989,100.00
24990,100.00
24991,100.00
24992,100.00
24993,100.00
24994,100.00
24995,100.00
24996,100.00
24997,100.00
24998,100.00
24999,100.00
25000,100.00
25001,100.00
25002,100.00
25003,100.00
25004,100.00
25005,100.00
25006,100.00
25007,100.00
25008,100.00
25009,100.00
25010,100.00
25011,100.00
25012,100.00
25013,100.00
25014,100.00
25015,100.00
25016,100.00
25017,100.00
25018,100.00
25019,100.00
25020,100.00
25021,100.00
25022,100.00
25023,100.00
25024,100.00
25025,100.00
25026,100.00
25027,100.00
25028,100.00
25029,100.00
25030,100.00
25031,100.00
25032,100.00
25033,100.00
25034,100.00
25035,100.00
25036,100.00
25037,100.00
25038,100.00
25039,100.00
25040,100.00
25041,100.00
25042,100.00
25043,100.00
25044,100.00
25045,100.00
25046,100.00
25047,100.00
25048,100.00
25049,100.00
25050,100.00
25051,100.00
25052,100.00
25053,100.00
25054,100.00
25055,100.00
25056,100.00
25057,100.00
25058,100.00
25059,100.00
25060,100.00
25061,100.00
25062,100.00
25063,100.00
25064,100.00
25065,100.00
25066,100.00
25067,100.00
25068,100.00
25069,100.00
25070,100.00
25071,100.00
25072,100.00
25073,100.00
25074,100.00
25075,100.00
25076,100.00
25077,100.00
25078,100.00
25079,100.00
25080,100.00
25081,100.00
25082,100.00
25083,100.00
25084,100.00
25085,100.00
25086,100.00
25087,100.00
25088,100.00
25089,100.00
25090,100.00
25091,100.00
25092,100.00
25093,100.00
25094,100.00
25095,100.00
25096,100.00
25097,100.00
25098,100.00
25099,100.00
25100,100.00
25101,100.00
25102,100.00
25103,100.00
25104,100.00
25105,100.00
25106,100.00
25107,100.00
25108,100.00
25109,100.00
25110,100.00
25111,100.00
25112,100.00
25113,100.00
25114,100.00
25115,100.00
25116,100.00
25117,100.00
25118,100.00
25119,100.00
25120,100.00
25121,100.00
25122,100.00
25123,100.00
25124,100.00
25125,100.00
25126,100.00
25127,100.00
25128,100.00
25129,100.00
25130,100.00
25131,100.00
25132,100.00
25133,100.00
25134,100.00
25135,100.00
25136,100.00
25137,100.00
25138,100.00
25139,100.00
25140,100.00
25141,100.00
25142,100.00
25143,100.00
25144,100.00
25145,100.00
25146,100.00
25147,100.00
25148,100.00
25149,100.00
25150,100.00
25151,100.00
25152,100.00
25153,100.00
25154,100.00
25155,100.00
25156,100.00
25157,100.00
25158,100.00
25159,100.00
25160,100.00
25161,100.00
25162,100.00
25163,100.00
25164,100.00
25165,100.00
25166,100.00
25167,100.00
25168,100.00
25169,100.00
25170,100.00
25171,100.00
25172,100.00
25173,100.00
25174,100.00
25175,100.00
25176,100.00
25177,100.00
25178,100.00
25179,100.00
25180,100.00
25181,100.00
25182,100.00
25183,100.00
25184,100.00
25185,100.00
25186,100.00
25187,100.00
25188,100.00
25189,100.00
25190,100.00
25191,100.00
25192,100.00
25193,100.00
25194,100.00
25195,100.00
25196,100.00
25197,100.00
25198,100.00
25199,100.00
25200,100.00
25201,100.00
25202,100.00
25203,100.00
25204,100.00
25205,100.00
25206,100.00
25207,100.00
25208,100.00
25209,100.00
25210,100.00
25211,100.00
25212,100.00
25213,100.00
25214,100.00
25215,100.00
25216,100.00
25217,100.00
25218,100.00
25219,100.00
25220,100.00
25221,100.00
25222,100.00
25223,100.00
25224,100.00
25225,100.00
25226,100.00
25227,100.00
25228,100.00
25229,100.00
25230,100.00
25231,100.00
25232,100.00
25233,100.00
25234,100.00
25235,100.00
25236,100.00
25237,100.00
25238,100.00
25239,100.00
25240,100.00
25241,100.00
25242,100.00
25243,100.00
25244,100.00
25245,100.00
25246,100.00
25247,100.00
25248,100.00
25249,100.00
25250,100.00
25251,100.00
25252,100.00
25253,100.00
25254,100.00
25255,100.00
25256,100.00
25257,100.00
25258,100.00
25259,100.00
25260,100.00
25261,100.00
25262,100.00
25263,100.00
25264,100.00
25265,100.00
25266,100.00
25267,100.00
25268,100.00
25269,100.00
25270,100.00
25271,100.00
25272,100.00
25273,100.00
25274,100.00
25275,100.00
25276,100.00
25277,100.00
25278,100.00
25279,100.00
25280,100.00
25281,100.00
25282,100.00
25283,100.00
25284,100.00
25285,100.00
25286,100.00
25287,100.00
25288,100.00
25289,100.00
25290,100.00
25291,100.00
25292,100.00
25293,100.00
25294,100.00
25295,100.00
25296,100.00
25297,100.00
25298,100.00
25299,100.00
25300,100.00
25301,100.00
25302,100.00
25303,100.00
25304,100.00
25305,100.00
25306,100.00
25307,100.00
25308,100.00
25309,100.00
25310,100.00
25311,100.00
25312,100.00
25313,100.00
25314,100.00
25315,100.00
25316,100.00
25317,100.00
25318,100.00
25319,100.00
25320,100.00
25321,100.00
25322,100.00
25323,100.00
25324,100.00
25325,100.00
25326,100.00
25327,100.00
25328,100.00
25329,100.00
25330,100.00
25331,100.00
25332,100.00
25333,100.00
25334,100.00
25335,100.00
25336,100.00
25337,100.00
25338,100.00
25339,100.00
25340,100.00
25341,100.00
25342,100.00
25343,100.00
25344,100.00
25345,100.00
25346,100.00
25347,100.00
25348,100.00
25349,100.00
25350,100.00
25351,100.00
25352,100.00
25353,100.00
25354,100.00
25355,100.00
25356,100.00
25357,100.00
25358,100.00
25359,100.00
25360,100.00
25361,100.00
25362,100.00
25363,100.00
25364,100.00
25365,100.00
25366,100.00
25367,100.00
25368,100.00
25369,100.00
25370,100.00
25371,100.00
25372,100.00
25373,100.00
25374,100.00
25375,100.00
25376,100.00
25377,100.00
25378,100.00
25379,100.00
25380,100.00
25381,100.00
25382,100.00
25383,100.00
25384,100.00
25385,100.00
25386,100.00
25387,100.00
25388,100.00
25389,100.00
25390,100.00
25391,100.00
25392,100.00
25393,100.00
25394,100.00
25395,100.00
25396,100.00
25397,100.00
25398,100.00
25399,100.00
25400,100.00
25401,100.00
25402,100.00
25403,100.00
25404,100.00
25405,100.00
25406,100.00
25407,100.00
25408,100.00
25409,100.00
25410,100.00
25411,100.00
25412,100.00
25413,100.00
25414,100.00
25415,100.00
25416,100.00
25417,100.00
25418,100.00
25419,100.00
25420,100.00
25421,100.00
25422,100.00
25423,100.00
25424,100.00
25425,100.00
25426,100.00
25427,100.00
25428,100.00
25429,100.00
25430,100.00
25431,100.00
25432,100.00
25433,100.00
25434,100.00
25435,100.00
25436,100.00
25437,100.00
25438,100.00
25439,100.00
25440,100.00
25441,100.00
25442,100.00
25443,100.00
25444,100.00
25445,100.00
25446,100.00
25447,100.00
25448,100.00
25449,100.00
25450,100.00
25451,100.00
25452,100.00
25453,100.00
25454,100.00
25455,100.00
25456,100.00
25457,100.00
25458,100.00
25459,100.00
25460,100.00
25461,100.00
25462,100.00
25463,100.00
25464,100.00
25465,100.00
25466,100.00
25467,100.00
25468,100.00
25469,100.00
25470,100.00
25471,100.00
25472,100.00
25473,100.00
25474,100.00
25475,100.00
25476,100.00
25477,100.00
25478,100.00
25479,100.00
25480,100.00
25481,100.00
25482,100.00
25483,100.00
25484,100.00
25485,100.00
25486,100.00
25487,100.00
25488,100.00
25489,100.00
25490,100.00
25491,100.00
25492,100.00
25493,100.00
25494,100.00
25495,100.00
25496,100.00
25497,100.00
25498,100.00
25499,100.00
25500,100.00
25501,100.00
25502,100.00
25503,100.00
25504,100.00
25505,100.00
25506,100.00
25507,100.00
25508,100.00
25509,100.00
25510,100.00
25511,100.00
25512,100.00
25513,100.00
25514,100.00
25515,100.00
25516,100.00
25517,100.00
25518,100.00
25519,100.00
25520,100.00
25521,100.00
25522,100.00
25523,100.00
25524,100.00
25525,100.00
25526,100.00
25527,100.00
25528,100.00
25529,100.00
25530,100.00
25531,100.00
25532,100.00
25533,100.00
25534,100.00
25535,100.00
25536,100.00
25537,100.00
25538,100.00
25539,100.00
25540,100.00
25541,100.00
25542,100.00
25543,100.00
25544,100.00
25545,100.00
25546,100.00
25547,100.00
25548,100.00
25549,100.00
25550,100.00
25551,100.00
25552,100.00
25553,100.00
25554,100.00
25555,100.00
25556,100.00
25557,100.00
25558,100.00
25559,100.00
25560,100.00
25561,100.00
25562,100.00
25563,100.00
25564,100.00
25565,100.00
25566,100.00
25567,100.00
25568,100.00
25569,100.00
25570,100.00
25571,100.00
25572,100.00
25573,100.00
25574,100.00
25575,100.00
25576,100.00
25577,100.00
25578,100.00
25579,100.00
25580,100.00
25581,100.00
25582,100.00
25583,100.00
25584,100.00
25585,100.00
25586,100.00
25587,100.00
25588,100.00
25589,100.00
25590,100.00
25591,100.00
25592,100.00
25593,100.00
25594,100.00
25595,100.00
25596,100.00
25597,100.00
25598,100.00
25599,100.00
25600,100.00
25601,100.00
25602,100.00
25603,100.00
25604,100.00
25605,100.00
25606,100.00
25607,100.00
25608,100.00
25609,100.00
25610,100.00
25611,100.00
25612,100.00
25613,100.00
25614,100.00
25615,100.00
25616,100.00
25617,100.00
25618,100.00
25619,100.00
25620,100.00
25621,100.00
25622,100.00
25623,100.00
25624,100.00
25625,100.00
25626,100.00
25627,100.00
25628,100.00
25629,100.00
25630,100.00
25631,100.00
25632,100.00
25633,100.00
25634,100.00
25635,100.00
25636,100.00
25637,100.00
25638,100.00
25639,100.00
25640,100.00
25641,100.00
25642,100.00
25643,100.00
25644,100.00
25645,100.00
25646,100.00
25647,100.00
25648,100.00
25649,100.00
25650,100.00
25651,100.00
25652,100.00
25653,100.00
25654,100.00
25655,100.00
25656,100.00
25657,100.00
25658,100.00
25659,100.00
25660,100.00
25661,100.00
25662,100.00
25663,100.00
25664,100.00
25665,100.00
25666,100.00
25667,100.00
25668,100.00
25669,100.00
25670,100.00
25671,100.00
25672,100.00
25673,100.00
25674,100.00
25675,100.00
25676,100.00
25677,100.00
25678,100.00
25679,100.00
25680,100.00
25681,100.00
25682,100.00
25683,100.00
25684,100.00
25685,100.00
25686,100.00
25687,100.00
25688,100.00
25689,100.00
25690,100.00
25691,100.00
25692,100.00
25693,100.00
25694,100.00
25695,100.00
25696,100.00
25697,100.00
25698,100.00
25699,100.00
25700,100.00
25701,100.00
25702,100.00
25703,100.00
25704,100.00
25705,100.00
25706,100.00
25707,100.00
25708,100.00
25709,100.00
25710,100.00
25711,100.00
25712,100.00
25713,100.00
25714,100.00
25715,100.00
25716,100.00
25717,100.00
25718,100.00
25719,100.00
25720,100.00
25721,100.00
25722,100.00
25723,100.00
25724,100.00
25725,100.00
25726,100.00
25727,100.00
25728,100.00
25729,100.00
25730,100.00
25731,100.00
25732,100.00
25733,100.00
25734,100.00
25735,100.00
25736,100.00
25737,100.00
25738,100.00
25739,100.00
25740,100.00
25741,100.00
25742,100.00
25743,100.00
25744,100.00
25745,100.00
25746,100.00
25747,100.00
25748,100.00
25749,100.00
25750,100.00
25751,100.00
25752,100.00
25753,100.00
25754,100.00
25755,100.00
25756,100.00
25757,100.00
25758,100.00
25759,100.00
25760,100.00
25761,100.00
25762,100.00
25763,100.00
25764,100.00
25765,100.00
25766,100.00
25767,100.00
25768,100.00
25769,100.00
25770,100.00
25771,100.00
25772,100.00
25773,100.00
25774,100.00
25775,100.00
25776,100.00
25777,100.00
25778,100.00
25779,100.00
25780,100.00
25781,100.00
25782,100.00
25783,100.00
25784,100.00
25785,100.00
25786,100.00
25787,100.00
25788,100.00
25789,100.00
25790,100.00
25791,100.00
25792,100.00
25793,100.00
25794,100.00
25795,100.00
25796,100.00
25797,100.00
25798,100.00
25799,100.00
25800,100.00
25801,100.00
25802,100.00
25803,100.00
25804,100.00
25805,100.00
25806,100.00
25807,100.00
25808,100.00
25809,100.00
25810,100.00
25811,100.00
25812,100.00
25813,100.00
25814,100.00
25815,100.00
25816,100.00
25817,100.00
25818,100.00
25819,100.00
25820,100.00
25821,100.00
25822,100.00
25823,100.00
25824,100.00
25825,100.00
25826,100.00
25827,100.00
25828,100.00
25829,100.00
25830,100.00
25831,100.00
25832,100.00
25833,100.00
25834,100.00
25835,100.00
25836,100.00
25837,100.00
25838,100.00
25839,100.00
25840,100.00
25841,100.00
25842,100.00
25843,100.00
25844,100.00
25845,100.00
25846,100.00
25847,100.00
25848,100.00
25849,100.00
25850,100.00
25851,100.00
25852,100.00
25853,100.00
25854,100.00
25855,100.00
25856,100.00
25857,100.00
25858,100.00
25859,100.00
25860,100.00
25861,100.00
25862,100.00
25863,100.00
25864,100.00
25865,100.00
25866,100.00
25867,100.00
25868,100.00
25869,100.00
25870,100.00
25871,100.00
25872,100.00
25873,100.00
25874,100.00
25875,100.00
25876,100.00
25877,100.00
25878,100.00
25879,100.00
25880,100.00
25881,100.00
25882,100.00
25883,100.00
25884,100.00
25885,100.00
25886,100.00
25887,100.00
25888,100.00
25889,100.00
25890,100.00
25891,100.00
25892,100.00
25893,100.00
25894,100.00
25895,100.00
25896,100.00
25897,100.00
25898,100.00
25899,100.00
25900,100.00
25901,100.00
25902,100.00
25903,100.00
25904,100.00
25905,100.00
25906,100.00
25907,100.00
25908,100.00
25909,100.00
25910,100.00
25911,100.00
25912,100.00
25913,100.00
25914,100.00
25915,100.00
25916,100.00
25917,100.00
25918,100.00
25919,100.00
25920,100.00
25921,100.00
25922,100.00
25923,100.00
25924,100.00
25925,100.00
25926,100.00
25927,100.00
25928,100.00
25929,100.00
25930,100.00
25931,100.00
25932,100.00
25933,100.00
25934,100.00
25935,100.00
25936,100.00
25937,100.00
25938,100.00
25939,100.00
25940,100.00
25941,100.00
25942,100.00
25943,100.00
25944,100.00
25945,100.00
25946,100.00
25947,100.00
25948,100.00
25949,100.00
25950,100.00
25951,100.00
25952,100.00
25953,100.00
25954,100.00
25955,100.00
25956,100.00
25957,100.00
25958,100.00
25959,100.00
25960,100.00
25961,100.00
25962,100.00
25963,100.00
25964,100.00
25965,100.00
25966,100.00
25967,100.00
25968,100.00
25969,100.00
25970,100.00
25971,100.00
25972,100.00
25973,100.00
25974,100.00
25975,100.00
25976,100.00
25977,100.00
25978,100.00
25979,100.00
25980,100.00
25981,100.00
25982,100.00
25983,100.00
25984,100.00
25985,100.00
25986,100.00
25987,100.00
25988,100.00
25989,100.00
25990,100.00
25991,100.00
25992,100.00
25993,100.00
25994,100.00
25995,100.00
25996,100.00
25997,100.00
25998,100.00
25999,100.00
26000,100.00
26001,100.00
26002,100.00
26003,100.00
26004,100.00
26005,100.00
26006,100.00
26007,100.00
26008,100.00
26009,100.00
26010,100.00
26011,100.00
26012,100.00
26013,100.00
26014,100.00
26015,100.00
26016,100.00
26017,100.00
26018,100.00
26019,100.00
26020,100.00
26021,100.00
26022,100.00
26023,100.00
26024,100.00
26025,100.00
26026,100.00
26027,100.00
26028,100.00
26029,100.00
26030,100.00
26031,100.00
26032,100.00
26033,100.00
26034,100.00
26035,100.00
26036,100.00
26037,100.00
26038,100.00
26039,100.00
26040,100.00
26041,100.00
26042,100.00
26043,100.00
26044,100.00
26045,100.00
26046,100.00
26047,100.00
26048,100.00
26049,100.00
26050,100.00
26051,100.00
26052,100.00
26053,100.00
26054,100.00
26055,100.00
26056,100.00
26057,100.00
26058,100.00
26059,100.00
26060,100.00
26061,100.00
26062,100.00
26063,100.00
26064,100.00
26065,100.00
26066,100.00
26067,100.00
26068,100.00
26069,100.00
26070,100.00
26071,100.00
26072,100.00
26073,100.00
26074,100.00
26075,100.00
26076,100.00
26077,100.00
26078,100.00
26079,100.00
26080,100.00
26081,100.00
26082,100.00
26083,100.00
26084,100.00
26085,100.00
26086,100.00
26087,100.00
26088,100.00
26089,100.00
26090,100.00
26091,100.00
26092,100.00
26093,100.00
26094,100.00
26095,100.00
26096,100.00
26097,100.00
26098,100.00
26099,100.00
26100,100.00
26101,100.00
26102,100.00
26103,100.00
26104,100.00
26105,100.00
26106,100.00
26107,100.00
26108,100.00
26109,100.00
26110,100.00
26111,100.00
26112,100.00
26113,100.00
26114,100.00
26115,100.00
26116,100.00
26117,100.00
26118,100.00
26119,100.00
26120,100.00
26121,100.00
26122,100.00
26123,100.00
26124,100.00
26125,100.00
26126,100.00
26127,100.00
26128,100.00
26129,100.00
26130,100.00
26131,100.00
26132,100.00
26133,100.00
26134,100.00
26135,100.00
26136,100.00
26137,100.00
26138,100.00
26139,100.00
26140,100.00
26141,100.00
26142,100.00
26143,100.00
26144,100.00
26145,100.00
26146,100.00
26147,100.00
26148,100.00
26149,100.00
26150,100.00
26151,100.00
26152,100.00
26153,100.00
26154,100.00
26155,100.00
26156,100.00
26157,100.00
26158,100.00
26159,100.00
26160,100.00
26161,100.00
26162,100.00
26163,100.00
26164,100.00
26165,100.00
26166,100.00
26167,100.00
26168,100.00
26169,100.00
26170,100.00
26171,100.00
26172,100.00
26173,100.00
26174,100.00
26175,100.00
26176,100.00
26177,100.00
26178,100.00
26179,100.00
26180,100.00
26181,100.00
26182,100.00
26183,100.00
26184,100.00
26185,100.00
26186,100.00
26187,100.00
26188,100.00
26189,100.00
26190,100.00
26191,100.00
26192,100.00
26193,100.00
26194,100.00
26195,100.00
26196,100.00
26197,100.00
26198,100.00
26199,100.00
26200,100.00
26201,100.00
26202,100.00
26203,100.00
26204,100.00
26205,100.00
26206,100.00
26207,100.00
26208,100.00
26209,100.00
26210,100.00
26211,100.00
26212,100.00
26213,100.00
26214,100.00
26215,100.00
26216,100.00
26217,100.00
26218,100.00
26219,100.00
26220,100.00
26221,100.00
26222,100.00
26223,100.00
26224,100.00
26225,100.00
26226,100.00
26227,100.00
26228,100.00
26229,100.00
26230,100.00
26231,100.00
26232,100.00
26233,100.00
26234,100.00
26235,100.00
26236,100.00
26237,100.00
26238,100.00
26239,100.00
26240,100.00
26241,100.00
26242,100.00
26243,100.00
26244,100.00
26245,100.00
26246,100.00
26247,100.00
26248,100.00
26249,100.00
26250,100.00
26251,100.00
26252,100.00
26253,100.00
26254,100.00
26255,100.00
26256,100.00
26257,100.00
26258,100.00
26259,100.00
26260,100.00
26261,100.00
26262,100.00
26263,100.00
26264,100.00
26265,100.00
26266,100.00
26267,100.00
26268,100.00
26269,100.00
26270,100.00
26271,100.00
26272,100.00
26273,100.00
26274,100.00
26275,100.00
26276,100.00
26277,100.00
26278,100.00
26279,100.00
26280,100.00
26281,100.00
26282,100.00
26283,100.00
26284,100.00
26285,100.00
26286,100.00
26287,100.00
26288,100.00
26289,100.00
26290,100.00
26291,100.00
26292,100.00
26293,100.00
26294,100.00
26295,100.00
26296,100.00
26297,100.00
26298,100.00
26299,100.00
26300,100.00
26301,100.00
26302,100.00
26303,100.00
26304,100.00
26305,100.00
26306,100.00
26307,100.00
26308,100.00
26309,100.00
26310,100.00
26311,100.00
26312,100.00
26313,100.00
26314,100.00
26315,100.00
26316,100.00
26317,100.00
26318,100.00
26319,100.00
26320,100.00
26321,100.00
26322,100.00
26323,100.00
26324,100.00
26325,100.00
26326,100.00
26327,100.00
26328,100.00
26329,100.00
26330,100.00
26331,100.00
26332,100.00
26333,100.00
26334,100.00
26335,100.00
26336,100.00
26337,100.00
26338,100.00
26339,100.00
26340,100.00
26341,100.00
26342,100.00
26343,100.00
26344,100.00
26345,100.00
26346,100.00
26347,100.00
26348,100.00
26349,100.00
26350,100.00
26351,100.00
26352,100.00
26353,100.00
26354,100.00
26355,100.00
26356,100.00
26357,100.00
26358,100.00
26359,100.00
26360,100.00
26361,100.00
26362,100.00
26363,100.00
26364,100.00
26365,100.00
26366,100.00
26367,100.00
26368,100.00
26369,100.00
26370,100.00
26371,100.00
26372,100.00
26373,100.00
26374,100.00
26375,100.00
26376,100.00
26377,100.00
26378,100.00
26379,100.00
26380,100.00
26381,100.00
26382,100.00
26383,100.00
26384,100.00
26385,100.00
26386,100.00
26387,100.00
26388,100.00
26389,100.00
26390,100.00
26391,100.00
26392,100.00
26393,100.00
26394,100.00
26395,100.00
26396,100.00
26397,100.00
26398,100.00
26399,100.00
26400,100.00
26401,100.00
26402,100.00
26403,100.00
26404,100.00
26405,100.00
26406,100.00
26407,100.00
26408,100.00
26409,100.00
26410,100.00
26411,100.00
26412,100.00
26413,100.00
26414,100.00
26415,100.00
26416,100.00
26417,100.00
26418,100.00
26419,100.00
26420,100.00
26421,100.00
26422,100.00
26423,100.00
26424,100.00
26425,100.00
26426,100.00
26427,100.00
26428,100.00
26429,100.00
26430,100.00
26431,100.00
26432,100.00
26433,100.00
26434,100.00
26435,100.00
26436,100.00
26437,100.00
26438,100.00
26439,100.00
26440,100.00
26441,100.00
26442,100.00
26443,100.00
26444,100.00
26445,100.00
26446,100.00
26447,100.00
26448,100.00
26449,100.00
26450,100.00
26451,100.00
26452,100.00
26453,100.00
26454,100.00
26455,100.00
26456,100.00
26457,100.00
26458,100.00
26459,100.00
26460,100.00
26461,100.00
26462,100.00
26463,100.00
26464,100.00
26465,100.00
26466,100.00
26467,100.00
26468,100.00
26469,100.00
26470,100.00
26471,100.00
26472,100.00
26473,100.00
26474,100.00
26475,100.00
26476,100.00
26477,100.00
26478,100.00
26479,100.00
26480,100.00
26481,100.00
26482,100.00
26483,100.00
26484,100.00
26485,100.00
26486,100.00
26487,100.00
26488,100.00
26489,100.00
26490,100.00
26491,100.00
26492,100.00
26493,100.00
26494,100.00
26495,100.00
26496,100.00
26497,100.00
26498,100.00
26499,100.00
26500,100.00
26501,100.00
26502,100.00
26503,100.00
26504,100.00
26505,100.00
26506,100.00
26507,100.00
26508,100.00
26509,100.00
26510,100.00
26511,100.00
26512,100.00
26513,100.00
26514,100.00
26515,100.00
26516,100.00
26517,100.00
26518,100.00
26519,100.00
26520,100.00
26521,100.00
26522,100.00
26523,100.00
26524,100.00
26525,100.00
26526,100.00
26527,100.00
26528,100.00
26529,100.00
26530,100.00
26531,100.00
26532,100.00
26533,100.00
26534,100.00
26535,100.00
26536,100.00
26537,100.00
26538,100.00
26539,100.00
26540,100.00
26541,100.00
26542,100.00
26543,100.00
26544,100.00
26545,100.00
26546,100.00
26547,100.00
26548,100.00
26549,100.00
26550,100.00
26551,100.00
26552,100.00
26553,100.00
26554,100.00
26555,100.00
26556,100.00
26557,100.00
26558,100.00
26559,100.00
26560,100.00
26561,100.00
26562,100.00
26563,100.00
26564,100.00
26565,100.00
26566,100.00
26567,100.00
26568,100.00
26569,100.00
26570,100.00
26571,100.00
26572,100.00
26573,100.00
26574,100.00
26575,100.00
26576,100.00
26577,100.00
26578,100.00
26579,100.00
26580,100.00
26581,100.00
26582,100.00
26583,100.00
26584,100.00
26585,100.00
26586,100.00
26587,100.00
26588,100.00
26589,100.00
26590,100.00
26591,100.00
26592,100.00
26593,100.00
26594,100.00
26595,100.00
26596,100.00
26597,100.00
26598,100.00
26599,100.00
26600,100.00
26601,100.00
26602,100.00
26603,100.00
26604,100.00
26605,100.00
26606,100.00
26607,100.00
26608,100.00
26609,100.00
26610,100.00
26611,100.00
26612,100.00
26613,100.00
26614,100.00
26615,100.00
26616,100.00
26617,100.00
26618,100.00
26619,100.00
26620,100.00
26621,100.00
26622,100.00
26623,100.00
26624,100.00
26625,100.00
26626,100.00
26627,100.00
26628,100.00
26629,100.00
26630,100.00
26631,100.00
26632,100.00
26633,100.00
26634,100.00
26635,100.00
26636,100.00
26637,100.00
26638,100.00
26639,100.00
26640,100.00
26641,100.00
26642,100.00
26643,100.00
26644,100.00
26645,100.00
26646,100.00
26647,100.00
26648,100.00
26649,100.00
26650,100.00
26651,100.00
26652,100.00
26653,100.00
26654,100.00
26655,100.00
26656,100.00
26657,100.00
26658,100.00
26659,100.00
26660,100.00
26661,100.00
26662,100.00
26663,100.00
26664,100.00
26665,100.00
26666,100.00
26667,100.00
26668,100.00
26669,100.00
26670,100.00
26671,100.00
26672,100.00
26673,100.00
26674,100.00
26675,100.00
26676,100.00
26677,100.00
26678,100.00
26679,100.00
26680,100.00
26681,100.00
26682,100.00
26683,100.00
26684,100.00
26685,100.00
26686,100.00
26687,100.00
26688,100.00
26689,100.00
26690,100.00
26691,100.00
26692,100.00
26693,100.00
26694,100.00
26695,100.00
26696,100.00
26697,100.00
26698,100.00
26699,100.00
26700,100.00
26701,100.00
26702,100.00
26703,100.00
26704,100.00
26705,100.00
26706,100.00
26707,100.00
26708,100.00
26709,100.00
26710,100.00
26711,100.00
26712,100.00
26713,100.00
26714,100.00
26715,100.00
26716,100.00
26717,100.00
26718,100.00
26719,100.00
26720,100.00
26721,100.00
26722,100.00
26723,100.00
26724,100.00
26725,100.00
26726,100.00
26727,100.00
26728,100.00
26729,100.00
26730,100.00
26731,100.00
26732,100.00
26733,100.00
26734,100.00
26735,100.00
26736,100.00
26737,100.00
26738,100.00
26739,100.00
26740,100.00
26741,100.00
26742,100.00
26743,100.00
26744,100.00
26745,100.00
26746,100.00
26747,100.00
26748,100.00
26749,100.00
26750,100.00
26751,100.00
26752,100.00
26753,100.00
26754,100.00
26755,100.00
26756,100.00
26757,100.00
26758,100.00
26759,100.00
26760,100.00
26761,100.00
26762,100.00
26763,100.00
26764,100.00
26765,100.00
26766,100.00
26767,100.00
26768,100.00
26769,100.00
26770,100.00
26771,100.00
26772,100.00
26773,100.00
26774,100.00
26775,100.00
26776,100.00
26777,100.00
26778,100.00
26779,100.00
26780,100.00
26781,100.00
26782,100.00
26783,100.00
26784,100.00
26785,100.00
26786,100.00
26787,100.00
26788,100.00
26789,100.00
26790,100.00
26791,100.00
26792,100.00
26793,100.00
26794,100.00
26795,100.00
26796,100.00
26797,100.00
26798,100.00
26799,100.00
26800,100.00
26801,100.00
26802,100.00
26803,100.00
26804,100.00
26805,100.00
26806,100.00
26807,100.00
26808,100.00
26809,100.00
26810,100.00
26811,100.00
26812,100.00
26813,100.00
26814,100.00
26815,100.00
26816,100.00
26817,100.00
26818,100.00
26819,100.00
26820,100.00
26821,100.00
26822,100.00
26823,100.00
26824,100.00
26825,100.00
26826,100.00
26827,100.00
26828,100.00
26829,100.00
26830,100.00
26831,100.00
26832,100.00
26833,100.00
26834,100.00
26835,100.00
26836,100.00
26837,100.00
26838,100.00
26839,100.00
26840,100.00
26841,100.00
26842,100.00
26843,100.00
26844,100.00
26845,100.00
26846,100.00
26847,100.00
26848,100.00
26849,100.00
26850,100.00
26851,100.00
26852,100.00
26853,100.00
26854,100.00
26855,100.00
26856,100.00
26857,100.00
26858,100.00
26859,100.00
26860,100.00
26861,100.00
26862,100.00
26863,100.00
26864,100.00
26865,100.00
26866,100.00
26867,100.00
26868,100.00
26869,100.00
26870,100.00
26871,100.00
26872,100.00
26873,100.00
26874,100.00
26875,100.00
26876,100.00
26877,100.00
26878,100.00
26879,100.00
26880,100.00
26881,100.00
26882,100.00
26883,100.00
26884,100.00
26885,100.00
26886,100.00
26887,100.00
26888,100.00
26889,100.00
26890,100.00
26891,100.00
26892,100.00
26893,100.00
26894,100.00
26895,100.00
26896,100.00
26897,100.00
26898,100.00
26899,100.00
26900,100.00
26901,100.00
26902,100.00
26903,100.00
26904,100.00
26905,100.00
26906,100.00
26907,100.00
26908,100.00
26909,100.00
26910,100.00
26911,100.00
26912,100.00
26913,100.00
26914,100.00
26915,100.00
26916,100.00
26917,100.00
26918,100.00
26919,100.00
26920,100.00
26921,100.00
26922,100.00
26923,100.00
26924,100.00
26925,100.00
26926,100.00
26927,100.00
26928,100.00
26929,100.00
26930,100.00
26931,100.00
26932,100.00
26933,100.00
26934,100.00
26935,100.00
26936,100.00
26937,100.00
26938,100.00
26939,100.00
26940,100.00
26941,100.00
26942,100.00
26943,100.00
26944,100.00
26945,100.00
26946,100.00
26947,100.00
26948,100.00
26949,100.00
26950,100.00
26951,100.00
26952,100.00
26953,100.00
26954,100.00
26955,100.00
26956,100.00
26957,100.00
26958,100.00
26959,100.00
26960,100.00
26961,100.00
26962,100.00
26963,100.00
26964,100.00
26965,100.00
26966,100.00
26967,100.00
26968,100.00
26969,100.00
26970,100.00
26971,100.00
26972,100.00
26973,100.00
26974,100.00
26975,100.00
26976,100.00
26977,100.00
26978,100.00
26979,100.00
26980,100.00
26981,100.00
26982,100.00
26983,100.00
26984,100.00
26985,100.00
26986,100.00
26987,100.00
26988,100.00
26989,100.00
26990,100.00
26991,100.00
26992,100.00
26993,100.00
26994,100.00
26995,100.00
26996,100.00
26997,100.00
26998,100.00
26999,100.00
27000,100.00
27001,100.00
27002,100.00
27003,100.00
27004,100.00
27005,100.00
27006,100.00
27007,100.00
27008,100.00
27009,100.00
27010,100.00
27011,100.00
27012,100.00
27013,100.00
27014,100.00
27015,100.00
27016,100.00
27017,100.00
27018,100.00
27019,100.00
27020,100.00
27021,100.00
27022,100.00
27023,100.00
27024,100.00
27025,100.00
27026,100.00
27027,100.00
27028,100.00
27029,100.00
27030,100.00
27031,100.00
27032,100.00
27033,100.00
27034,100.00
27035,100.00
27036,100.00
27037,100.00
27038,100.00
27039,100.00
27040,100.00
27041,100.00
27042,100.00
27043,100.00
27044,100.00
27045,100.00
27046,100.00
27047,100.00
27048,100.00
27049,100.00
27050,100.00
27051,100.00
27052,100.00
27053,100.00
27054,100.00
27055,100.00
27056,100.00
27057,100.00
27058,100.00
27059,100.00
27060,100.00
27061,100.00
27062,100.00
27063,100.00
27064,100.00
27065,100.00
27066,100.00
27067,100.00
27068,100.00
27069,100.00
27070,100.00
27071,100.00
27072,100.00
27073,100.00
27074,100.00
27075,100.00
27076,100.00
27077,100.00
27078,100.00
27079,100.00
27080,100.00
27081,100.00
27082,100.00
27083,100.00
27084,100.00
27085,100.00
27086,100.00
27087,100.00
27088,100.00
27089,100.00
27090,100.00
27091,100.00
27092,100.00
27093,100.00
27094,100.00
27095,100.00
27096,100.00
27097,100.00
27098,100.00
27099,100.00
27100,100.00
27101,100.00
27102,100.00
27103,100.00
27104,100.00
27105,100.00
27106,100.00
27107,100.00
27108,100.00
27109,100.00
27110,100.00
27111,100.00
27112,100.00
27113,100.00
27114,100.00
27115,100.00
27116,100.00
27117,100.00
27118,100.00
27119,100.00
27120,100.00
27121,100.00
27122,100.00
27123,100.00
27124,100.00
27125,100.00
27126,100.00
27127,100.00
27128,100.00
27129,100.00
27130,100.00
27131,100.00
27132,100.00
27133,100.00
27134,100.00
27135,100.00
27136,100.00
27137,100.00
27138,100.00
27139,100.00
27140,100.00
27141,100.00
27142,100.00
27143,100.00
27144,100.00
27145,100.00
27146,100.00
27147,100.00
27148,100.00
27149,100.00
27150,100.00
27151,100.00
27152,100.00
27153,100.00
27154,100.00
27155,100.00
27156,100.00
27157,100.00
27158,100.00
27159,100.00
27160,100.00
27161,100.00
27162,100.00
27163,100.00
27164,100.00
27165,100.00
27166,100.00
27167,100.00
27168,100.00
27169,100.00
27170,100.00
27171,100.00
27172,100.00
27173,100.00
27174,100.00
27175,100.00
27176,100.00
27177,100.00
27178,100.00
27179,100.00
27180,100.00
27181,100.00
27182,100.00
27183,100.00
27184,100.00
27185,100.00
27186,100.00
27187,100.00
27188,100.00
27189,100.00
27190,100.00
27191,100.00
27192,100.00
27193,100.00
27194,100.00
27195,100.00
27196,100.00
27197,100.00
27198,100.00
27199,100.00
27200,100.00
27201,100.00
27202,100.00
27203,100.00
27204,100.00
27205,100.00
27206,100.00
27207,100.00
27208,100.00
27209,100.00
27210,100.00
27211,100.00
27212,100.00
27213,100.00
27214,100.00
27215,100.00
27216,100.00
27217,100.00
27218,100.00
27219,100.00
27220,100.00
27221,100.00
27222,100.00
27223,100.00
27224,100.00
27225,100.00
27226,100.00
27227,100.00
27228,100.00
27229,100.00
27230,100.00
27231,100.00
27232,100.00
27233,100.00
27234,100.00
27235,100.00
27236,100.00
27237,100.00
27238,100.00
27239,100.00
27240,100.00
27241,100.00
27242,100.00
27243,100.00
27244,100.00
27245,100.00
27246,100.00
27247,100.00
27248,100.00
27249,100.00
27250,100.00
27251,100.00
27252,100.00
27253,100.00
27254,100.00
27255,100.00
27256,100.00
27257,100.00
27258,100.00
27259,100.00
27260,100.00
27261,100.00
27262,100.00
27263,100.00
27264,100.00
27265,100.00
27266,100.00
27267,100.00
27268,100.00
27269,100.00
27270,100.00
27271,100.00
27272,100.00
27273,100.00
27274,100.00
27275,100.00
27276,100.00
27277,100.00
27278,100.00
27279,100.00
27280,100.00
27281,100.00
27282,100.00
27283,100.00
27284,100.00
27285,100.00
27286,100.00
27287,100.00
27288,100.00
27289,100.00
27290,100.00
27291,100.00
27292,100.00
27293,100.00
27294,100.00
27295,100.00
27296,100.00
27297,100.00
27298,100.00
27299,100.00
27300,100.00
27301,100.00
27302,100.00
27303,100.00
27304,100.00
27305,100.00
27306,100.00
27307,100.00
27308,100.00
27309,100.00
27310,100.00
27311,100.00
27312,100.00
27313,100.00
27314,100.00
27315,100.00
27316,100.00
27317,100.00
27318,100.00
27319,100.00
27320,100.00
27321,100.00
27322,100.00
27323,100.00
27324,100.00
27325,100.00
27326,100.00
27327,100.00
27328,100.00
27329,100.00
27330,100.00
27331,100.00
27332,100.00
27333,100.00
27334,100.00
27335,100.00
27336,100.00
27337,100.00
27338,100.00
27339,100.00
27340,100.00
27341,100.00
27342,100.00
27343,100.00
27344,100.00
27345,100.00
27346,100.00
27347,100.00
27348,100.00
27349,100.00
27350,100.00
27351,100.00
27352,100.00
27353,100.00
27354,100.00
27355,100.00
27356,100.00
27357,100.00
27358,100.00
27359,100.00
27360,100.00
27361,100.00
27362,100.00
27363,100.00
27364,100.00
27365,100.00
27366,100.00
27367,100.00
27368,100.00
27369,100.00
27370,100.00
27371,100.00
27372,100.00
27373,100.00
27374,100.00
27375,100.00
27376,100.00
27377,100.00
27378,100.00
27379,100.00
27380,100.00
27381,100.00
27382,100.00
27383,100.00
27384,100.00
27385,100.00
27386,100.00
27387,100.00
27388,100.00
27389,100.00
27390,100.00
27391,100.00
27392,100.00
27393,100.00
27394,100.00
27395,100.00
27396,100.00
27397,100.00
27398,100.00
27399,100.00
27400,100.00
27401,100.00
27402,100.00
27403,100.00
27404,100.00
27405,100.00
27406,100.00
27407,100.00
27408,100.00
27409,100.00
27410,100.00
27411,100.00
27412,100.00
27413,100.00
27414,100.00
27415,100.00
27416,100.00
27417,100.00
27418,100.00
27419,100.00
27420,100.00
27421,100.00
27422,100.00
27423,100.00
27424,100.00
27425,100.00
27426,100.00
27427,100.00
27428,100.00
27429,100.00
27430,100.00
27431,100.00
27432,100.00
27433,100.00
27434,100.00
27435,100.00
27436,100.00
27437,100.00
27438,100.00
27439,100.00
27440,100.00
27441,100.00
27442,100.00
27443,100.00
27444,100.00
27445,100.00
27446,100.00
27447,100.00
27448,100.00
27449,100.00
27450,100.00
27451,100.00
27452,100.00
27453,100.00
27454,100.00
27455,100.00
27456,100.00
27457,100.00
27458,100.00
27459,100.00
27460,100.00
27461,100.00
27462,100.00
27463,100.00
27464,100.00
27465,100.00
27466,100.00
27467,100.00
27468,100.00
27469,100.00
27470,100.00
27471,100.00
27472,100.00
27473,100.00
27474,100.00
27475,100.00
27476,100.00
27477,100.00
27478,100.00
27479,100.00
27480,100.00
27481,100.00
27482,100.00
27483,100.00
27484,100.00
27485,100.00
27486,100.00
27487,100.00
27488,100.00
27489,100.00
27490,100.00
27491,100.00
27492,100.00
27493,100.00
27494,100.00
27495,100.00
27496,100.00
27497,100.00
27498,100.00
27499,100.00
27500,100.00
27501,100.00
27502,100.00
27503,100.00
27504,100.00
27505,100.00
27506,100.00
27507,100.00
27508,100.00
27509,100.00
27510,100.00
27511,100.00
27512,100.00
27513,100.00
27514,100.00
27515,100.00
27516,100.00
27517,100.00
27518,100.00
27519,100.00
27520,100.00
27521,100.00
27522,100.00
27523,100.00
27524,100.00
27525,100.00
27526,100.00
27527,100.00
27528,100.00
27529,100.00
27530,100.00
27531,100.00
27532,100.00
27533,100.00
27534,100.00
27535,100.00
27536,100.00
27537,100.00
27538,100.00
27539,100.00
27540,100.00
27541,100.00
27542,100.00
27543,100.00
27544,100.00
27545,100.00
27546,100.00
27547,100.00
27548,100.00
27549,100.00
27550,100.00
27551,100.00
27552,100.00
27553,100.00
27554,100.00
27555,100.00
27556,100.00
27557,100.00
27558,100.00
27559,100.00
27560,100.00
27561,100.00
27562,100.00
27563,100.00
27564,100.00
27565,100.00
27566,100.00
27567,100.00
27568,100.00
27569,100.00
27570,100.00
27571,100.00
27572,100.00
27573,100.00
27574,100.00
27575,100.00
27576,100.00
27577,100.00
27578,100.00
27579,100.00
27580,100.00
27581,100.00
27582,100.00
27583,100.00
27584,100.00
27585,100.00
27586,100.00
27587,100.00
27588,100.00
27589,100.00
27590,100.00
27591,100.00
27592,100.00
27593,100.00
27594,100.00
27595,100.00
27596,100.00
27597,100.00
27598,100.00
27599,100.00
27600,100.00
27601,100.00
27602,100.00
27603,100.00
27604,100.00
27605,100.00
27606,100.00
27607,100.00
27608,100.00
27609,100.00
27610,100.00
27611,100.00
27612,100.00
27613,100.00
27614,100.00
27615,100.00
27616,100.00
27617,100.00
27618,100.00
27619,100.00
27620,100.00
27621,100.00
27622,100.00
27623,100.00
27624,100.00
27625,100.00
27626,100.00
27627,100.00
27628,100.00
27629,100.00
27630,100.00
27631,100.00
27632,100.00
27633,100.00
27634,100.00
27635,100.00
27636,100.00
27637,100.00
27638,100.00
27639,100.00
27640,100.00
27641,100.00
27642,100.00
27643,100.00
27644,100.00
27645,100.00
27646,100.00
27647,100.00
27648,100.00
27649,100.00
27650,100.00
27651,100.00
27652,100.00
27653,100.00
27654,100.00
27655,100.00
27656,100.00
27657,100.00
27658,100.00
27659,100.00
27660,100.00
27661,100.00
27662,100.00
27663,100.00
27664,100.00
27665,100.00
27666,100.00
27667,100.00
27668,100.00
27669,100.00
27670,100.00
27671,100.00
27672,100.00
27673,100.00
27674,100.00
27675,100.00
27676,100.00
27677,100.00
27678,100.00
27679,100.00
27680,100.00
27681,100.00
27682,100.00
27683,100.00
27684,100.00
27685,100.00
27686,100.00
27687,100.00
27688,100.00
27689,100.00
27690,100.00
27691,100.00
27692,100.00
27693,100.00
27694,100.00
27695,100.00
27696,100.00
27697,100.00
27698,100.00
27699,100.00
27700,100.00
27701,100.00
27702,100.00
27703,100.00
27704,100.00
27705,100.00
27706,100.00
27707,100.00
27708,100.00
27709,100.00
27710,100.00
27711,100.00
27712,100.00
27713,100.00
27714,100.00
27715,100.00
27716,100.00
27717,100.00
27718,100.00
27719,100.00
27720,100.00
27721,100.00
27722,100.00
27723,100.00
27724,100.00
27725,100.00
27726,100.00
27727,100.00
27728,100.00
27729,100.00
27730,100.00
27731,100.00
27732,100.00
27733,100.00
27734,100.00
27735,100.00
27736,100.00
27737,100.00
27738,100.00
27739,100.00
27740,100.00
27741,100.00
27742,100.00
27743,100.00
27744,100.00
27745,100.00
27746,100.00
27747,100.00
27748,100.00
27749,100.00
27750,100.00
27751,100.00
27752,100.00
27753,100.00
27754,100.00
27755,100.00
27756,100.00
27757,100.00
27758,100.00
27759,100.00
27760,100.00
27761,100.00
27762,100.00
27763,100.00
27764,100.00
27765,100.00
27766,100.00
27767,100.00
27768,100.00
27769,100.00
27770,100.00
27771,100.00
27772,100.00
27773,100.00
27774,100.00
27775,100.00
27776,100.00
27777,100.00
27778,100.00
27779,100.00
27780,100.00
27781,100.00
27782,100.00
27783,100.00
27784,100.00
27785,100.00
27786,100.00
27787,100.00
27788,100.00
27789,100.00
27790,100.00
27791,100.00
27792,100.00
27793,100.00
27794,100.00
27795,100.00
27796,100.00
27797,100.00
27798,100.00
27799,100.00
27800,100.00
27801,100.00
27802,100.00
27803,100.00
27804,100.00
27805,100.00
27806,100.00
27807,100.00
27808,100.00
27809,100.00
27810,100.00
27811,100.00
27812,100.00
27813,100.00
27814,100.00
27815,100.00
27816,100.00
27817,100.00
27818,100.00
27819,100.00
27820,100.00
27821,100.00
27822,100.00
27823,100.00
27824,100.00
27825,100.00
27826,100.00
27827,100.00
27828,100.00
27829,100.00
27830,100.00
27831,100.00
27832,100.00
27833,100.00
27834,100.00
27835,100.00
27836,100.00
27837,100.00
27838,100.00
27839,100.00
27840,100.00
27841,100.00
27842,100.00
27843,100.00
27844,100.00
27845,100.00
27846,100.00
27847,100.00
27848,100.00
27849,100.00
27850,100.00
27851,100.00
27852,100.00
27853,100.00
27854,100.00
27855,100.00
27856,100.00
27857,100.00
27858,100.00
27859,100.00
27860,100.00
27861,100.00
27862,100.00
27863,100.00
27864,100.00
27865,100.00
27866,100.00
27867,100.00
27868,100.00
27869,100.00
27870,100.00
27871,100.00
27872,100.00
27873,100.00
27874,100.00
27875,100.00
27876,100.00
27877,100.00
27878,100.00
27879,100.00
27880,100.00
27881,100.00
27882,100.00
27883,100.00
27884,100.00
27885,100.00
27886,100.00
27887,100.00
27888,100.00
27889,100.00
27890,100.00
27891,100.00
27892,100.00
27893,100.00
27894,100.00
27895,100.00
27896,100.00
27897,100.00
27898,100.00
27899,100.00
27900,100.00
27901,100.00
27902,100.00
27903,100.00
27904,100.00
27905,100.00
27906,100.00
27907,100.00
27908,100.00
27909,100.00
27910,100.00
27911,100.00
27912,100.00
27913,100.00
27914,100.00
27915,100.00
27916,100.00
27917,100.00
27918,100.00
27919,100.00
27920,100.00
27921,100.00
27922,100.00
27923,100.00
27924,100.00
27925,100.00
27926,100.00
27927,100.00
27928,100.00
27929,100.00
27930,100.00
27931,100.00
27932,100.00
27933,100.00
27934,100.00
27935,100.00
27936,100.00
27937,100.00
27938,100.00
27939,100.00
27940,100.00
27941,100.00
27942,100.00
27943,100.00
27944,100.00
27945,100.00
27946,100.00
27947,100.00
27948,100.00
27949,100.00
27950,100.00
27951,100.00
27952,100.00
27953,100.00
27954,100.00
27955,100.00
27956,100.00
27957,100.00
27958,100.00
27959,100.00
27960,100.00
27961,100.00
27962,100.00
27963,100.00
27964,100.00
27965,100.00
27966,100.00
27967,100.00
27968,100.00
27969,100.00
27970,100.00
27971,100.00
27972,100.00
27973,100.00
27974,100.00
27975,100.00
27976,100.00
27977,100.00
27978,100.00
27979,100.00
27980,100.00
27981,100.00
27982,100.00
27983,100.00
27984,100.00
27985,100.00
27986,100.00
27987,100.00
27988,100.00
27989,100.00
27990,100.00
27991,100.00
27992,100.00
27993,100.00
27994,100.00
27995,100.00
27996,100.00
27997,100.00
27998,100.00
27999,100.00
28000,100.00
28001,100.00
28002,100.00
28003,100.00
28004,100.00
28005,100.00
28006,100.00
28007,100.00
28008,100.00
28009,100.00
28010,100.00
28011,100.00
28012,100.00
28013,100.00
28014,100.00
28015,100.00
28016,100.00
28017,100.00
28018,100.00
28019,100.00
28020,100.00
28021,100.00
28022,100.00
28023,100.00
28024,100.00
28025,100.00
28026,100.00
28027,100.00
28028,100.00
28029,100.00
28030,100.00
28031,100.00
28032,100.00
28033,100.00
28034,100.00
28035,100.00
28036,100.00
28037,100.00
28038,100.00
28039,100.00
28040,100.00
28041,100.00
28042,100.00
28043,100.00
28044,100.00
28045,100.00
28046,100.00
28047,100.00
28048,100.00
28049,100.00
28050,100.00
28051,100.00
28052,100.00
28053,100.00
28054,100.00
28055,100.00
28056,100.00
28057,100.00
28058,100.00
28059,100.00
28060,100.00
28061,100.00
28062,100.00
28063,100.00
28064,100.00
28065,100.00
28066,100.00
28067,100.00
28068,100.00
28069,100.00
28070,100.00
28071,100.00
28072,100.00
28073,100.00
28074,100.00
28075,100.00
28076,100.00
28077,100.00
28078,100.00
28079,100.00
28080,100.00
28081,100.00
28082,100.00
28083,100.00
28084,100.00
28085,100.00
28086,100.00
28087,100.00
28088,100.00
28089,100.00
28090,100.00
28091,100.00
28092,100.00
28093,100.00
28094,100.00
28095,100.00
28096,100.00
28097,100.00
28098,100.00
28099,100.00
28100,100.00
28101,100.00
28102,100.00
28103,100.00
28104,100.00
28105,100.00
28106,100.00
28107,100.00
28108,100.00
28109,100.00
28110,100.00
28111,100.00
28112,100.00
28113,100.00
28114,100.00
28115,100.00
28116,100.00
28117,100.00
28118,100.00
28119,100.00
28120,100.00
28121,100.00
28122,100.00
28123,100.00
28124,100.00
28125,100.00
28126,100.00
28127,100.00
28128,100.00
28129,100.00
28130,100.00
28131,100.00
28132,100.00
28133,100.00
28134,100.00
28135,100.00
28136,100.00
28137,100.00
28138,100.00
28139,100.00
28140,100.00
28141,100.00
28142,100.00
28143,100.00
28144,100.00
28145,100.00
28146,100.00
28147,100.00
28148,100.00
28149,100.00
28150,100.00
28151,100.00
28152,100.00
28153,100.00
28154,100.00
28155,100.00
28156,100.00
28157,100.00
28158,100.00
28159,100.00
28160,100.00
28161,100.00
28162,100.00
28163,100.00
28164,100.00
28165,100.00
28166,100.00
28167,100.00
28168,100.00
28169,100.00
28170,100.00
28171,100.00
28172,100.00
28173,100.00
28174,100.00
28175,100.00
28176,100.00
28177,100.00
28178,100.00
28179,100.00
28180,100.00
28181,100.00
28182,100.00
28183,100.00
28184,100.00
28185,100.00
28186,100.00
28187,100.00
28188,100.00
28189,100.00
28190,100.00
28191,100.00
28192,100.00
28193,100.00
28194,100.00
28195,100.00
28196,100.00
28197,100.00
28198,100.00
28199,100.00
28200,100.00
28201,100.00
28202,100.00
28203,100.00
28204,100.00
28205,100.00
28206,100.00
28207,100.00
28208,100.00
28209,100.00
28210,100.00
28211,100.00
28212,100.00
28213,100.00
28214,100.00
28215,100.00
28216,100.00
28217,100.00
28218,100.00
28219,100.00
28220,100.00
28221,100.00
28222,100.00
28223,100.00
28224,100.00
28225,100.00
28226,100.00
28227,100.00
28228,100.00
28229,100.00
28230,100.00
28231,100.00
28232,100.00
28233,100.00
28234,100.00
28235,100.00
28236,100.00
28237,100.00
28238,100.00
28239,100.00
28240,100.00
28241,100.00
28242,100.00
28243,100.00
28244,100.00
28245,100.00
28246,100.00
28247,100.00
28248,100.00
28249,100.00
28250,100.00
28251,100.00
28252,100.00
28253,100.00
28254,100.00
28255,100.00
28256,100.00
28257,100.00
28258,100.00
28259,100.00
28260,100.00
28261,100.00
28262,100.00
28263,100.00
28264,100.00
28265,100.00
28266,100.00
28267,100.00
28268,100.00
28269,100.00
28270,100.00
28271,100.00
28272,100.00
28273,100.00
28274,100.00
28275,100.00
28276,100.00
28277,100.00
28278,100.00
28279,100.00
28280,100.00
28281,100.00
28282,100.00
28283,100.00
28284,100.00
28285,100.00
28286,100.00
28287,100.00
28288,100.00
28289,100.00
28290,100.00
28291,100.00
28292,100.00
28293,100.00
28294,100.00
28295,100.00
28296,100.00
28297,100.00
28298,100.00
28299,100.00
28300,100.00
28301,100.00
28302,100.00
28303,100.00
28304,100.00
28305,100.00
28306,100.00
28307,100.00
28308,100.00
28309,100.00
28310,100.00
28311,100.00
28312,100.00
28313,100.00
28314,100.00
28315,100.00
28316,100.00
28317,100.00
28318,100.00
28319,100.00
28320,100.00
28321,100.00
28322,100.00
28323,100.00
28324,100.00
28325,100.00
28326,100.00
28327,100.00
28328,100.00
28329,100.00
28330,100.00
28331,100.00
28332,100.00
28333,100.00
28334,100.00
28335,100.00
28336,100.00
28337,100.00
28338,100.00
28339,100.00
28340,100.00
28341,100.00
28342,100.00
28343,100.00
28344,100.00
28345,100.00
28346,100.00
28347,100.00
28348,100.00
28349,100.00
28350,100.00
28351,100.00
28352,100.00
28353,100.00
28354,100.00
28355,100.00
28356,100.00
28357,100.00
28358,100.00
28359,100.00
28360,100.00
28361,100.00
28362,100.00
28363,100.00
28364,100.00
28365,100.00
28366,100.00
28367,100.00
28368,100.00
28369,100.00
28370,100.00
28371,100.00
28372,100.00
28373,100.00
28374,100.00
28375,100.00
28376,100.00
28377,100.00
28378,100.00
28379,100.00
28380,100.00
28381,100.00
28382,100.00
28383,100.00
28384,100.00
28385,100.00
28386,100.00
28387,100.00
28388,100.00
28389,100.00
28390,100.00
28391,100.00
28392,100.00
28393,100.00
28394,100.00
28395,100.00
28396,100.00
28397,100.00
28398,100.00
28399,100.00
28400,100.00
28401,100.00
28402,100.00
28403,100.00
28404,100.00
28405,100.00
28406,100.00
28407,100.00
28408,100.00
28409,100.00
28410,100.00
28411,100.00
28412,100.00
28413,100.00
28414,100.00
28415,100.00
28416,100.00
28417,100.00
28418,100.00
28419,100.00
28420,100.00
28421,100.00
28422,100.00
28423,100.00
28424,100.00
28425,100.00
28426,100.00
28427,100.00
28428,100.00
28429,100.00
28430,100.00
28431,100.00
28432,100.00
28433,100.00
28434,100.00
28435,100.00
28436,100.00
28437,100.00
28438,100.00
28439,100.00
28440,100.00
28441,100.00
28442,100.00
28443,100.00
28444,100.00
28445,100.00
28446,100.00
28447,100.00
28448,100.00
28449,100.00
28450,100.00
28451,100.00
28452,100.00
28453,100.00
28454,100.00
28455,100.00
28456,100.00
28457,100.00
28458,100.00
28459,100.00
28460,100.00
28461,100.00
28462,100.00
28463,100.00
28464,100.00
28465,100.00
28466,100.00
28467,100.00
28468,100.00
28469,100.00
28470,100.00
28471,100.00
28472,100.00
28473,100.00
28474,100.00
28475,100.00
28476,100.00
28477,100.00
28478,100.00
28479,100.00
28480,100.00
28481,100.00
28482,100.00
28483,100.00
28484,100.00
28485,100.00
28486,100.00
28487,100.00
28488,100.00
28489,100.00
28490,100.00
28491,100.00
28492,100.00
28493,100.00
28494,100.00
28495,100.00
28496,100.00
28497,100.00
28498,100.00
28499,100.00
28500,100.00
28501,100.00
28502,100.00
28503,100.00
28504,100.00
28505,100.00
28506,100.00
28507,100.00
28508,100.00
28509,100.00
28510,100.00
28511,100.00
28512,100.00
28513,100.00
28514,100.00
28515,100.00
28516,100.00
28517,100.00
28518,100.00
28519,100.00
28520,100.00
28521,100.00
28522,100.00
28523,100.00
28524,100.00
28525,100.00
28526,100.00
28527,100.00
28528,100.00
28529,100.00
28530,100.00
28531,100.00
28532,100.00
28533,100.00
28534,100.00
28535,100.00
28536,100.00
28537,100.00
28538,100.00
28539,100.00
28540,100.00
28541,100.00
28542,100.00
28543,100.00
28544,100.00
28545,100.00
28546,100.00
28547,100.00
28548,100.00
28549,100.00
28550,100.00
28551,100.00
28552,100.00
28553,100.00
28554,100.00
28555,100.00
28556,100.00
28557,100.00
28558,100.00
28559,100.00
28560,100.00
28561,100.00
28562,100.00
28563,100.00
28564,100.00
28565,100.00
28566,100.00
28567,100.00
28568,100.00
28569,100.00
28570,100.00
28571,100.00
28572,100.00
28573,100.00
28574,100.00
28575,100.00
28576,100.00
28577,100.00
28578,100.00
28579,100.00
28580,100.00
28581,100.00
28582,100.00
28583,100.00
28584,100.00
28585,100.00
28586,100.00
28587,100.00
28588,100.00
28589,100.00
28590,100.00
28591,100.00
28592,100.00
28593,100.00
28594,100.00
28595,100.00
28596,100.00
28597,100.00
28598,100.00
28599,100.00
28600,100.00
28601,100.00
28602,100.00
28603,100.00
28604,100.00
28605,100.00
28606,100.00
28607,100.00
28608,100.00
28609,100.00
28610,100.00
28611,100.00
28612,100.00
28613,100.00
28614,100.00
28615,100.00
28616,100.00
28617,100.00
28618,100.00
28619,100.00
28620,100.00
28621,100.00
28622,100.00
28623,100.00
28624,100.00
28625,100.00
28626,100.00
28627,100.00
28628,100.00
28629,100.00
28630,100.00
28631,100.00
28632,100.00
28633,100.00
28634,100.00
28635,100.00
28636,100.00
28637,100.00
28638,100.00
28639,100.00
28640,100.00
28641,100.00
28642,100.00
28643,100.00
28644,100.00
28645,100.00
28646,100.00
28647,100.00
28648,100.00
28649,100.00
28650,100.00
28651,100.00
28652,100.00
28653,100.00
28654,100.00
28655,100.00
28656,100.00
28657,100.00
28658,100.00
28659,100.00
28660,100.00
28661,100.00
28662,100.00
28663,100.00
28664,100.00
28665,100.00
28666,100.00
28667,100.00
28668,100.00
28669,100.00
28670,100.00
28671,100.00
28672,100.00
28673,100.00
28674,100.00
28675,100.00
28676,100.00
28677,100.00
28678,100.00
28679,100.00
28680,100.00
28681,100.00
28682,100.00
28683,100.00
28684,100.00
28685,100.00
28686,100.00
28687,100.00
28688,100.00
28689,100.00
28690,100.00
28691,100.00
28692,100.00
28693,100.00
28694,100.00
28695,100.00
28696,100.00
28697,100.00
28698,100.00
28699,100.00
28700,100.00
28701,100.00
28702,100.00
28703,100.00
28704,100.00
28705,100.00
28706,100.00
28707,100.00
28708,100.00
28709,100.00
28710,100.00
28711,100.00
28712,100.00
28713,100.00
28714,100.00
28715,100.00
28716,100.00
28717,100.00
28718,100.00
28719,100.00
28720,100.00
28721,100.00
28722,100.00
28723,100.00
28724,100.00
28725,100.00
28726,100.00
28727,100.00
28728,100.00
28729,100.00
28730,100.00
28731,100.00
28732,100.00
28733,100.00
28734,100.00
28735,100.00
28736,100.00
28737,100.00
28738,100.00
28739,100.00
28740,100.00
28741,100.00
28742,100.00
28743,100.00
28744,100.00
28745,100.00
28746,100.00
28747,100.00
28748,100.00
28749,100.00
28750,100.00
28751,100.00
28752,100.00
28753,100.00
28754,100.00
28755,100.00
28756,100.00
28757,100.00
28758,100.00
28759,100.00
28760,100.00
28761,100.00
28762,100.00
28763,100.00
28764,100.00
28765,100.00
28766,100.00
28767,100.00
28768,100.00
28769,100.00
28770,100.00
28771,100.00
28772,100.00
28773,100.00
28774,100.00
28775,100.00
28776,100.00
28777,100.00
28778,100.00
28779,100.00
28780,100.00
28781,100.00
28782,100.00
28783,100.00
28784,100.00
28785,100.00
28786,100.00
28787,100.00
28788,100.00
28789,100.00
28790,100.00
28791,100.00
28792,100.00
28793,100.00
28794,100.00
28795,100.00
28796,100.00
28797,100.00
28798,100.00
28799,100.00
28800,100.00
28801,100.00
28802,100.00
28803,100.00
28804,100.00
28805,100.00
28806,100.00
28807,100.00
28808,100.00
28809,100.00
28810,100.00
28811,100.00
28812,100.00
28813,100.00
28814,100.00
28815,100.00
28816,100.00
28817,100.00
28818,100.00
28819,100.00
28820,100.00
28821,100.00
28822,100.00
28823,100.00
28824,100.00
28825,100.00
28826,100.00
28827,100.00
28828,100.00
28829,100.00
28830,100.00
28831,100.00
28832,100.00
28833,100.00
28834,100.00
28835,100.00
28836,100.00
28837,100.00
28838,100.00
28839,100.00
28840,100.00
28841,100.00
28842,100.00
28843,100.00
28844,100.00
28845,100.00
28846,100.00
28847,100.00
28848,100.00
28849,100.00
28850,100.00
28851,100.00
28852,100.00
28853,100.00
28854,100.00
28855,100.00
28856,100.00
28857,100.00
28858,100.00
28859,100.00
28860,100.00
28861,100.00
28862,100.00
28863,100.00
28864,100.00
28865,100.00
28866,100.00
28867,100.00
28868,100.00
28869,100.00
28870,100.00
28871,100.00
28872,100.00
28873,100.00
28874,100.00
28875,100.00
28876,100.00
28877,100.00
28878,100.00
28879,100.00
28880,100.00
28881,100.00
28882,100.00
28883,100.00
28884,100.00
28885,100.00
28886,100.00
28887,100.00
28888,100.00
28889,100.00
28890,100.00
28891,100.00
28892,100.00
28893,100.00
28894,100.00
28895,100.00
28896,100.00
28897,100.00
28898,100.00
28899,100.00
28900,100.00
28901,100.00
28902,100.00
28903,100.00
28904,100.00
28905,100.00
28906,100.00
28907,100.00
28908,100.00
28909,100.00
28910,100.00
28911,100.00
28912,100.00
28913,100.00
28914,100.00
28915,100.00
28916,100.00
28917,100.00
28918,100.00
28919,100.00
28920,100.00
28921,100.00
28922,100.00
28923,100.00
28924,100.00
28925,100.00
28926,100.00
28927,100.00
28928,100.00
28929,100.00
28930,100.00
28931,100.00
28932,100.00
28933,100.00
28934,100.00
28935,100.00
28936,100.00
28937,100.00
28938,100.00
28939,100.00
28940,100.00
28941,100.00
28942,100.00
28943,100.00
28944,100.00
28945,100.00
28946,100.00
28947,100.00
28948,100.00
28949,100.00
28950,100.00
28951,100.00
28952,100.00
28953,100.00
28954,100.00
28955,100.00
28956,100.00
28957,100.00
28958,100.00
28959,100.00
28960,100.00
28961,100.00
28962,100.00
28963,100.00
28964,100.00
28965,100.00
28966,100.00
28967,100.00
28968,100.00
28969,100.00
28970,100.00
28971,100.00
28972,100.00
28973,100.00
28974,100.00
28975,100.00
28976,100.00
28977,100.00
28978,100.00
28979,100.00
28980,100.00
28981,100.00
28982,100.00
28983,100.00
28984,100.00
28985,100.00
28986,100.00
28987,100.00
28988,100.00
28989,100.00
28990,100.00
28991,100.00
28992,100.00
28993,100.00
28994,100.00
28995,100.00
28996,100.00
28997,100.00
28998,100.00
28999,100.00
29000,100.00
29001,100.00
29002,100.00
29003,100.00
29004,100.00
29005,100.00
29006,100.00
29007,100.00
29008,100.00
29009,100.00
29010,100.00
29011,100.00
29012,100.00
29013,100.00
29014,100.00
29015,100.00
29016,100.00
29017,100.00
29018,100.00
29019,100.00
29020,100.00
29021,100.00
29022,100.00
29023,100.00
29024,100.00
29025,100.00
29026,100.00
29027,100.00
29028,100.00
29029,100.00
29030,100.00
29031,100.00
29032,100.00
29033,100.00
29034,100.00
29035,100.00
29036,100.00
29037,100.00
29038,100.00
29039,100.00
29040,100.00
29041,100.00
29042,100.00
29043,100.00
29044,100.00
29045,100.00
29046,100.00
29047,100.00
29048,100.00
29049,100.00
29050,100.00
29051,100.00
29052,100.00
29053,100.00
29054,100.00
29055,100.00
29056,100.00
29057,100.00
29058,100.00
29059,100.00
29060,100.00
29061,100.00
29062,100.00
29063,100.00
29064,100.00
29065,100.00
29066,100.00
29067,100.00
29068,100.00
29069,100.00
29070,100.00
29071,100.00
29072,100.00
29073,100.00
29074,100.00
29075,100.00
29076,100.00
29077,100.00
29078,100.00
29079,100.00
29080,100.00
29081,100.00
29082,100.00
29083,100.00
29084,100.00
29085,100.00
29086,100.00
29087,100.00
29088,100.00
29089,100.00
29090,100.00
29091,100.00
29092,100.00
29093,100.00
29094,100.00
29095,100.00
29096,100.00
29097,100.00
29098,100.00
29099,100.00
29100,100.00
29101,100.00
29102,100.00
29103,100.00
29104,100.00
29105,100.00
29106,100.00
29107,100.00
29108,100.00
29109,100.00
29110,100.00
29111,100.00
29112,100.00
29113,100.00
29114,100.00
29115,100.00
29116,100.00
29117,100.00
29118,100.00
29119,100.00
29120,100.00
29121,100.00
29122,100.00
29123,100.00
29124,100.00
29125,100.00
29126,100.00
29127,100.00
29128,100.00
29129,100.00
29130,100.00
29131,100.00
29132,100.00
29133,100.00
29134,100.00
29135,100.00
29136,100.00
29137,100.00
29138,100.00
29139,100.00
29140,100.00
29141,100.00
29142,100.00
29143,100.00
29144,100.00
29145,100.00
29146,100.00
29147,100.00
29148,100.00
29149,100.00
29150,100.00
29151,100.00
29152,100.00
29153,100.00
29154,100.00
29155,100.00
29156,100.00
29157,100.00
29158,100.00
29159,100.00
29160,100.00
29161,100.00
29162,100.00
29163,100.00
29164,100.00
29165,100.00
29166,100.00
29167,100.00
29168,100.00
29169,100.00
29170,100.00
29171,100.00
29172,100.00
29173,100.00
29174,100.00
29175,100.00
29176,100.00
29177,100.00
29178,100.00
29179,100.00
29180,100.00
29181,100.00
29182,100.00
29183,100.00
29184,100.00
29185,100.00
29186,100.00
29187,100.00
29188,100.00
29189,100.00
29190,100.00
29191,100.00
29192,100.00
29193,100.00
29194,100.00
29195,100.00
29196,100.00
29197,100.00
29198,100.00
29199,100.00
29200,100.00
29201,100.00
29202,100.00
29203,100.00
29204,100.00
29205,100.00
29206,100.00
29207,100.00
29208,100.00
29209,100.00
29210,100.00
29211,100.00
29212,100.00
29213,100.00
29214,100.00
29215,100.00
29216,100.00
29217,100.00
29218,100.00
29219,100.00
29220,100.00
29221,100.00
29222,100.00
29223,100.00
29224,100.00
29225,100.00
29226,100.00
29227,100.00
29228,100.00
29229,100.00
29230,100.00
29231,100.00
29232,100.00
29233,100.00
29234,100.00
29235,100.00
29236,100.00
29237,100.00
29238,100.00
29239,100.00
29240,100.00
29241,100.00
29242,100.00
29243,100.00
29244,100.00
29245,100.00
29246,100.00
29247,100.00
29248,100.00
29249,100.00
29250,100.00
29251,100.00
29252,100.00
29253,100.00
29254,100.00
29255,100.00
29256,100.00
29257,100.00
29258,100.00
29259,100.00
29260,100.00
29261,100.00
29262,100.00
29263,100.00
29264,100.00
29265,100.00
29266,100.00
29267,100.00
29268,100.00
29269,100.00
29270,100.00
29271,100.00
29272,100.00
29273,100.00
29274,100.00
29275,100.00
29276,100.00
29277,100.00
29278,100.00
29279,100.00
29280,100.00
29281,100.00
29282,100.00
29283,100.00
29284,100.00
29285,100.00
29286,100.00
29287,100.00
29288,100.00
29289,100.00
29290,100.00
29291,100.00
29292,100.00
29293,100.00
29294,100.00
29295,100.00
29296,100.00
29297,100.00
29298,100.00
29299,100.00
29300,100.00
29301,100.00
29302,100.00
29303,100.00
29304,100.00
29305,100.00
29306,100.00
29307,100.00
29308,100.00
29309,100.00
29310,100.00
29311,100.00
29312,100.00
29313,100.00
29314,100.00
29315,100.00
29316,100.00
29317,100.00
29318,100.00
29319,100.00
29320,100.00
29321,100.00
29322,100.00
29323,100.00
29324,100.00
29325,100.00
29326,100.00
29327,100.00
29328,100.00
29329,100.00
29330,100.00
29331,100.00
29332,100.00
29333,100.00
29334,100.00
29335,100.00
29336,100.00
29337,100.00
29338,100.00
29339,100.00
29340,100.00
29341,100.00
29342,100.00
29343,100.00
29344,100.00
29345,100.00
29346,100.00
29347,100.00
29348,100.00
29349,100.00
29350,100.00
29351,100.00
29352,100.00
29353,100.00
29354,100.00
29355,100.00
29356,100.00
29357,100.00
29358,100.00
29359,100.00
29360,100.00
29361,100.00
29362,100.00
29363,100.00
29364,100.00
29365,100.00
29366,100.00
29367,100.00
29368,100.00
29369,100.00
29370,100.00
29371,100.00
29372,100.00
29373,100.00
29374,100.00
29375,100.00
29376,100.00
29377,100.00
29378,100.00
29379,100.00
29380,100.00
29381,100.00
29382,100.00
29383,100.00
29384,100.00
29385,100.00
29386,100.00
29387,100.00
29388,100.00
29389,100.00
29390,100.00
29391,100.00
29392,100.00
29393,100.00
29394,100.00
29395,100.00
29396,100.00
29397,100.00
29398,100.00
29399,100.00
29400,100.00
29401,100.00
29402,100.00
29403,100.00
29404,100.00
29405,100.00
29406,100.00
29407,100.00
29408,100.00
29409,100.00
29410,100.00
29411,100.00
29412,100.00
29413,100.00
29414,100.00
29415,100.00
29416,100.00
29417,100.00
29418,100.00
29419,100.00
29420,100.00
29421,100.00
29422,100.00
29423,100.00
29424,100.00
29425,100.00
29426,100.00
29427,100.00
29428,100.00
29429,100.00
29430,100.00
29431,100.00
29432,100.00
29433,100.00
29434,100.00
29435,100.00
29436,100.00
29437,100.00
29438,100.00
29439,100.00
29440,100.00
29441,100.00
29442,100.00
29443,100.00
29444,100.00
29445,100.00
29446,100.00
29447,100.00
29448,100.00
29449,100.00
29450,100.00
29451,100.00
29452,100.00
29453,100.00
29454,100.00
29455,100.00
29456,100.00
29457,100.00
29458,100.00
29459,100.00
29460,100.00
29461,100.00
29462,100.00
29463,100.00
29464,100.00
29465,100.00
29466,100.00
29467,100.00
29468,100.00
29469,100.00
29470,100.00
29471,100.00
29472,100.00
29473,100.00
29474,100.00
29475,100.00
29476,100.00
29477,100.00
29478,100.00
29479,100.00
29480,100.00
29481,100.00
29482,100.00
29483,100.00
29484,100.00
29485,100.00
29486,100.00
29487,100.00
29488,100.00
29489,100.00
29490,100.00
29491,100.00
29492,100.00
29493,100.00
29494,100.00
29495,100.00
29496,100.00
29497,100.00
29498,100.00
29499,100.00
29500,100.00
29501,100.00
29502,100.00
29503,100.00
29504,100.00
29505,100.00
29506,100.00
29507,100.00
29508,100.00
29509,100.00
29510,100.00
29511,100.00
29512,100.00
29513,100.00
29514,100.00
29515,100.00
29516,100.00
29517,100.00
29518,100.00
29519,100.00
29520,100.00
29521,100.00
29522,100.00
29523,100.00
29524,100.00
29525,100.00
29526,100.00
29527,100.00
29528,100.00
29529,100.00
29530,100.00
29531,100.00
29532,100.00
29533,100.00
29534,100.00
29535,100.00
29536,100.00
29537,100.00
29538,100.00
29539,100.00
29540,100.00
29541,100.00
29542,100.00
29543,100.00
29544,100.00
29545,100.00
29546,100.00
29547,100.00
29548,100.00
29549,100.00
29550,100.00
29551,100.00
29552,100.00
29553,100.00
29554,100.00
29555,100.00
29556,100.00
29557,100.00
29558,100.00
29559,100.00
29560,100.00
29561,100.00
29562,100.00
29563,100.00
29564,100.00
29565,100.00
29566,100.00
29567,100.00
29568,100.00
29569,100.00
29570,100.00
29571,100.00
29572,100.00
29573,100.00
29574,100.00
29575,100.00
29576,100.00
29577,100.00
29578,100.00
29579,100.00
29580,100.00
29581,100.00
29582,100.00
29583,100.00
29584,100.00
29585,100.00
29586,100.00
29587,100.00
29588,100.00
29589,100.00
29590,100.00
29591,100.00
29592,100.00
29593,100.00
29594,100.00
29595,100.00
29596,100.00
29597,100.00
29598,100.00
29599,100.00
29600,100.00
29601,100.00
29602,100.00
29603,100.00
29604,100.00
29605,100.00
29606,100.00
29607,100.00
29608,100.00
29609,100.00
29610,100.00
29611,100.00
29612,100.00
29613,100.00
29614,100.00
29615,100.00
29616,100.00
29617,100.00
29618,100.00
29619,100.00
29620,100.00
29621,100.00
29622,100.00
29623,100.00
29624,100.00
29625,100.00
29626,100.00
29627,100.00
29628,100.00
29629,100.00
29630,100.00
29631,100.00
29632,100.00
29633,100.00
29634,100.00
29635,100.00
29636,100.00
29637,100.00
29638,100.00
29639,100.00
29640,100.00
29641,100.00
29642,100.00
29643,100.00
29644,100.00
29645,100.00
29646,100.00
29647,100.00
29648,100.00
29649,100.00
29650,100.00
29651,100.00
29652,100.00
29653,100.00
29654,100.00
29655,100.00
29656,100.00
29657,100.00
29658,100.00
29659,100.00
29660,100.00
29661,100.00
29662,100.00
29663,100.00
29664,100.00
29665,100.00
29666,100.00
29667,100.00
29668,100.00
29669,100.00
29670,100.00
29671,100.00
29672,100.00
29673,100.00
29674,100.00
29675,100.00
29676,100.00
29677,100.00
29678,100.00
29679,100.00
29680,100.00
29681,100.00
29682,100.00
29683,100.00
29684,100.00
29685,100.00
29686,100.00
29687,100.00
29688,100.00
29689,100.00
29690,100.00
29691,100.00
29692,100.00
29693,100.00
29694,100.00
29695,100.00
29696,100.00
29697,100.00
29698,100.00
29699,100.00
29700,100.00
29701,100.00
29702,100.00
29703,100.00
29704,100.00
29705,100.00
29706,100.00
29707,100.00
29708,100.00
29709,100.00
29710,100.00
29711,100.00
29712,100.00
29713,100.00
29714,100.00
29715,100.00
29716,100.00
29717,100.00
29718,100.00
29719,100.00
29720,100.00
29721,100.00
29722,100.00
29723,100.00
29724,100.00
29725,100.00
29726,100.00
29727,100.00
29728,100.00
29729,100.00
29730,100.00
29731,100.00
29732,100.00
29733,100.00
29734,100.00
29735,100.00
29736,100.00
29737,100.00
29738,100.00
29739,100.00
29740,100.00
29741,100.00
29742,100.00
29743,100.00
29744,100.00
29745,100.00
29746,100.00
29747,100.00
29748,100.00
29749,100.00
29750,100.00
29751,100.00
29752,100.00
29753,100.00
29754,100.00
29755,100.00
29756,100.00
29757,100.00
29758,100.00
29759,100.00
29760,100.00
29761,100.00
29762,100.00
29763,100.00
29764,100.00
29765,100.00
29766,100.00
29767,100.00
29768,100.00
29769,100.00
29770,100.00
29771,100.00
29772,100.00
29773,100.00
29774,100.00
29775,100.00
29776,100.00
29777,100.00
29778,100.00
29779,100.00
29780,100.00
29781,100.00
29782,100.00
29783,100.00
29784,100.00
29785,100.00
29786,100.00
29787,100.00
29788,100.00
29789,100.00
29790,100.00
29791,100.00
29792,100.00
29793,100.00
29794,100.00
29795,100.00
29796,100.00
29797,100.00
29798,100.00
29799,100.00
29800,100.00
29801,100.00
29802,100.00
29803,100.00
29804,100.00
29805,100.00
29806,100.00
29807,100.00
29808,100.00
29809,100.00
29810,100.00
29811,100.00
29812,100.00
29813,100.00
29814,100.00
29815,100.00
29816,100.00
29817,100.00
29818,100.00
29819,100.00
29820,100.00
29821,100.00
29822,100.00
29823,100.00
29824,100.00
29825,100.00
29826,100.00
29827,100.00
29828,100.00
29829,100.00
29830,100.00
29831,100.00
29832,100.00
29833,100.00
29834,100.00
29835,100.00
29836,100.00
29837,100.00
29838,100.00
29839,100.00
29840,100.00
29841,100.00
29842,100.00
29843,100.00
29844,100.00
29845,100.00
29846,100.00
29847,100.00
29848,100.00
29849,100.00
29850,100.00
29851,100.00
29852,100.00
29853,100.00
29854,100.00
29855,100.00
29856,100.00
29857,100.00
29858,100.00
29859,100.00
29860,100.00
29861,100.00
29862,100.00
29863,100.00
29864,100.00
29865,100.00
29866,100.00
29867,100.00
29868,100.00
29869,100.00
29870,100.00
29871,100.00
29872,100.00
29873,100.00
29874,100.00
29875,100.00
29876,100.00
29877,100.00
29878,100.00
29879,100.00
29880,100.00
29881,100.00
29882,100.00
29883,100.00
29884,100.00
29885,100.00
29886,100.00
29887,100.00
29888,100.00
29889,100.00
29890,100.00
29891,100.00
29892,100.00
29893,100.00
29894,100.00
29895,100.00
29896,100.00
29897,100.00
29898,100.00
29899,100.00
29900,100.00
29901,100.00
29902,100.00
29903,100.00
29904,100.00
29905,100.00
29906,100.00
29907,100.00
29908,100.00
29909,100.00
29910,100.00
29911,100.00
29912,100.00
29913,100.00
29914,100.00
29915,100.00
29916,100.00
29917,100.00
29918,100.00
29919,100.00
29920,100.00
29921,100.00
29922,100.00
29923,100.00
29924,100.00
29925,100.00
29926,100.00
29927,100.00
29928,100.00
29929,100.00
29930,100.00
29931,100.00
29932,100.00
29933,100.00
29934,100.00
29935,100.00
29936,100.00
29937,100.00
29938,100.00
29939,100.00
29940,100.00
29941,100.00
29942,100.00
29943,100.00
29944,100.00
29945,100.00
29946,100.00
29947,100.00
29948,100.00
29949,100.00
29950,100.00
29951,100.00
29952,100.00
29953,100.00
29954,100.00
29955,100.00
29956,100.00
29957,100.00
29958,100.00
29959,100.00
29960,100.00
29961,100.00
29962,100.00
29963,100.00
29964,100.00
29965,100.00
29966,100.00
29967,100.00
29968,100.00
29969,100.00
29970,100.00
29971,100.00
29972,100.00
29973,100.00
29974,100.00
29975,100.00
29976,100.00
29977,100.00
29978,100.00
29979,100.00
29980,100.00
29981,100.00
29982,100.00
29983,100.00
29984,100.00
29985,100.00
29986,100.00
29987,100.00
29988,100.00
29989,100.00
29990,100.00
29991,100.00
29992,100.00
29993,100.00
29994,100.00
29995,100.00
29996,100.00
29997,100.00
29998,100.00
29999,100.00
30000,100.00
30001,100.00
30002,100.00
30003,100.00
30004,100.00
30005,100.00
30006,100.00
30007,100.00
30008,100.00
30009,100.00
30010,100.00
30011,100.00
30012,100.00
30013,100.00
30014,100.00
30015,100.00
30016,100.00
30017,100.00
30018,100.00
30019,100.00
30020,100.00
30021,100.00
30022,100.00
30023,100.00
30024,100.00
30025,100.00
30026,100.00
30027,100.00
30028,100.00
30029,100.00
30030,100.00
30031,100.00
30032,100.00
30033,100.00
30034,100.00
30035,100.00
30036,100.00
30037,100.00
30038,100.00
30039,100.00
30040,100.00
30041,100.00
30042,100.00
30043,100.00
30044,100.00
30045,100.00
30046,100.00
30047,100.00
30048,100.00
30049,100.00
30050,100.00
30051,100.00
30052,100.00
30053,100.00
30054,100.00
30055,100.00
30056,100.00
30057,100.00
30058,100.00
30059,100.00
30060,100.00
30061,100.00
30062,100.00
30063,100.00
30064,100.00
30065,100.00
30066,100.00
30067,100.00
30068,100.00
30069,100.00
30070,100.00
30071,100.00
30072,100.00
30073,100.00
30074,100.00
30075,100.00
30076,100.00
30077,100.00
30078,100.00
30079,100.00
30080,100.00
30081,100.00
30082,100.00
30083,100.00
30084,100.00
30085,100.00
30086,100.00
30087,100.00
30088,100.00
30089,100.00
30090,100.00
30091,100.00
30092,100.00
30093,100.00
30094,100.00
30095,100.00
30096,100.00
30097,100.00
30098,100.00
30099,100.00
30100,100.00
30101,100.00
30102,100.00
30103,100.00
30104,100.00
30105,100.00
30106,100.00
30107,100.00
30108,100.00
30109,100.00
30110,100.00
30111,100.00
30112,100.00
30113,100.00
30114,100.00
30115,100.00
30116,100.00
30117,100.00
30118,100.00
30119,100.00
30120,100.00
30121,100.00
30122,100.00
30123,100.00
30124,100.00
30125,100.00
30126,100.00
30127,100.00
30128,100.00
30129,100.00
30130,100.00
30131,100.00
30132,100.00
30133,100.00
30134,100.00
30135,100.00
30136,100.00
30137,100.00
30138,100.00
30139,100.00
30140,100.00
30141,100.00
30142,100.00
30143,100.00
30144,100.00
30145,100.00
30146,100.00
30147,100.00
30148,100.00
30149,100.00
30150,100.00
30151,100.00
30152,100.00
30153,100.00
30154,100.00
30155,100.00
30156,100.00
30157,100.00
30158,100.00
30159,100.00
30160,100.00
30161,100.00
30162,100.00
30163,100.00
30164,100.00
30165,100.00
30166,100.00
30167,100.00
30168,100.00
30169,100.00
30170,100.00
30171,100.00
30172,100.00
30173,100.00
30174,100.00
30175,100.00
30176,100.00
30177,100.00
30178,100.00
30179,100.00
30180,100.00
30181,100.00
30182,100.00
30183,100.00
30184,100.00
30185,100.00
30186,100.00
30187,100.00
30188,100.00
30189,100.00
30190,100.00
30191,100.00
30192,100.00
30193,100.00
30194,100.00
30195,100.00
30196,100.00
30197,100.00
30198,100.00
30199,100.00
30200,100.00
30201,100.00
30202,100.00
30203,100.00
30204,100.00
30205,100.00
30206,100.00
30207,100.00
30208,100.00
30209,100.00
30210,100.00
30211,100.00
30212,100.00
30213,100.00
30214,100.00
30215,100.00
30216,100.00
30217,100.00
30218,100.00
30219,100.00
30220,100.00
30221,100.00
30222,100.00
30223,100.00
30224,100.00
30225,100.00
30226,100.00
30227,100.00
30228,100.00
30229,100.00
30230,100.00
30231,100.00
30232,100.00
30233,100.00
30234,100.00
30235,100.00
30236,100.00
30237,100.00
30238,100.00
30239,100.00
30240,100.00
30241,100.00
30242,100.00
30243,100.00
30244,100.00
30245,100.00
30246,100.00
30247,100.00
30248,100.00
30249,100.00
30250,100.00
30251,100.00
30252,100.00
30253,100.00
30254,100.00
30255,100.00
30256,100.00
30257,100.00
30258,100.00
30259,100.00
30260,100.00
30261,100.00
30262,100.00
30263,100.00
30264,100.00
30265,100.00
30266,100.00
30267,100.00
30268,100.00
30269,100.00
30270,100.00
30271,100.00
30272,100.00
30273,100.00
30274,100.00
30275,100.00
30276,100.00
30277,100.00
30278,100.00
30279,100.00
30280,100.00
30281,100.00
30282,100.00
30283,100.00
30284,100.00
30285,100.00
30286,100.00
30287,100.00
30288,100.00
30289,100.00
30290,100.00
30291,100.00
30292,100.00
30293,100.00
30294,100.00
30295,100.00
30296,100.00
30297,100.00
30298,100.00
30299,100.00
30300,100.00
30301,100.00
30302,100.00
30303,100.00
30304,100.00
30305,100.00
30306,100.00
30307,100.00
30308,100.00
30309,100.00
30310,100.00
30311,100.00
30312,100.00
30313,100.00
30314,100.00
30315,100.00
30316,100.00
30317,100.00
30318,100.00
30319,100.00
30320,100.00
30321,100.00
30322,100.00
30323,100.00
30324,100.00
30325,100.00
30326,100.00
30327,100.00
30328,100.00
30329,100.00
30330,100.00
30331,100.00
30332,100.00
30333,100.00
30334,100.00
30335,100.00
30336,100.00
30337,100.00
30338,100.00
30339,100.00
30340,100.00
30341,100.00
30342,100.00
30343,100.00
30344,100.00
30345,100.00
30346,100.00
30347,100.00
30348,100.00
30349,100.00
30350,100.00
30351,100.00
30352,100.00
30353,100.00
30354,100.00
30355,100.00
30356,100.00
30357,100.00
30358,100.00
30359,100.00
30360,100.00
30361,100.00
30362,100.00
30363,100.00
30364,100.00
30365,100.00
30366,100.00
30367,100.00
30368,100.00
30369,100.00
30370,100.00
30371,100.00
30372,100.00
30373,100.00
30374,100.00
30375,100.00
30376,100.00
30377,100.00
30378,100.00
30379,100.00
30380,100.00
30381,100.00
30382,100.00
30383,100.00
30384,100.00
30385,100.00
30386,100.00
30387,100.00
30388,100.00
30389,100.00
30390,100.00
30391,100.00
30392,100.00
30393,100.00
30394,100.00
30395,100.00
30396,100.00
30397,100.00
30398,100.00
30399,100.00
30400,100.00
30401,100.00
30402,100.00
30403,100.00
30404,100.00
30405,100.00
30406,100.00
30407,100.00
30408,100.00
30409,100.00
30410,100.00
30411,100.00
30412,100.00
30413,100.00
30414,100.00
30415,100.00
30416,100.00
30417,100.00
30418,100.00
30419,100.00
30420,100.00
30421,100.00
30422,100.00
30423,100.00
30424,100.00
30425,100.00
30426,100.00
30427,100.00
30428,100.00
30429,100.00
30430,100.00
30431,100.00
30432,100.00
30433,100.00
30434,100.00
30435,100.00
30436,100.00
30437,100.00
30438,100.00
30439,100.00
30440,100.00
30441,100.00
30442,100.00
30443,100.00
30444,100.00
30445,100.00
30446,100.00
30447,100.00
30448,100.00
30449,100.00
30450,100.00
30451,100.00
30452,100.00
30453,100.00
30454,100.00
30455,100.00
30456,100.00
30457,100.00
30458,100.00
30459,100.00
30460,100.00
30461,100.00
30462,100.00
30463,100.00
30464,100.00
30465,100.00
30466,100.00
30467,100.00
30468,100.00
30469,100.00
30470,100.00
30471,100.00
30472,100.00
30473,100.00
30474,100.00
30475,100.00
30476,100.00
30477,100.00
30478,100.00
30479,100.00
30480,100.00
30481,100.00
30482,100.00
30483,100.00
30484,100.00
30485,100.00
30486,100.00
30487,100.00
30488,100.00
30489,100.00
30490,100.00
30491,100.00
30492,100.00
30493,100.00
30494,100.00
30495,100.00
30496,100.00
30497,100.00
30498,100.00
30499,100.00
30500,100.00
30501,100.00
30502,100.00
30503,100.00
30504,100.00
30505,100.00
30506,100.00
30507,100.00
30508,100.00
30509,100.00
30510,100.00
30511,100.00
30512,100.00
30513,100.00
30514,100.00
30515,100.00
30516,100.00
30517,100.00
30518,100.00
30519,100.00
30520,100.00
30521,100.00
30522,100.00
30523,100.00
30524,100.00
30525,100.00
30526,100.00
30527,100.00
30528,100.00
30529,100.00
30530,100.00
30531,100.00
30532,100.00
30533,100.00
30534,100.00
30535,100.00
30536,100.00
30537,100.00
30538,100.00
30539,100.00
30540,100.00
30541,100.00
30542,100.00
30543,100.00
30544,100.00
30545,100.00
30546,100.00
30547,100.00
30548,100.00
30549,100.00
30550,100.00
30551,100.00
30552,100.00
30553,100.00
30554,100.00
30555,100.00
30556,100.00
30557,100.00
30558,100.00
30559,100.00
30560,100.00
30561,100.00
30562,100.00
30563,100.00
30564,100.00
30565,100.00
30566,100.00
30567,100.00
30568,100.00
30569,100.00
30570,100.00
30571,100.00
30572,100.00
30573,100.00
30574,100.00
30575,100.00
30576,100.00
30577,100.00
30578,100.00
30579,100.00
30580,100.00
30581,100.00
30582,100.00
30583,100.00
30584,100.00
30585,100.00
30586,100.00
30587,100.00
30588,100.00
30589,100.00
30590,100.00
30591,100.00
30592,100.00
30593,100.00
30594,100.00
30595,100.00
30596,100.00
30597,100.00
30598,100.00
30599,100.00
30600,100.00
30601,100.00
30602,100.00
30603,100.00
30604,100.00
30605,100.00
30606,100.00
30607,100.00
30608,100.00
30609,100.00
30610,100.00
30611,100.00
30612,100.00
30613,100.00
30614,100.00
30615,100.00
30616,100.00
30617,100.00
30618,100.00
30619,100.00
30620,100.00
30621,100.00
30622,100.00
30623,100.00
30624,100.00
30625,100.00
30626,100.00
30627,100.00
30628,100.00
30629,100.00
30630,100.00
30631,100.00
30632,100.00
30633,100.00
30634,100.00
30635,100.00
30636,100.00
30637,100.00
30638,100.00
30639,100.00
30640,100.00
30641,100.00
30642,100.00
30643,100.00
30644,100.00
30645,100.00
30646,100.00
30647,100.00
30648,100.00
30649,100.00
30650,100.00
30651,100.00
30652,100.00
30653,100.00
30654,100.00
30655,100.00
30656,100.00
30657,100.00
30658,100.00
30659,100.00
30660,100.00
30661,100.00
30662,100.00
30663,100.00
30664,100.00
30665,100.00
30666,100.00
30667,100.00
30668,100.00
30669,100.00
30670,100.00
30671,100.00
30672,100.00
30673,100.00
30674,100.00
30675,100.00
30676,100.00
30677,100.00
30678,100.00
30679,100.00
30680,100.00
30681,100.00
30682,100.00
30683,100.00
30684,100.00
30685,100.00
30686,100.00
30687,100.00
30688,100.00
30689,100.00
30690,100.00
30691,100.00
30692,100.00
30693,100.00
30694,100.00
30695,100.00
30696,100.00
30697,100.00
30698,100.00
30699,100.00
30700,100.00
30701,100.00
30702,100.00
30703,100.00
30704,100.00
30705,100.00
30706,100.00
30707,100.00
30708,100.00
30709,100.00
30710,100.00
30711,100.00
30712,100.00
30713,100.00
30714,100.00
30715,100.00
30716,100.00
30717,100.00
30718,100.00
30719,100.00
30720,100.00
30721,100.00
30722,100.00
30723,100.00
30724,100.00
30725,100.00
30726,100.00
30727,100.00
30728,100.00
30729,100.00
30730,100.00
30731,100.00
30732,100.00
30733,100.00
30734,100.00
30735,100.00
30736,100.00
30737,100.00
30738,100.00
30739,100.00
30740,100.00
30741,100.00
30742,100.00
30743,100.00
30744,100.00
30745,100.00
30746,100.00
30747,100.00
30748,100.00
30749,100.00
30750,100.00
30751,100.00
30752,100.00
30753,100.00
30754,100.00
30755,100.00
30756,100.00
30757,100.00
30758,100.00
30759,100.00
30760,100.00
30761,100.00
30762,100.00
30763,100.00
30764,100.00
30765,100.00
30766,100.00
30767,100.00
30768,100.00
30769,100.00
30770,100.00
30771,100.00
30772,100.00
30773,100.00
30774,100.00
30775,100.00
30776,100.00
30777,100.00
30778,100.00
30779,100.00
30780,100.00
30781,100.00
30782,100.00
30783,100.00
30784,100.00
30785,100.00
30786,100.00
30787,100.00
30788,100.00
30789,100.00
30790,100.00
30791,100.00
30792,100.00
30793,100.00
30794,100.00
30795,100.00
30796,100.00
30797,100.00
30798,100.00
30799,100.00
30800,100.00
30801,100.00
30802,100.00
30803,100.00
30804,100.00
30805,100.00
30806,100.00
30807,100.00
30808,100.00
30809,100.00
30810,100.00
30811,100.00
30812,100.00
30813,100.00
30814,100.00
30815,100.00
30816,100.00
30817,100.00
30818,100.00
30819,100.00
30820,100.00
30821,100.00
30822,100.00
30823,100.00
30824,100.00
30825,100.00
30826,100.00
30827,100.00
30828,100.00
30829,100.00
30830,100.00
30831,100.00
30832,100.00
30833,100.00
30834,100.00
30835,100.00
30836,100.00
30837,100.00
30838,100.00
30839,100.00
30840,100.00
30841,100.00
30842,100.00
30843,100.00
30844,100.00
30845,100.00
30846,100.00
30847,100.00
30848,100.00
30849,100.00
30850,100.00
30851,100.00
30852,100.00
30853,100.00
30854,100.00
30855,100.00
30856,100.00
30857,100.00
30858,100.00
30859,100.00
30860,100.00
30861,100.00
30862,100.00
30863,100.00
30864,100.00
30865,100.00
30866,100.00
30867,100.00
30868,100.00
30869,100.00
30870,100.00
30871,100.00
30872,100.00
30873,100.00
30874,100.00
30875,100.00
30876,100.00
30877,100.00
30878,100.00
30879,100.00
30880,100.00
30881,100.00
30882,100.00
30883,100.00
30884,100.00
30885,100.00
30886,100.00
30887,100.00
30888,100.00
30889,100.00
30890,100.00
30891,100.00
30892,100.00
30893,100.00
30894,100.00
30895,100.00
30896,100.00
30897,100.00
30898,100.00
30899,100.00
30900,100.00
30901,100.00
30902,100.00
30903,100.00
30904,100.00
30905,100.00
30906,100.00
30907,100.00
30908,100.00
30909,100.00
30910,100.00
30911,100.00
30912,100.00
30913,100.00
30914,100.00
30915,100.00
30916,100.00
30917,100.00
30918,100.00
30919,100.00
30920,100.00
30921,100.00
30922,100.00
30923,100.00
30924,100.00
30925,100.00
30926,100.00
30927,100.00
30928,100.00
30929,100.00
30930,100.00
30931,100.00
30932,100.00
30933,100.00
30934,100.00
30935,100.00
30936,100.00
30937,100.00
30938,100.00
30939,100.00
30940,100.00
30941,100.00
30942,100.00
30943,100.00
30944,100.00
30945,100.00
30946,100.00
30947,100.00
30948,100.00
30949,100.00
30950,100.00
30951,100.00
30952,100.00
30953,100.00
30954,100.00
30955,100.00
30956,100.00
30957,100.00
30958,100.00
30959,100.00
30960,100.00
30961,100.00
30962,100.00
30963,100.00
30964,100.00
30965,100.00
30966,100.00
30967,100.00
30968,100.00
30969,100.00
30970,100.00
30971,100.00
30972,100.00
30973,100.00
30974,100.00
30975,100.00
30976,100.00
30977,100.00
30978,100.00
30979,100.00
30980,100.00
30981,100.00
30982,100.00
30983,100.00
30984,100.00
30985,100.00
30986,100.00
30987,100.00
30988,100.00
30989,100.00
30990,100.00
30991,100.00
30992,100.00
30993,100.00
30994,100.00
30995,100.00
30996,100.00
30997,100.00
30998,100.00
30999,100.00
31000,100.00
31001,100.00
31002,100.00
31003,100.00
31004,100.00
31005,100.00
31006,100.00
31007,100.00
31008,100.00
31009,100.00
31010,100.00
31011,100.00
31012,100.00
31013,100.00
31014,100.00
31015,100.00
31016,100.00
31017,100.00
31018,100.00
31019,100.00
31020,100.00
31021,100.00
31022,100.00
31023,100.00
31024,100.00
31025,100.00
31026,100.00
31027,100.00
31028,100.00
31029,100.00
31030,100.00
31031,100.00
31032,100.00
31033,100.00
31034,100.00
31035,100.00
31036,100.00
31037,100.00
31038,100.00
31039,100.00
31040,100.00
31041,100.00
31042,100.00
31043,100.00
31044,100.00
31045,100.00
31046,100.00
31047,100.00
31048,100.00
31049,100.00
31050,100.00
31051,100.00
31052,100.00
31053,100.00
31054,100.00
31055,100.00
31056,100.00
31057,100.00
31058,100.00
31059,100.00
31060,100.00
31061,100.00
31062,100.00
31063,100.00
31064,100.00
31065,100.00
31066,100.00
31067,100.00
31068,100.00
31069,100.00
31070,100.00
31071,100.00
31072,100.00
31073,100.00
31074,100.00
31075,100.00
31076,100.00
31077,100.00
31078,100.00
31079,100.00
31080,100.00
31081,100.00
31082,100.00
31083,100.00
31084,100.00
31085,100.00
31086,100.00
31087,100.00
31088,100.00
31089,100.00
31090,100.00
31091,100.00
31092,100.00
31093,100.00
31094,100.00
31095,100.00
31096,100.00
31097,100.00
31098,100.00
31099,100.00
31100,100.00
31101,100.00
31102,100.00
31103,100.00
31104,100.00
31105,100.00
31106,100.00
31107,100.00
31108,100.00
31109,100.00
31110,100.00
31111,100.00
31112,100.00
31113,100.00
31114,100.00
31115,100.00
31116,100.00
31117,100.00
31118,100.00
31119,100.00
31120,100.00
31121,100.00
31122,100.00
31123,100.00
31124,100.00
31125,100.00
31126,100.00
31127,100.00
31128,100.00
31129,100.00
31130,100.00
31131,100.00
31132,100.00
31133,100.00
31134,100.00
31135,100.00
31136,100.00
31137,100.00
31138,100.00
31139,100.00
31140,100.00
31141,100.00
31142,100.00
31143,100.00
31144,100.00
31145,100.00
31146,100.00
31147,100.00
31148,100.00
31149,100.00
31150,100.00
31151,100.00
31152,100.00
31153,100.00
31154,100.00
31155,100.00
31156,100.00
31157,100.00
31158,100.00
31159,100.00
31160,100.00
31161,100.00
31162,100.00
31163,100.00
31164,100.00
31165,100.00
31166,100.00
31167,100.00
31168,100.00
31169,100.00
31170,100.00
31171,100.00
31172,100.00
31173,100.00
31174,100.00
31175,100.00
31176,100.00
31177,100.00
31178,100.00
31179,100.00
31180,100.00
31181,100.00
31182,100.00
31183,100.00
31184,100.00
31185,100.00
31186,100.00
31187,100.00
31188,100.00
31189,100.00
31190,100.00
31191,100.00
31192,100.00
31193,100.00
31194,100.00
31195,100.00
31196,100.00
31197,100.00
31198,100.00
31199,100.00
31200,100.00
31201,100.00
31202,100.00
31203,100.00
31204,100.00
31205,100.00
31206,100.00
31207,100.00
31208,100.00
31209,100.00
31210,100.00
31211,100.00
31212,100.00
31213,100.00
31214,100.00
31215,100.00
31216,100.00
31217,100.00
31218,100.00
31219,100.00
31220,100.00
31221,100.00
31222,100.00
31223,100.00
31224,100.00
31225,100.00
31226,100.00
31227,100.00
31228,100.00
31229,100.00
31230,100.00
31231,100.00
31232,100.00
31233,100.00
31234,100.00
31235,100.00
31236,100.00
31237,100.00
31238,100.00
31239,100.00
31240,100.00
31241,100.00
31242,100.00
31243,100.00
31244,100.00
31245,100.00
31246,100.00
31247,100.00
31248,100.00
31249,100.00
31250,100.00
31251,100.00
31252,100.00
31253,100.00
31254,100.00
31255,100.00
31256,100.00
31257,100.00
31258,100.00
31259,100.00
31260,100.00
31261,100.00
31262,100.00
31263,100.00
31264,100.00
31265,100.00
31266,100.00
31267,100.00
31268,100.00
31269,100.00
31270,100.00
31271,100.00
31272,100.00
31273,100.00
31274,100.00
31275,100.00
31276,100.00
31277,100.00
31278,100.00
31279,100.00
31280,100.00
31281,100.00
31282,100.00
31283,100.00
31284,100.00
31285,100.00
31286,100.00
31287,100.00
31288,100.00
31289,100.00
31290,100.00
31291,100.00
31292,100.00
31293,100.00
31294,100.00
31295,100.00
31296,100.00
31297,100.00
31298,100.00
31299,100.00
31300,100.00
31301,100.00
31302,100.00
31303,100.00
31304,100.00
31305,100.00
31306,100.00
31307,100.00
31308,100.00
31309,100.00
31310,100.00
31311,100.00
31312,100.00
31313,100.00
31314,100.00
31315,100.00
31316,100.00
31317,100.00
31318,100.00
31319,100.00
31320,100.00
31321,100.00
31322,100.00
31323,100.00
31324,100.00
31325,100.00
31326,100.00
31327,100.00
31328,100.00
31329,100.00
31330,100.00
31331,100.00
31332,100.00
31333,100.00
31334,100.00
31335,100.00
31336,100.00
31337,100.00
31338,100.00
31339,100.00
31340,100.00
31341,100.00
31342,100.00
31343,100.00
31344,100.00
31345,100.00
31346,100.00
31347,100.00
31348,100.00
31349,100.00
31350,100.00
31351,100.00
31352,100.00
31353,100.00
31354,100.00
31355,100.00
31356,100.00
31357,100.00
31358,100.00
31359,100.00
31360,100.00
31361,100.00
31362,100.00
31363,100.00
31364,100.00
31365,100.00
31366,100.00
31367,100.00
31368,100.00
31369,100.00
31370,100.00
31371,100.00
31372,100.00
31373,100.00
31374,100.00
31375,100.00
31376,100.00
31377,100.00
31378,100.00
31379,100.00
31380,100.00
31381,100.00
31382,100.00
31383,100.00
31384,100.00
31385,100.00
31386,100.00
31387,100.00
31388,100.00
31389,100.00
31390,100.00
31391,100.00
31392,100.00
31393,100.00
31394,100.00
31395,100.00
31396,100.00
31397,100.00
31398,100.00
31399,100.00
31400,100.00
31401,100.00
31402,100.00
31403,100.00
31404,100.00
31405,100.00
31406,100.00
31407,100.00
31408,100.00
31409,100.00
31410,100.00
31411,100.00
31412,100.00
31413,100.00
31414,100.00
31415,100.00
31416,100.00
31417,100.00
31418,100.00
31419,100.00
31420,100.00
31421,100.00
31422,100.00
31423,100.00
31424,100.00
31425,100.00
31426,100.00
31427,100.00
31428,100.00
31429,100.00
31430,100.00
31431,100.00
31432,100.00
31433,100.00
31434,100.00
31435,100.00
31436,100.00
31437,100.00
31438,100.00
31439,100.00
31440,100.00
31441,100.00
31442,100.00
31443,100.00
31444,100.00
31445,100.00
31446,100.00
31447,100.00
31448,100.00
31449,100.00
31450,100.00
31451,100.00
31452,100.00
31453,100.00
31454,100.00
31455,100.00
31456,100.00
31457,100.00
31458,100.00
31459,100.00
31460,100.00
31461,100.00
31462,100.00
31463,100.00
31464,100.00
31465,100.00
31466,100.00
31467,100.00
31468,100.00
31469,100.00
31470,100.00
31471,100.00
31472,100.00
31473,100.00
31474,100.00
31475,100.00
31476,100.00
31477,100.00
31478,100.00
31479,100.00
31480,100.00
31481,100.00
31482,100.00
31483,100.00
31484,100.00
31485,100.00
31486,100.00
31487,100.00
31488,100.00
31489,100.00
31490,100.00
31491,100.00
31492,100.00
31493,100.00
31494,100.00
31495,100.00
31496,100.00
31497,100.00
31498,100.00
31499,100.00
31500,100.00
31501,100.00
31502,100.00
31503,100.00
31504,100.00
31505,100.00
31506,100.00
31507,100.00
31508,100.00
31509,100.00
31510,100.00
31511,100.00
31512,100.00
31513,100.00
31514,100.00
31515,100.00
31516,100.00
31517,100.00
31518,100.00
31519,100.00
31520,100.00
31521,100.00
31522,100.00
31523,100.00
31524,100.00
31525,100.00
31526,100.00
31527,100.00
31528,100.00
31529,100.00
31530,100.00
31531,100.00
31532,100.00
31533,100.00
31534,100.00
31535,100.00
31536,100.00
31537,100.00
31538,100.00
31539,100.00
31540,100.00
31541,100.00
31542,100.00
31543,100.00
31544,100.00
31545,100.00
31546,100.00
31547,100.00
31548,100.00
31549,100.00
31550,100.00
31551,100.00
31552,100.00
31553,100.00
31554,100.00
31555,100.00
31556,100.00
31557,100.00
31558,100.00
31559,100.00
31560,100.00
31561,100.00
31562,100.00
31563,100.00
31564,100.00
31565,100.00
31566,100.00
31567,100.00
31568,100.00
31569,100.00
31570,100.00
31571,100.00
31572,100.00
31573,100.00
31574,100.00
31575,100.00
31576,100.00
31577,100.00
31578,100.00
31579,100.00
31580,100.00
31581,100.00
31582,100.00
31583,100.00
31584,100.00
31585,100.00
31586,100.00
31587,100.00
31588,100.00
31589,100.00
31590,100.00
31591,100.00
31592,100.00
31593,100.00
31594,100.00
31595,100.00
31596,100.00
31597,100.00
31598,100.00
31599,100.00
31600,100.00
31601,100.00
31602,100.00
31603,100.00
31604,100.00
31605,100.00
31606,100.00
31607,100.00
31608,100.00
31609,100.00
31610,100.00
31611,100.00
31612,100.00
31613,100.00
31614,100.00
31615,100.00
31616,100.00
31617,100.00
31618,100.00
31619,100.00
31620,100.00
31621,100.00
31622,100.00
31623,100.00
31624,100.00
31625,100.00
31626,100.00
31627,100.00
31628,100.00
31629,100.00
31630,100.00
31631,100.00
31632,100.00
31633,100.00
31634,100.00
31635,100.00
31636,100.00
31637,100.00
31638,100.00
31639,100.00
31640,100.00
31641,100.00
31642,100.00
31643,100.00
31644,100.00
31645,100.00
31646,100.00
31647,100.00
31648,100.00
31649,100.00
31650,100.00
31651,100.00
31652,100.00
31653,100.00
31654,100.00
31655,100.00
31656,100.00
31657,100.00
31658,100.00
31659,100.00
31660,100.00
31661,100.00
31662,100.00
31663,100.00
31664,100.00
31665,100.00
31666,100.00
31667,100.00
31668,100.00
31669,100.00
31670,100.00
31671,100.00
31672,100.00
31673,100.00
31674,100.00
31675,100.00
31676,100.00
31677,100.00
31678,100.00
31679,100.00
31680,100.00
31681,100.00
31682,100.00
31683,100.00
31684,100.00
31685,100.00
31686,100.00
31687,100.00
31688,100.00
31689,100.00
31690,100.00
31691,100.00
31692,100.00
31693,100.00
31694,100.00
31695,100.00
31696,100.00
31697,100.00
31698,100.00
31699,100.00
31700,100.00
31701,100.00
31702,100.00
31703,100.00
31704,100.00
31705,100.00
31706,100.00
31707,100.00
31708,100.00
31709,100.00
31710,100.00
31711,100.00
31712,100.00
31713,100.00
31714,100.00
31715,100.00
31716,100.00
31717,100.00
31718,100.00
31719,100.00
31720,100.00
31721,100.00
31722,100.00
31723,100.00
31724,100.00
31725,100.00
31726,100.00
31727,100.00
31728,100.00
31729,100.00
31730,100.00
31731,100.00
31732,100.00
31733,100.00
31734,100.00
31735,100.00
31736,100.00
31737,100.00
31738,100.00
31739,100.00
31740,100.00
31741,100.00
31742,100.00
31743,100.00
31744,100.00
31745,100.00
31746,100.00
31747,100.00
31748,100.00
31749,100.00
31750,100.00
31751,100.00
31752,100.00
31753,100.00
31754,100.00
31755,100.00
31756,100.00
31757,100.00
31758,100.00
31759,100.00
31760,100.00
31761,100.00
31762,100.00
31763,100.00
31764,100.00
31765,100.00
31766,100.00
31767,100.00
31768,100.00
31769,100.00
31770,100.00
31771,100.00
31772,100.00
31773,100.00
31774,100.00
31775,100.00
31776,100.00
31777,100.00
31778,100.00
31779,100.00
31780,100.00
31781,100.00
31782,100.00
31783,100.00
31784,100.00
31785,100.00
31786,100.00
31787,100.00
31788,100.00
31789,100.00
31790,100.00
31791,100.00
31792,100.00
31793,100.00
31794,100.00
31795,100.00
31796,100.00
31797,100.00
31798,100.00
31799,100.00
31800,100.00
31801,100.00
31802,100.00
31803,100.00
31804,100.00
31805,100.00
31806,100.00
31807,100.00
31808,100.00
31809,100.00
31810,100.00
31811,100.00
31812,100.00
31813,100.00
31814,100.00
31815,100.00
31816,100.00
31817,100.00
31818,100.00
31819,100.00
31820,100.00
31821,100.00
31822,100.00
31823,100.00
31824,100.00
31825,100.00
31826,100.00
31827,100.00
31828,100.00
31829,100.00
31830,100.00
31831,100.00
31832,100.00
31833,100.00
31834,100.00
31835,100.00
31836,100.00
31837,100.00
31838,100.00
31839,100.00
31840,100.00
31841,100.00
31842,100.00
31843,100.00
31844,100.00
31845,100.00
31846,100.00
31847,100.00
31848,100.00
31849,100.00
31850,100.00
31851,100.00
31852,100.00
31853,100.00
31854,100.00
31855,100.00
31856,100.00
31857,100.00
31858,100.00
31859,100.00
31860,100.00
31861,100.00
31862,100.00
31863,100.00
31864,100.00
31865,100.00
31866,100.00
31867,100.00
31868,100.00
31869,100.00
31870,100.00
31871,100.00
31872,100.00
31873,100.00
31874,100.00
31875,100.00
31876,100.00
31877,100.00
31878,100.00
31879,100.00
31880,100.00
31881,100.00
31882,100.00
31883,100.00
31884,100.00
31885,100.00
31886,100.00
31887,100.00
31888,100.00
31889,100.00
31890,100.00
31891,100.00
31892,100.00
31893,100.00
31894,100.00
31895,100.00
31896,100.00
31897,100.00
31898,100.00
31899,100.00
31900,100.00
31901,100.00
31902,100.00
31903,100.00
31904,100.00
31905,100.00
31906,100.00
31907,100.00
31908,100.00
31909,100.00
31910,100.00
31911,100.00
31912,100.00
31913,100.00
31914,100.00
31915,100.00
31916,100.00
31917,100.00
31918,100.00
31919,100.00
31920,100.00
31921,100.00
31922,100.00
31923,100.00
31924,100.00
31925,100.00
31926,100.00
31927,100.00
31928,100.00
31929,100.00
31930,100.00
31931,100.00
31932,100.00
31933,100.00
31934,100.00
31935,100.00
31936,100.00
31937,100.00
31938,100.00
31939,100.00
31940,100.00
31941,100.00
31942,100.00
31943,100.00
31944,100.00
31945,100.00
31946,100.00
31947,100.00
31948,100.00
31949,100.00
31950,100.00
31951,100.00
31952,100.00
31953,100.00
31954,100.00
31955,100.00
31956,100.00
31957,100.00
31958,100.00
31959,100.00
31960,100.00
31961,100.00
31962,100.00
31963,100.00
31964,100.00
31965,100.00
31966,100.00
31967,100.00
31968,100.00
31969,100.00
31970,100.00
31971,100.00
31972,100.00
31973,100.00
31974,100.00
31975,100.00
31976,100.00
31977,100.00
31978,100.00
31979,100.00
31980,100.00
31981,100.00
31982,100.00
31983,100.00
31984,100.00
31985,100.00
31986,100.00
31987,100.00
31988,100.00
31989,100.00
31990,100.00
31991,100.00
31992,100.00
31993,100.00
31994,100.00
31995,100.00
31996,100.00
31997,100.00
31998,100.00
31999,100.00
32000,100.00
32001,100.00
32002,100.00
32003,100.00
32004,100.00
32005,100.00
32006,100.00
32007,100.00
32008,100.00
32009,100.00
32010,100.00
32011,100.00
32012,100.00
32013,100.00
32014,100.00
32015,100.00
32016,100.00
32017,100.00
32018,100.00
32019,100.00
32020,100.00
32021,100.00
32022,100.00
32023,100.00
32024,100.00
32025,100.00
32026,100.00
32027,100.00
32028,100.00
32029,100.00
32030,100.00
32031,100.00
32032,100.00
32033,100.00
32034,100.00
32035,100.00
32036,100.00
32037,100.00
32038,100.00
32039,100.00
32040,100.00
32041,100.00
32042,100.00
32043,100.00
32044,100.00
32045,100.00
32046,100.00
32047,100.00
32048,100.00
32049,100.00
32050,100.00
32051,100.00
32052,100.00
32053,100.00
32054,100.00
32055,100.00
32056,100.00
32057,100.00
32058,100.00
32059,100.00
32060,100.00
32061,100.00
32062,100.00
32063,100.00
32064,100.00
32065,100.00
32066,100.00
32067,100.00
32068,100.00
32069,100.00
32070,100.00
32071,100.00
32072,100.00
32073,100.00
32074,100.00
32075,100.00
32076,100.00
32077,100.00
32078,100.00
32079,100.00
32080,100.00
32081,100.00
32082,100.00
32083,100.00
32084,100.00
32085,100.00
32086,100.00
32087,100.00
32088,100.00
32089,100.00
32090,100.00
32091,100.00
32092,100.00
32093,100.00
32094,100.00
32095,100.00
32096,100.00
32097,100.00
32098,100.00
32099,100.00
32100,100.00
32101,100.00
32102,100.00
32103,100.00
32104,100.00
32105,100.00
32106,100.00
32107,100.00
32108,100.00
32109,100.00
32110,100.00
32111,100.00
32112,100.00
32113,100.00
32114,100.00
32115,100.00
32116,100.00
32117,100.00
32118,100.00
32119,100.00
32120,100.00
32121,100.00
32122,100.00
32123,100.00
32124,100.00
32125,100.00
32126,100.00
32127,100.00
32128,100.00
32129,100.00
32130,100.00
32131,100.00
32132,100.00
32133,100.00
32134,100.00
32135,100.00
32136,100.00
32137,100.00
32138,100.00
32139,100.00
32140,100.00
32141,100.00
32142,100.00
32143,100.00
32144,100.00
32145,100.00
32146,100.00
32147,100.00
32148,100.00
32149,100.00
32150,100.00
32151,100.00
32152,100.00
32153,100.00
32154,100.00
32155,100.00
32156,100.00
32157,100.00
32158,100.00
32159,100.00
32160,100.00
32161,100.00
32162,100.00
32163,100.00
32164,100.00
32165,100.00
32166,100.00
32167,100.00
32168,100.00
32169,100.00
32170,100.00
32171,100.00
32172,100.00
32173,100.00
32174,100.00
32175,100.00
32176,100.00
32177,100.00
32178,100.00
32179,100.00
32180,100.00
32181,100.00
32182,100.00
32183,100.00
32184,100.00
32185,100.00
32186,100.00
32187,100.00
32188,100.00
32189,100.00
32190,100.00
32191,100.00
32192,100.00
32193,100.00
32194,100.00
32195,100.00
32196,100.00
32197,100.00
32198,100.00
32199,100.00
32200,100.00
32201,100.00
32202,100.00
32203,100.00
32204,100.00
32205,100.00
32206,100.00
32207,100.00
32208,100.00
32209,100.00
32210,100.00
32211,100.00
32212,100.00
32213,100.00
32214,100.00
32215,100.00
32216,100.00
32217,100.00
32218,100.00
32219,100.00
32220,100.00
32221,100.00
32222,100.00
32223,100.00
32224,100.00
32225,100.00
32226,100.00
32227,100.00
32228,100.00
32229,100.00
32230,100.00
32231,100.00
32232,100.00
32233,100.00
32234,100.00
32235,100.00
32236,100.00
32237,100.00
32238,100.00
32239,100.00
32240,100.00
32241,100.00
32242,100.00
32243,100.00
32244,100.00
32245,100.00
32246,100.00
32247,100.00
32248,100.00
32249,100.00
32250,100.00
32251,100.00
32252,100.00
32253,100.00
32254,100.00
32255,100.00
32256,100.00
32257,100.00
32258,100.00
32259,100.00
32260,100.00
32261,100.00
32262,100.00
32263,100.00
32264,100.00
32265,100.00
32266,100.00
32267,100.00
32268,100.00
32269,100.00
32270,100.00
32271,100.00
32272,100.00
32273,100.00
32274,100.00
32275,100.00
32276,100.00
32277,100.00
32278,100.00
32279,100.00
32280,100.00
32281,100.00
32282,100.00
32283,100.00
32284,100.00
32285,100.00
32286,100.00
32287,100.00
32288,100.00
32289,100.00
32290,100.00
32291,100.00
32292,100.00
32293,100.00
32294,100.00
32295,100.00
32296,100.00
32297,100.00
32298,100.00
32299,100.00
32300,100.00
32301,100.00
32302,100.00
32303,100.00
32304,100.00
32305,100.00
32306,100.00
32307,100.00
32308,100.00
32309,100.00
32310,100.00
32311,100.00
32312,100.00
32313,100.00
32314,100.00
32315,100.00
32316,100.00
32317,100.00
32318,100.00
32319,100.00
32320,100.00
32321,100.00
32322,100.00
32323,100.00
32324,100.00
32325,100.00
32326,100.00
32327,100.00
32328,100.00
32329,100.00
32330,100.00
32331,100.00
32332,100.00
32333,100.00
32334,100.00
32335,100.00
32336,100.00
32337,100.00
32338,100.00
32339,100.00
32340,100.00
32341,100.00
32342,100.00
32343,100.00
32344,100.00
32345,100.00
32346,100.00
32347,100.00
32348,100.00
32349,100.00
32350,100.00
32351,100.00
32352,100.00
32353,100.00
32354,100.00
32355,100.00
32356,100.00
32357,100.00
32358,100.00
32359,100.00
32360,100.00
32361,100.00
32362,100.00
32363,100.00
32364,100.00
32365,100.00
32366,100.00
32367,100.00
32368,100.00
32369,100.00
32370,100.00
32371,100.00
32372,100.00
32373,100.00
32374,100.00
32375,100.00
32376,100.00
32377,100.00
32378,100.00
32379,100.00
32380,100.00
32381,100.00
32382,100.00
32383,100.00
32384,100.00
32385,100.00
32386,100.00
32387,100.00
32388,100.00
32389,100.00
32390,100.00
32391,100.00
32392,100.00
32393,100.00
32394,100.00
32395,100.00
32396,100.00
32397,100.00
32398,100.00
32399,100.00
32400,100.00
32401,100.00
32402,100.00
32403,100.00
32404,100.00
32405,100.00
32406,100.00
32407,100.00
32408,100.00
32409,100.00
32410,100.00
32411,100.00
32412,100.00
32413,100.00
32414,100.00
32415,100.00
32416,100.00
32417,100.00
32418,100.00
32419,100.00
32420,100.00
32421,100.00
32422,100.00
32423,100.00
32424,100.00
32425,100.00
32426,100.00
32427,100.00
32428,100.00
32429,100.00
32430,100.00
32431,100.00
32432,100.00
32433,100.00
32434,100.00
32435,100.00
32436,100.00
32437,100.00
32438,100.00
32439,100.00
32440,100.00
32441,100.00
32442,100.00
32443,100.00
32444,100.00
32445,100.00
32446,100.00
32447,100.00
32448,100.00
32449,100.00
32450,100.00
32451,100.00
32452,100.00
32453,100.00
32454,100.00
32455,100.00
32456,100.00
32457,100.00
32458,100.00
32459,100.00
32460,100.00
32461,100.00
32462,100.00
32463,100.00
32464,100.00
32465,100.00
32466,100.00
32467,100.00
32468,100.00
32469,100.00
32470,100.00
32471,100.00
32472,100.00
32473,100.00
32474,100.00
32475,100.00
32476,100.00
32477,100.00
32478,100.00
32479,100.00
32480,100.00
32481,100.00
32482,100.00
32483,100.00
32484,100.00
32485,100.00
32486,100.00
32487,100.00
32488,100.00
32489,100.00
32490,100.00
32491,100.00
32492,100.00
32493,100.00
32494,100.00
32495,100.00
32496,100.00
32497,100.00
32498,100.00
32499,100.00
32500,100.00
32501,100.00
32502,100.00
32503,100.00
32504,100.00
32505,100.00
32506,100.00
32507,100.00
32508,100.00
32509,100.00
32510,100.00
32511,100.00
32512,100.00
32513,100.00
32514,100.00
32515,100.00
32516,100.00
32517,100.00
32518,100.00
32519,100.00
32520,100.00
32521,100.00
32522,100.00
32523,100.00
32524,100.00
32525,100.00
32526,100.00
32527,100.00
32528,100.00
32529,100.00
32530,100.00
32531,100.00
32532,100.00
32533,100.00
32534,100.00
32535,100.00
32536,100.00
32537,100.00
32538,100.00
32539,100.00
32540,100.00
32541,100.00
32542,100.00
32543,100.00
32544,100.00
32545,100.00
32546,100.00
32547,100.00
32548,100.00
32549,100.00
32550,100.00
32551,100.00
32552,100.00
32553,100.00
32554,100.00
32555,100.00
32556,100.00
32557,100.00
32558,100.00
32559,100.00
32560,100.00
32561,100.00
32562,100.00
32563,100.00
32564,100.00
32565,100.00
32566,100.00
32567,100.00
32568,100.00
32569,100.00
32570,100.00
32571,100.00
32572,100.00
32573,100.00
32574,100.00
32575,100.00
32576,100.00
32577,100.00
32578,100.00
32579,100.00
32580,100.00
32581,100.00
32582,100.00
32583,100.00
32584,100.00
32585,100.00
32586,100.00
32587,100.00
32588,100.00
32589,100.00
32590,100.00
32591,100.00
32592,100.00
32593,100.00
32594,100.00
32595,100.00
32596,100.00
32597,100.00
32598,100.00
32599,100.00
32600,100.00
32601,100.00
32602,100.00
32603,100.00
32604,100.00
32605,100.00
32606,100.00
32607,100.00
32608,100.00
32609,100.00
32610,100.00
32611,100.00
32612,100.00
32613,100.00
32614,100.00
32615,100.00
32616,100.00
32617,100.00
32618,100.00
32619,100.00
32620,100.00
32621,100.00
32622,100.00
32623,100.00
32624,100.00
32625,100.00
32626,100.00
32627,100.00
32628,100.00
32629,100.00
32630,100.00
32631,100.00
32632,100.00
32633,100.00
32634,100.00
32635,100.00
32636,100.00
32637,100.00
32638,100.00
32639,100.00
32640,100.00
32641,100.00
32642,100.00
32643,100.00
32644,100.00
32645,100.00
32646,100.00
32647,100.00
32648,100.00
32649,100.00
32650,100.00
32651,100.00
32652,100.00
32653,100.00
32654,100.00
32655,100.00
32656,100.00
32657,100.00
32658,100.00
32659,100.00
32660,100.00
32661,100.00
32662,100.00
32663,100.00
32664,100.00
32665,100.00
32666,100.00
32667,100.00
32668,100.00
32669,100.00
32670,100.00
32671,100.00
32672,100.00
32673,100.00
32674,100.00
32675,100.00
32676,100.00
32677,100.00
32678,100.00
32679,100.00
32680,100.00
32681,100.00
32682,100.00
32683,100.00
32684,100.00
32685,100.00
32686,100.00
32687,100.00
32688,100.00
32689,100.00
32690,100.00
32691,100.00
32692,100.00
32693,100.00
32694,100.00
32695,100.00
32696,100.00
32697,100.00
32698,100.00
32699,100.00
32700,100.00
32701,100.00
32702,100.00
32703,100.00
32704,100.00
32705,100.00
32706,100.00
32707,100.00
32708,100.00
32709,100.00
32710,100.00
32711,100.00
32712,100.00
32713,100.00
32714,100.00
32715,100.00
32716,100.00
32717,100.00
32718,100.00
32719,100.00
32720,100.00
32721,100.00
32722,100.00
32723,100.00
32724,100.00
32725,100.00
32726,100.00
32727,100.00
32728,100.00
32729,100.00
32730,100.00
32731,100.00
32732,100.00
32733,100.00
32734,100.00
32735,100.00
32736,100.00
32737,100.00
32738,100.00
32739,100.00
32740,100.00
32741,100.00
32742,100.00
32743,100.00
32744,100.00
32745,100.00
32746,100.00
32747,100.00
32748,100.00
32749,100.00
32750,100.00
32751,100.00
32752,100.00
32753,100.00
32754,100.00
32755,100.00
32756,100.00
32757,100.00
32758,100.00
32759,100.00
32760,100.00
32761,100.00
32762,100.00
32763,100.00
32764,100.00
32765,100.00
32766,100.00
32767,100.00
32768,100.00
32769,100.00
32770,100.00
32771,100.00
32772,100.00
32773,100.00
32774,100.00
32775,100.00
32776,100.00
32777,100.00
32778,100.00
32779,100.00
32780,100.00
32781,100.00
32782,100.00
32783,100.00
32784,100.00
32785,100.00
32786,100.00
32787,100.00
32788,100.00
32789,100.00
32790,100.00
32791,100.00
32792,100.00
32793,100.00
32794,100.00
32795,100.00
32796,100.00
32797,100.00
32798,100.00
32799,100.00
32800,100.00
32801,100.00
32802,100.00
32803,100.00
32804,100.00
32805,100.00
32806,100.00
32807,100.00
32808,100.00
32809,100.00
32810,100.00
32811,100.00
32812,100.00
32813,100.00
32814,100.00
32815,100.00
32816,100.00
32817,100.00
32818,100.00
32819,100.00
32820,100.00
32821,100.00
32822,100.00
32823,100.00
32824,100.00
32825,100.00
32826,100.00
32827,100.00
32828,100.00
32829,100.00
32830,100.00
32831,100.00
32832,100.00
32833,100.00
32834,100.00
32835,100.00
32836,100.00
32837,100.00
32838,100.00
32839,100.00
32840,100.00
32841,100.00
32842,100.00
32843,100.00
32844,100.00
32845,100.00
32846,100.00
32847,100.00
32848,100.00
32849,100.00
32850,100.00
32851,100.00
32852,100.00
32853,100.00
32854,100.00
32855,100.00
32856,100.00
32857,100.00
32858,100.00
32859,100.00
32860,100.00
32861,100.00
32862,100.00
32863,100.00
32864,100.00
32865,100.00
32866,100.00
32867,100.00
32868,100.00
32869,100.00
32870,100.00
32871,100.00
32872,100.00
32873,100.00
32874,100.00
32875,100.00
32876,100.00
32877,100.00
32878,100.00
32879,100.00
32880,100.00
32881,100.00
32882,100.00
32883,100.00
32884,100.00
32885,100.00
32886,100.00
32887,100.00
32888,100.00
32889,100.00
32890,100.00
32891,100.00
32892,100.00
32893,100.00
32894,100.00
32895,100.00
32896,100.00
32897,100.00
32898,100.00
32899,100.00
32900,100.00
32901,100.00
32902,100.00
32903,100.00
32904,100.00
32905,100.00
32906,100.00
32907,100.00
32908,100.00
32909,100.00
32910,100.00
32911,100.00
32912,100.00
32913,100.00
32914,100.00
32915,100.00
32916,100.00
32917,100.00
32918,100.00
32919,100.00
32920,100.00
32921,100.00
32922,100.00
32923,100.00
32924,100.00
32925,100.00
32926,100.00
32927,100.00
32928,100.00
32929,100.00
32930,100.00
32931,100.00
32932,100.00
32933,100.00
32934,100.00
32935,100.00
32936,100.00
32937,100.00
32938,100.00
32939,100.00
32940,100.00
32941,100.00
32942,100.00
32943,100.00
32944,100.00
32945,100.00
32946,100.00
32947,100.00
32948,100.00
32949,100.00
32950,100.00
32951,100.00
32952,100.00
32953,100.00
32954,100.00
32955,100.00
32956,100.00
32957,100.00
32958,100.00
32959,100.00
32960,100.00
32961,100.00
32962,100.00
32963,100.00
32964,100.00
32965,100.00
32966,100.00
32967,100.00
32968,100.00
32969,100.00
32970,100.00
32971,100.00
32972,100.00
32973,100.00
32974,100.00
32975,100.00
32976,100.00
32977,100.00
32978,100.00
32979,100.00
32980,100.00
32981,100.00
32982,100.00
32983,100.00
32984,100.00
32985,100.00
32986,100.00
32987,100.00
32988,100.00
32989,100.00
32990,100.00
32991,100.00
32992,100.00
32993,100.00
32994,100.00
32995,100.00
32996,100.00
32997,100.00
32998,100.00
32999,100.00
33000,100.00
33001,100.00
33002,100.00
33003,100.00
33004,100.00
33005,100.00
33006,100.00
33007,100.00
33008,100.00
33009,100.00
33010,100.00
33011,100.00
33012,100.00
33013,100.00
33014,100.00
33015,100.00
33016,100.00
33017,100.00
33018,100.00
33019,100.00
33020,100.00
33021,100.00
33022,100.00
33023,100.00
33024,100.00
33025,100.00
33026,100.00
33027,100.00
33028,100.00
33029,100.00
33030,100.00
33031,100.00
33032,100.00
33033,100.00
33034,100.00
33035,100.00
33036,100.00
33037,100.00
33038,100.00
33039,100.00
33040,100.00
33041,100.00
33042,100.00
33043,100.00
33044,100.00
33045,100.00
33046,100.00
33047,100.00
33048,100.00
33049,100.00
33050,100.00
33051,100.00
33052,100.00
33053,100.00
33054,100.00
33055,100.00
33056,100.00
33057,100.00
33058,100.00
33059,100.00
33060,100.00
33061,100.00
33062,100.00
33063,100.00
33064,100.00
33065,100.00
33066,100.00
33067,100.00
33068,100.00
33069,100.00
33070,100.00
33071,100.00
33072,100.00
33073,100.00
33074,100.00
33075,100.00
33076,100.00
33077,100.00
33078,100.00
33079,100.00
33080,100.00
33081,100.00
33082,100.00
33083,100.00
33084,100.00
33085,100.00
33086,100.00
33087,100.00
33088,100.00
33089,100.00
33090,100.00
33091,100.00
33092,100.00
33093,100.00
33094,100.00
33095,100.00
33096,100.00
33097,100.00
33098,100.00
33099,100.00
33100,100.00
33101,100.00
33102,100.00
33103,100.00
33104,100.00
33105,100.00
33106,100.00
33107,100.00
33108,100.00
33109,100.00
33110,100.00
33111,100.00
33112,100.00
33113,100.00
33114,100.00
33115,100.00
33116,100.00
33117,100.00
33118,100.00
33119,100.00
33120,100.00
33121,100.00
33122,100.00
33123,100.00
33124,100.00
33125,100.00
33126,100.00
33127,100.00
33128,100.00
33129,100.00
33130,100.00
33131,100.00
33132,100.00
33133,100.00
33134,100.00
33135,100.00
33136,100.00
33137,100.00
33138,100.00
33139,100.00
33140,100.00
33141,100.00
33142,100.00
33143,100.00
33144,100.00
33145,100.00
33146,100.00
33147,100.00
33148,100.00
33149,100.00
33150,100.00
33151,100.00
33152,100.00
33153,100.00
33154,100.00
33155,100.00
33156,100.00
33157,100.00
33158,100.00
33159,100.00
33160,100.00
33161,100.00
33162,100.00
33163,100.00
33164,100.00
33165,100.00
33166,100.00
33167,100.00
33168,100.00
33169,100.00
33170,100.00
33171,100.00
33172,100.00
33173,100.00
33174,100.00
33175,100.00
33176,100.00
33177,100.00
33178,100.00
33179,100.00
33180,100.00
33181,100.00
33182,100.00
33183,100.00
33184,100.00
33185,100.00
33186,100.00
33187,100.00
33188,100.00
33189,100.00
33190,100.00
33191,100.00
33192,100.00
33193,100.00
33194,100.00
33195,100.00
33196,100.00
33197,100.00
33198,100.00
33199,100.00
33200,100.00
33201,100.00
33202,100.00
33203,100.00
33204,100.00
33205,100.00
33206,100.00
33207,100.00
33208,100.00
33209,100.00
33210,100.00
33211,100.00
33212,100.00
33213,100.00
33214,100.00
33215,100.00
33216,100.00
33217,100.00
33218,100.00
33219,100.00
33220,100.00
33221,100.00
33222,100.00
33223,100.00
33224,100.00
33225,100.00
33226,100.00
33227,100.00
33228,100.00
33229,100.00
33230,100.00
33231,100.00
33232,100.00
33233,100.00
33234,100.00
33235,100.00
33236,100.00
33237,100.00
33238,100.00
33239,100.00
33240,100.00
33241,100.00
33242,100.00
33243,100.00
33244,100.00
33245,100.00
33246,100.00
33247,100.00
33248,100.00
33249,100.00
33250,100.00
33251,100.00
33252,100.00
33253,100.00
33254,100.00
33255,100.00
33256,100.00
33257,100.00
33258,100.00
33259,100.00
33260,100.00
33261,100.00
33262,100.00
33263,100.00
33264,100.00
33265,100.00
33266,100.00
33267,100.00
33268,100.00
33269,100.00
33270,100.00
33271,100.00
33272,100.00
33273,100.00
33274,100.00
33275,100.00
33276,100.00
33277,100.00
33278,100.00
33279,100.00
33280,100.00
33281,100.00
33282,100.00
33283,100.00
33284,100.00
33285,100.00
33286,100.00
33287,100.00
33288,100.00
33289,100.00
33290,100.00
33291,100.00
33292,100.00
33293,100.00
33294,100.00
33295,100.00
33296,100.00
33297,100.00
33298,100.00
33299,100.00
33300,100.00
33301,100.00
33302,100.00
33303,100.00
33304,100.00
33305,100.00
33306,100.00
33307,100.00
33308,100.00
33309,100.00
33310,100.00
33311,100.00
33312,100.00
33313,100.00
33314,100.00
33315,100.00
33316,100.00
33317,100.00
33318,100.00
33319,100.00
33320,100.00
33321,100.00
33322,100.00
33323,100.00
33324,100.00
33325,100.00
33326,100.00
33327,100.00
33328,100.00
33329,100.00
33330,100.00
33331,100.00
33332,100.00
33333,100.00
33334,100.00
33335,100.00
33336,100.00
33337,100.00
33338,100.00
33339,100.00
33340,100.00
33341,100.00
33342,100.00
33343,100.00
33344,100.00
33345,100.00
33346,100.00
33347,100.00
33348,100.00
33349,100.00
33350,100.00
33351,100.00
33352,100.00
33353,100.00
33354,100.00
33355,100.00
33356,100.00
33357,100.00
33358,100.00
33359,100.00
33360,100.00
33361,100.00
33362,100.00
33363,100.00
33364,100.00
33365,100.00
33366,100.00
33367,100.00
33368,100.00
33369,100.00
33370,100.00
33371,100.00
33372,100.00
33373,100.00
33374,100.00
33375,100.00
33376,100.00
33377,100.00
33378,100.00
33379,100.00
33380,100.00
33381,100.00
33382,100.00
33383,100.00
33384,100.00
33385,100.00
33386,100.00
33387,100.00
33388,100.00
33389,100.00
33390,100.00
33391,100.00
33392,100.00
33393,100.00
33394,100.00
33395,100.00
33396,100.00
33397,100.00
33398,100.00
33399,100.00
33400,100.00
33401,100.00
33402,100.00
33403,100.00
33404,100.00
33405,100.00
33406,100.00
33407,100.00
33408,100.00
33409,100.00
33410,100.00
33411,100.00
33412,100.00
33413,100.00
33414,100.00
33415,100.00
33416,100.00
33417,100.00
33418,100.00
33419,100.00
33420,100.00
33421,100.00
33422,100.00
33423,100.00
33424,100.00
33425,100.00
33426,100.00
33427,100.00
33428,100.00
33429,100.00
33430,100.00
33431,100.00
33432,100.00
33433,100.00
33434,100.00
33435,100.00
33436,100.00
33437,100.00
33438,100.00
33439,100.00
33440,100.00
33441,100.00
33442,100.00
33443,100.00
33444,100.00
33445,100.00
33446,100.00
33447,100.00
33448,100.00
33449,100.00
33450,100.00
33451,100.00
33452,100.00
33453,100.00
33454,100.00
33455,100.00
33456,100.00
33457,100.00
33458,100.00
33459,100.00
33460,100.00
33461,100.00
33462,100.00
33463,100.00
33464,100.00
33465,100.00
33466,100.00
33467,100.00
33468,100.00
33469,100.00
33470,100.00
33471,100.00
33472,100.00
33473,100.00
33474,100.00
33475,100.00
33476,100.00
33477,100.00
33478,100.00
33479,100.00
33480,100.00
33481,100.00
33482,100.00
33483,100.00
33484,100.00
33485,100.00
33486,100.00
33487,100.00
33488,100.00
33489,100.00
33490,100.00
33491,100.00
33492,100.00
33493,100.00
33494,100.00
33495,100.00
33496,100.00
33497,100.00
33498,100.00
33499,100.00
33500,100.00
33501,100.00
33502,100.00
33503,100.00
33504,100.00
33505,100.00
33506,100.00
33507,100.00
33508,100.00
33509,100.00
33510,100.00
33511,100.00
33512,100.00
33513,100.00
33514,100.00
33515,100.00
33516,100.00
33517,100.00
33518,100.00
33519,100.00
33520,100.00
33521,100.00
33522,100.00
33523,100.00
33524,100.00
33525,100.00
33526,100.00
33527,100.00
33528,100.00
33529,100.00
33530,100.00
33531,100.00
33532,100.00
33533,100.00
33534,100.00
33535,100.00
33536,100.00
33537,100.00
33538,100.00
33539,100.00
33540,100.00
33541,100.00
33542,100.00
33543,100.00
33544,100.00
33545,100.00
33546,100.00
33547,100.00
33548,100.00
33549,100.00
33550,100.00
33551,100.00
33552,100.00
33553,100.00
33554,100.00
33555,100.00
33556,100.00
33557,100.00
33558,100.00
33559,100.00
33560,100.00
33561,100.00
33562,100.00
33563,100.00
33564,100.00
33565,100.00
33566,100.00
33567,100.00
33568,100.00
33569,100.00
33570,100.00
33571,100.00
33572,100.00
33573,100.00
33574,100.00
33575,100.00
33576,100.00
33577,100.00
33578,100.00
33579,100.00
33580,100.00
33581,100.00
33582,100.00
33583,100.00
33584,100.00
33585,100.00
33586,100.00
33587,100.00
33588,100.00
33589,100.00
33590,100.00
33591,100.00
33592,100.00
33593,100.00
33594,100.00
33595,100.00
33596,100.00
33597,100.00
33598,100.00
33599,100.00
33600,100.00
33601,100.00
33602,100.00
33603,100.00
33604,100.00
33605,100.00
33606,100.00
33607,100.00
33608,100.00
33609,100.00
33610,100.00
33611,100.00
33612,100.00
33613,100.00
33614,100.00
33615,100.00
33616,100.00
33617,100.00
33618,100.00
33619,100.00
33620,100.00
33621,100.00
33622,100.00
33623,100.00
33624,100.00
33625,100.00
33626,100.00
33627,100.00
33628,100.00
33629,100.00
33630,100.00
33631,100.00
33632,100.00
33633,100.00
33634,100.00
33635,100.00
33636,100.00
33637,100.00
33638,100.00
33639,100.00
33640,100.00
33641,100.00
33642,100.00
33643,100.00
33644,100.00
33645,100.00
33646,100.00
33647,100.00
33648,100.00
33649,100.00
33650,100.00
33651,100.00
33652,100.00
33653,100.00
33654,100.00
33655,100.00
33656,100.00
33657,100.00
33658,100.00
33659,100.00
33660,100.00
33661,100.00
33662,100.00
33663,100.00
33664,100.00
33665,100.00
33666,100.00
33667,100.00
33668,100.00
33669,100.00
33670,100.00
33671,100.00
33672,100.00
33673,100.00
33674,100.00
33675,100.00
33676,100.00
33677,100.00
33678,100.00
33679,100.00
33680,100.00
33681,100.00
33682,100.00
33683,100.00
33684,100.00
33685,100.00
33686,100.00
33687,100.00
33688,100.00
33689,100.00
33690,100.00
33691,100.00
33692,100.00
33693,100.00
33694,100.00
33695,100.00
33696,100.00
33697,100.00
33698,100.00
33699,100.00
33700,100.00
33701,100.00
33702,100.00
33703,100.00
33704,100.00
33705,100.00
33706,100.00
33707,100.00
33708,100.00
33709,100.00
33710,100.00
33711,100.00
33712,100.00
33713,100.00
33714,100.00
33715,100.00
33716,100.00
33717,100.00
33718,100.00
33719,100.00
33720,100.00
33721,100.00
33722,100.00
33723,100.00
33724,100.00
33725,100.00
33726,100.00
33727,100.00
33728,100.00
33729,100.00
33730,100.00
33731,100.00
33732,100.00
33733,100.00
33734,100.00
33735,100.00
33736,100.00
33737,100.00
33738,100.00
33739,100.00
33740,100.00
33741,100.00
33742,100.00
33743,100.00
33744,100.00
33745,100.00
33746,100.00
33747,100.00
33748,100.00
33749,100.00
33750,100.00
33751,100.00
33752,100.00
33753,100.00
33754,100.00
33755,100.00
33756,100.00
33757,100.00
33758,100.00
33759,100.00
33760,100.00
33761,100.00
33762,100.00
33763,100.00
33764,100.00
33765,100.00
33766,100.00
33767,100.00
33768,100.00
33769,100.00
33770,100.00
33771,100.00
33772,100.00
33773,100.00
33774,100.00
33775,100.00
33776,100.00
33777,100.00
33778,100.00
33779,100.00
33780,100.00
33781,100.00
33782,100.00
33783,100.00
33784,100.00
33785,100.00
33786,100.00
33787,100.00
33788,100.00
33789,100.00
33790,100.00
33791,100.00
33792,100.00
33793,100.00
33794,100.00
33795,100.00
33796,100.00
33797,100.00
33798,100.00
33799,100.00
33800,100.00
33801,100.00
33802,100.00
33803,100.00
33804,100.00
33805,100.00
33806,100.00
33807,100.00
33808,100.00
33809,100.00
33810,100.00
33811,100.00
33812,100.00
33813,100.00
33814,100.00
33815,100.00
33816,100.00
33817,100.00
33818,100.00
33819,100.00
33820,100.00
33821,100.00
33822,100.00
33823,100.00
33824,100.00
33825,100.00
33826,100.00
33827,100.00
33828,100.00
33829,100.00
33830,100.00
33831,100.00
33832,100.00
33833,100.00
33834,100.00
33835,100.00
33836,100.00
33837,100.00
33838,100.00
33839,100.00
33840,100.00
33841,100.00
33842,100.00
33843,100.00
33844,100.00
33845,100.00
33846,100.00
33847,100.00
33848,100.00
33849,100.00
33850,100.00
33851,100.00
33852,100.00
33853,100.00
33854,100.00
33855,100.00
33856,100.00
33857,100.00
33858,100.00
33859,100.00
33860,100.00
33861,100.00
33862,100.00
33863,100.00
33864,100.00
33865,100.00
33866,100.00
33867,100.00
33868,100.00
33869,100.00
33870,100.00
33871,100.00
33872,100.00
33873,100.00
33874,100.00
33875,100.00
33876,100.00
33877,100.00
33878,100.00
33879,100.00
33880,100.00
33881,100.00
33882,100.00
33883,100.00
33884,100.00
33885,100.00
33886,100.00
33887,100.00
33888,100.00
33889,100.00
33890,100.00
33891,100.00
33892,100.00
33893,100.00
33894,100.00
33895,100.00
33896,100.00
33897,100.00
33898,100.00
33899,100.00
33900,100.00
33901,100.00
33902,100.00
33903,100.00
33904,100.00
33905,100.00
33906,100.00
33907,100.00
33908,100.00
33909,100.00
33910,100.00
33911,100.00
33912,100.00
33913,100.00
33914,100.00
33915,100.00
33916,100.00
33917,100.00
33918,100.00
33919,100.00
33920,100.00
33921,100.00
33922,100.00
33923,100.00
33924,100.00
33925,100.00
33926,100.00
33927,100.00
33928,100.00
33929,100.00
33930,100.00
33931,100.00
33932,100.00
33933,100.00
33934,100.00
33935,100.00
33936,100.00
33937,100.00
33938,100.00
33939,100.00
33940,100.00
33941,100.00
33942,100.00
33943,100.00
33944,100.00
33945,100.00
33946,100.00
33947,100.00
33948,100.00
33949,100.00
33950,100.00
33951,100.00
33952,100.00
33953,100.00
33954,100.00
33955,100.00
33956,100.00
33957,100.00
33958,100.00
33959,100.00
33960,100.00
33961,100.00
33962,100.00
33963,100.00
33964,100.00
33965,100.00
33966,100.00
33967,100.00
33968,100.00
33969,100.00
33970,100.00
33971,100.00
33972,100.00
33973,100.00
33974,100.00
33975,100.00
33976,100.00
33977,100.00
33978,100.00
33979,100.00
33980,100.00
33981,100.00
33982,100.00
33983,100.00
33984,100.00
33985,100.00
33986,100.00
33987,100.00
33988,100.00
33989,100.00
33990,100.00
33991,100.00
33992,100.00
33993,100.00
33994,100.00
33995,100.00
33996,100.00
33997,100.00
33998,100.00
33999,100.00
34000,100.00
34001,100.00
34002,100.00
34003,100.00
34004,100.00
34005,100.00
34006,100.00
34007,100.00
34008,100.00
34009,100.00
34010,100.00
34011,100.00
34012,100.00
34013,100.00
34014,100.00
34015,100.00
34016,100.00
34017,100.00
34018,100.00
34019,100.00
34020,100.00
34021,100.00
34022,100.00
34023,100.00
34024,100.00
34025,100.00
34026,100.00
34027,100.00
34028,100.00
34029,100.00
34030,100.00
34031,100.00
34032,100.00
34033,100.00
34034,100.00
34035,100.00
34036,100.00
34037,100.00
34038,100.00
34039,100.00
34040,100.00
34041,100.00
34042,100.00
34043,100.00
34044,100.00
34045,100.00
34046,100.00
34047,100.00
34048,100.00
34049,100.00
34050,100.00
34051,100.00
34052,100.00
34053,100.00
34054,100.00
34055,100.00
34056,100.00
34057,100.00
34058,100.00
34059,100.00
34060,100.00
34061,100.00
34062,100.00
34063,100.00
34064,100.00
34065,100.00
34066,100.00
34067,100.00
34068,100.00
34069,100.00
34070,100.00
34071,100.00
34072,100.00
34073,100.00
34074,100.00
34075,100.00
34076,100.00
34077,100.00
34078,100.00
34079,100.00
34080,100.00
34081,100.00
34082,100.00
34083,100.00
34084,100.00
34085,100.00
34086,100.00
34087,100.00
34088,100.00
34089,100.00
34090,100.00
34091,100.00
34092,100.00
34093,100.00
34094,100.00
34095,100.00
34096,100.00
34097,100.00
34098,100.00
34099,100.00
34100,100.00
34101,100.00
34102,100.00
34103,100.00
34104,100.00
34105,100.00
34106,100.00
34107,100.00
34108,100.00
34109,100.00
34110,100.00
34111,100.00
34112,100.00
34113,100.00
34114,100.00
34115,100.00
34116,100.00
34117,100.00
34118,100.00
34119,100.00
34120,100.00
34121,100.00
34122,100.00
34123,100.00
34124,100.00
34125,100.00
34126,100.00
34127,100.00
34128,100.00
34129,100.00
34130,100.00
34131,100.00
34132,100.00
34133,100.00
34134,100.00
34135,100.00
34136,100.00
34137,100.00
34138,100.00
34139,100.00
34140,100.00
34141,100.00
34142,100.00
34143,100.00
34144,100.00
34145,100.00
34146,100.00
34147,100.00
34148,100.00
34149,100.00
34150,100.00
34151,100.00
34152,100.00
34153,100.00
34154,100.00
34155,100.00
34156,100.00
34157,100.00
34158,100.00
34159,100.00
34160,100.00
34161,100.00
34162,100.00
34163,100.00
34164,100.00
34165,100.00
34166,100.00
34167,100.00
34168,100.00
34169,100.00
34170,100.00
34171,100.00
34172,100.00
34173,100.00
34174,100.00
34175,100.00
34176,100.00
34177,100.00
34178,100.00
34179,100.00
34180,100.00
34181,100.00
34182,100.00
34183,100.00
34184,100.00
34185,100.00
34186,100.00
34187,100.00
34188,100.00
34189,100.00
34190,100.00
34191,100.00
34192,100.00
34193,100.00
34194,100.00
34195,100.00
34196,100.00
34197,100.00
34198,100.00
34199,100.00
34200,100.00
34201,100.00
34202,100.00
34203,100.00
34204,100.00
34205,100.00
34206,100.00
34207,100.00
34208,100.00
34209,100.00
34210,100.00
34211,100.00
34212,100.00
34213,100.00
34214,100.00
34215,100.00
34216,100.00
34217,100.00
34218,100.00
34219,100.00
34220,100.00
34221,100.00
34222,100.00
34223,100.00
34224,100.00
34225,100.00
34226,100.00
34227,100.00
34228,100.00
34229,100.00
34230,100.00
34231,100.00
34232,100.00
34233,100.00
34234,100.00
34235,100.00
34236,100.00
34237,100.00
34238,100.00
34239,100.00
34240,100.00
34241,100.00
34242,100.00
34243,100.00
34244,100.00
34245,100.00
34246,100.00
34247,100.00
34248,100.00
34249,100.00
34250,100.00
34251,100.00
34252,100.00
34253,100.00
34254,100.00
34255,100.00
34256,100.00
34257,100.00
34258,100.00
34259,100.00
34260,100.00
34261,100.00
34262,100.00
34263,100.00
34264,100.00
34265,100.00
34266,100.00
34267,100.00
34268,100.00
34269,100.00
34270,100.00
34271,100.00
34272,100.00
34273,100.00
34274,100.00
34275,100.00
34276,100.00
34277,100.00
34278,100.00
34279,100.00
34280,100.00
34281,100.00
34282,100.00
34283,100.00
34284,100.00
34285,100.00
34286,100.00
34287,100.00
34288,100.00
34289,100.00
34290,100.00
34291,100.00
34292,100.00
34293,100.00
34294,100.00
34295,100.00
34296,100.00
34297,100.00
34298,100.00
34299,100.00
34300,100.00
34301,100.00
34302,100.00
34303,100.00
34304,100.00
34305,100.00
34306,100.00
34307,100.00
34308,100.00
34309,100.00
34310,100.00
34311,100.00
34312,100.00
34313,100.00
34314,100.00
34315,100.00
34316,100.00
34317,100.00
34318,100.00
34319,100.00
34320,100.00
34321,100.00
34322,100.00
34323,100.00
34324,100.00
34325,100.00
34326,100.00
34327,100.00
34328,100.00
34329,100.00
34330,100.00
34331,100.00
34332,100.00
34333,100.00
34334,100.00
34335,100.00
34336,100.00
34337,100.00
34338,100.00
34339,100.00
34340,100.00
34341,100.00
34342,100.00
34343,100.00
34344,100.00
34345,100.00
34346,100.00
34347,100.00
34348,100.00
34349,100.00
34350,100.00
34351,100.00
34352,100.00
34353,100.00
34354,100.00
34355,100.00
34356,100.00
34357,100.00
34358,100.00
34359,100.00
34360,100.00
34361,100.00
34362,100.00
34363,100.00
34364,100.00
34365,100.00
34366,100.00
34367,100.00
34368,100.00
34369,100.00
34370,100.00
34371,100.00
34372,100.00
34373,100.00
34374,100.00
34375,100.00
34376,100.00
34377,100.00
34378,100.00
34379,100.00
34380,100.00
34381,100.00
34382,100.00
34383,100.00
34384,100.00
34385,100.00
34386,100.00
34387,100.00
34388,100.00
34389,100.00
34390,100.00
34391,100.00
34392,100.00
34393,100.00
34394,100.00
34395,100.00
34396,100.00
34397,100.00
34398,100.00
34399,100.00
34400,100.00
34401,100.00
34402,100.00
34403,100.00
34404,100.00
34405,100.00
34406,100.00
34407,100.00
34408,100.00
34409,100.00
34410,100.00
34411,100.00
34412,100.00
34413,100.00
34414,100.00
34415,100.00
34416,100.00
34417,100.00
34418,100.00
34419,100.00
34420,100.00
34421,100.00
34422,100.00
34423,100.00
34424,100.00
34425,100.00
34426,100.00
34427,100.00
34428,100.00
34429,100.00
34430,100.00
34431,100.00
34432,100.00
34433,100.00
34434,100.00
34435,100.00
34436,100.00
34437,100.00
34438,100.00
34439,100.00
34440,100.00
34441,100.00
34442,100.00
34443,100.00
34444,100.00
34445,100.00
34446,100.00
34447,100.00
34448,100.00
34449,100.00
34450,100.00
34451,100.00
34452,100.00
34453,100.00
34454,100.00
34455,100.00
34456,100.00
34457,100.00
34458,100.00
34459,100.00
34460,100.00
34461,100.00
34462,100.00
34463,100.00
34464,100.00
34465,100.00
34466,100.00
34467,100.00
34468,100.00
34469,100.00
34470,100.00
34471,100.00
34472,100.00
34473,100.00
34474,100.00
34475,100.00
34476,100.00
34477,100.00
34478,100.00
34479,100.00
34480,100.00
34481,100.00
34482,100.00
34483,100.00
34484,100.00
34485,100.00
34486,100.00
34487,100.00
34488,100.00
34489,100.00
34490,100.00
34491,100.00
34492,100.00
34493,100.00
34494,100.00
34495,100.00
34496,100.00
34497,100.00
34498,100.00
34499,100.00
34500,100.00
34501,100.00
34502,100.00
34503,100.00
34504,100.00
34505,100.00
34506,100.00
34507,100.00
34508,100.00
34509,100.00
34510,100.00
34511,100.00
34512,100.00
34513,100.00
34514,100.00
34515,100.00
34516,100.00
34517,100.00
34518,100.00
34519,100.00
34520,100.00
34521,100.00
34522,100.00
34523,100.00
34524,100.00
34525,100.00
34526,100.00
34527,100.00
34528,100.00
34529,100.00
34530,100.00
34531,100.00
34532,100.00
34533,100.00
34534,100.00
34535,100.00
34536,100.00
34537,100.00
34538,100.00
34539,100.00
34540,100.00
34541,100.00
34542,100.00
34543,100.00
34544,100.00
34545,100.00
34546,100.00
34547,100.00
34548,100.00
34549,100.00
34550,100.00
34551,100.00
34552,100.00
34553,100.00
34554,100.00
34555,100.00
34556,100.00
34557,100.00
34558,100.00
34559,100.00
34560,100.00
34561,100.00
34562,100.00
34563,100.00
34564,100.00
34565,100.00
34566,100.00
34567,100.00
34568,100.00
34569,100.00
34570,100.00
34571,100.00
34572,100.00
34573,100.00
34574,100.00
34575,100.00
34576,100.00
34577,100.00
34578,100.00
34579,100.00
34580,100.00
34581,100.00
34582,100.00
34583,100.00
34584,100.00
34585,100.00
34586,100.00
34587,100.00
34588,100.00
34589,100.00
34590,100.00
34591,100.00
34592,100.00
34593,100.00
34594,100.00
34595,100.00
34596,100.00
34597,100.00
34598,100.00
34599,100.00
34600,100.00
34601,100.00
34602,100.00
34603,100.00
34604,100.00
34605,100.00
34606,100.00
34607,100.00
34608,100.00
34609,100.00
34610,100.00
34611,100.00
34612,100.00
34613,100.00
34614,100.00
34615,100.00
34616,100.00
34617,100.00
34618,100.00
34619,100.00
34620,100.00
34621,100.00
34622,100.00
34623,100.00
34624,100.00
34625,100.00
34626,100.00
34627,100.00
34628,100.00
34629,100.00
34630,100.00
34631,100.00
34632,100.00
34633,100.00
34634,100.00
34635,100.00
34636,100.00
34637,100.00
34638,100.00
34639,100.00
34640,100.00
34641,100.00
34642,100.00
34643,100.00
34644,100.00
34645,100.00
34646,100.00
34647,100.00
34648,100.00
34649,100.00
34650,100.00
34651,100.00
34652,100.00
34653,100.00
34654,100.00
34655,100.00
34656,100.00
34657,100.00
34658,100.00
34659,100.00
34660,100.00
34661,100.00
34662,100.00
34663,100.00
34664,100.00
34665,100.00
34666,100.00
34667,100.00
34668,100.00
34669,100.00
34670,100.00
34671,100.00
34672,100.00
34673,100.00
34674,100.00
34675,100.00
34676,100.00
34677,100.00
34678,100.00
34679,100.00
34680,100.00
34681,100.00
34682,100.00
34683,100.00
34684,100.00
34685,100.00
34686,100.00
34687,100.00
34688,100.00
34689,100.00
34690,100.00
34691,100.00
34692,100.00
34693,100.00
34694,100.00
34695,100.00
34696,100.00
34697,100.00
34698,100.00
34699,100.00
34700,100.00
34701,100.00
34702,100.00
34703,100.00
34704,100.00
34705,100.00
34706,100.00
34707,100.00
34708,100.00
34709,100.00
34710,100.00
34711,100.00
34712,100.00
34713,100.00
34714,100.00
34715,100.00
34716,100.00
34717,100.00
34718,100.00
34719,100.00
34720,100.00
34721,100.00
34722,100.00
34723,100.00
34724,100.00
34725,100.00
34726,100.00
34727,100.00
34728,100.00
34729,100.00
34730,100.00
34731,100.00
34732,100.00
34733,100.00
34734,100.00
34735,100.00
34736,100.00
34737,100.00
34738,100.00
34739,100.00
34740,100.00
34741,100.00
34742,100.00
34743,100.00
34744,100.00
34745,100.00
34746,100.00
34747,100.00
34748,100.00
34749,100.00
34750,100.00
34751,100.00
34752,100.00
34753,100.00
34754,100.00
34755,100.00
34756,100.00
34757,100.00
34758,100.00
34759,100.00
34760,100.00
34761,100.00
34762,100.00
34763,100.00
34764,100.00
34765,100.00
34766,100.00
34767,100.00
34768,100.00
34769,100.00
34770,100.00
34771,100.00
34772,100.00
34773,100.00
34774,100.00
34775,100.00
34776,100.00
34777,100.00
34778,100.00
34779,100.00
34780,100.00
34781,100.00
34782,100.00
34783,100.00
34784,100.00
34785,100.00
34786,100.00
34787,100.00
34788,100.00
34789,100.00
34790,100.00
34791,100.00
34792,100.00
34793,100.00
34794,100.00
34795,100.00
34796,100.00
34797,100.00
34798,100.00
34799,100.00
34800,100.00
34801,100.00
34802,100.00
34803,100.00
34804,100.00
34805,100.00
34806,100.00
34807,100.00
34808,100.00
34809,100.00
34810,100.00
34811,100.00
34812,100.00
34813,100.00
34814,100.00
34815,100.00
34816,100.00
34817,100.00
34818,100.00
34819,100.00
34820,100.00
34821,100.00
34822,100.00
34823,100.00
34824,100.00
34825,100.00
34826,100.00
34827,100.00
34828,100.00
34829,100.00
34830,100.00
34831,100.00
34832,100.00
34833,100.00
34834,100.00
34835,100.00
34836,100.00
34837,100.00
34838,100.00
34839,100.00
34840,100.00
34841,100.00
34842,100.00
34843,100.00
34844,100.00
34845,100.00
34846,100.00
34847,100.00
34848,100.00
34849,100.00
34850,100.00
34851,100.00
34852,100.00
34853,100.00
34854,100.00
34855,100.00
34856,100.00
34857,100.00
34858,100.00
34859,100.00
34860,100.00
34861,100.00
34862,100.00
34863,100.00
34864,100.00
34865,100.00
34866,100.00
34867,100.00
34868,100.00
34869,100.00
34870,100.00
34871,100.00
34872,100.00
34873,100.00
34874,100.00
34875,100.00
34876,100.00
34877,100.00
34878,100.00
34879,100.00
34880,100.00
34881,100.00
34882,100.00
34883,100.00
34884,100.00
34885,100.00
34886,100.00
34887,100.00
34888,100.00
34889,100.00
34890,100.00
34891,100.00
34892,100.00
34893,100.00
34894,100.00
34895,100.00
34896,100.00
34897,100.00
34898,100.00
34899,100.00
34900,100.00
34901,100.00
34902,100.00
34903,100.00
34904,100.00
34905,100.00
34906,100.00
34907,100.00
34908,100.00
34909,100.00
34910,100.00
34911,100.00
34912,100.00
34913,100.00
34914,100.00
34915,100.00
34916,100.00
34917,100.00
34918,100.00
34919,100.00
34920,100.00
34921,100.00
34922,100.00
34923,100.00
34924,100.00
34925,100.00
34926,100.00
34927,100.00
34928,100.00
34929,100.00
34930,100.00
34931,100.00
34932,100.00
34933,100.00
34934,100.00
34935,100.00
34936,100.00
34937,100.00
34938,100.00
34939,100.00
34940,100.00
34941,100.00
34942,100.00
34943,100.00
34944,100.00
34945,100.00
34946,100.00
34947,100.00
34948,100.00
34949,100.00
34950,100.00
34951,100.00
34952,100.00
34953,100.00
34954,100.00
34955,100.00
34956,100.00
34957,100.00
34958,100.00
34959,100.00
34960,100.00
34961,100.00
34962,100.00
34963,100.00
34964,100.00
34965,100.00
34966,100.00
34967,100.00
34968,100.00
34969,100.00
34970,100.00
34971,100.00
34972,100.00
34973,100.00
34974,100.00
34975,100.00
34976,100.00
34977,100.00
34978,100.00
34979,100.00
34980,100.00
34981,100.00
34982,100.00
34983,100.00
34984,100.00
34985,100.00
34986,100.00
34987,100.00
34988,100.00
34989,100.00
34990,100.00
34991,100.00
34992,100.00
34993,100.00
34994,100.00
34995,100.00
34996,100.00
34997,100.00
34998,100.00
34999,100.00
35000,100.00
35001,100.00
35002,100.00
35003,100.00
35004,100.00
35005,100.00
35006,100.00
35007,100.00
35008,100.00
35009,100.00
35010,100.00
35011,100.00
35012,100.00
35013,100.00
35014,100.00
35015,100.00
35016,100.00
35017,100.00
35018,100.00
35019,100.00
35020,100.00
35021,100.00
35022,100.00
35023,100.00
35024,100.00
35025,100.00
35026,100.00
35027,100.00
35028,100.00
35029,100.00
35030,100.00
35031,100.00
35032,100.00
35033,100.00
35034,100.00
35035,100.00
35036,100.00
35037,100.00
35038,100.00
35039,100.00
35040,100.00
35041,100.00
35042,100.00
35043,100.00
35044,100.00
35045,100.00
35046,100.00
35047,100.00
35048,100.00
35049,100.00
35050,100.00
35051,100.00
35052,100.00
35053,100.00
35054,100.00
35055,100.00
35056,100.00
35057,100.00
35058,100.00
35059,100.00
35060,100.00
35061,100.00
35062,100.00
35063,100.00
35064,100.00
35065,100.00
35066,100.00
35067,100.00
35068,100.00
35069,100.00
35070,100.00
35071,100.00
35072,100.00
35073,100.00
35074,100.00
35075,100.00
35076,100.00
35077,100.00
35078,100.00
35079,100.00
35080,100.00
35081,100.00
35082,100.00
35083,100.00
35084,100.00
35085,100.00
35086,100.00
35087,100.00
35088,100.00
35089,100.00
35090,100.00
35091,100.00
35092,100.00
35093,100.00
35094,100.00
35095,100.00
35096,100.00
35097,100.00
35098,100.00
35099,100.00
35100,100.00
35101,100.00
35102,100.00
35103,100.00
35104,100.00
35105,100.00
35106,100.00
35107,100.00
35108,100.00
35109,100.00
35110,100.00
35111,100.00
35112,100.00
35113,100.00
35114,100.00
35115,100.00
35116,100.00
35117,100.00
35118,100.00
35119,100.00
35120,100.00
35121,100.00
35122,100.00
35123,100.00
35124,100.00
35125,100.00
35126,100.00
35127,100.00
35128,100.00
35129,100.00
35130,100.00
35131,100.00
35132,100.00
35133,100.00
35134,100.00
35135,100.00
35136,100.00
35137,100.00
35138,100.00
35139,100.00
35140,100.00
35141,100.00
35142,100.00
35143,100.00
35144,100.00
35145,100.00
35146,100.00
35147,100.00
35148,100.00
35149,100.00
35150,100.00
35151,100.00
35152,100.00
35153,100.00
35154,100.00
35155,100.00
35156,100.00
35157,100.00
35158,100.00
35159,100.00
35160,100.00
35161,100.00
35162,100.00
35163,100.00
35164,100.00
35165,100.00
35166,100.00
35167,100.00
35168,100.00
35169,100.00
35170,100.00
35171,100.00
35172,100.00
35173,100.00
35174,100.00
35175,100.00
35176,100.00
35177,100.00
35178,100.00
35179,100.00
35180,100.00
35181,100.00
35182,100.00
35183,100.00
35184,100.00
35185,100.00
35186,100.00
35187,100.00
35188,100.00
35189,100.00
35190,100.00
35191,100.00
35192,100.00
35193,100.00
35194,100.00
35195,100.00
35196,100.00
35197,100.00
35198,100.00
35199,100.00
35200,100.00
35201,100.00
35202,100.00
35203,100.00
35204,100.00
35205,100.00
35206,100.00
35207,100.00
35208,100.00
35209,100.00
35210,100.00
35211,100.00
35212,100.00
35213,100.00
35214,100.00
35215,100.00
35216,100.00
35217,100.00
35218,100.00
35219,100.00
35220,100.00
35221,100.00
35222,100.00
35223,100.00
35224,100.00
35225,100.00
35226,100.00
35227,100.00
35228,100.00
35229,100.00
35230,100.00
35231,100.00
35232,100.00
35233,100.00
35234,100.00
35235,100.00
35236,100.00
35237,100.00
35238,100.00
35239,100.00
35240,100.00
35241,100.00
35242,100.00
35243,100.00
35244,100.00
35245,100.00
35246,100.00
35247,100.00
35248,100.00
35249,100.00
35250,100.00
35251,100.00
35252,100.00
35253,100.00
35254,100.00
35255,100.00
35256,100.00
35257,100.00
35258,100.00
35259,100.00
35260,100.00
35261,100.00
35262,100.00
35263,100.00
35264,100.00
35265,100.00
35266,100.00
35267,100.00
35268,100.00
35269,100.00
35270,100.00
35271,100.00
35272,100.00
35273,100.00
35274,100.00
35275,100.00
35276,100.00
35277,100.00
35278,100.00
35279,100.00
35280,100.00
35281,100.00
35282,100.00
35283,100.00
35284,100.00
35285,100.00
35286,100.00
35287,100.00
35288,100.00
35289,100.00
35290,100.00
35291,100.00
35292,100.00
35293,100.00
35294,100.00
35295,100.00
35296,100.00
35297,100.00
35298,100.00
35299,100.00
35300,100.00
35301,100.00
35302,100.00
35303,100.00
35304,100.00
35305,100.00
35306,100.00
35307,100.00
35308,100.00
35309,100.00
35310,100.00
35311,100.00
35312,100.00
35313,100.00
35314,100.00
35315,100.00
35316,100.00
35317,100.00
35318,100.00
35319,100.00
35320,100.00
35321,100.00
35322,100.00
35323,100.00
35324,100.00
35325,100.00
35326,100.00
35327,100.00
35328,100.00
35329,100.00
35330,100.00
35331,100.00
35332,100.00
35333,100.00
35334,100.00
35335,100.00
35336,100.00
35337,100.00
35338,100.00
35339,100.00
35340,100.00
35341,100.00
35342,100.00
35343,100.00
35344,100.00
35345,100.00
35346,100.00
35347,100.00
35348,100.00
35349,100.00
35350,100.00
35351,100.00
35352,100.00
35353,100.00
35354,100.00
35355,100.00
35356,100.00
35357,100.00
35358,100.00
35359,100.00
35360,100.00
35361,100.00
35362,100.00
35363,100.00
35364,100.00
35365,100.00
35366,100.00
35367,100.00
35368,100.00
35369,100.00
35370,100.00
35371,100.00
35372,100.00
35373,100.00
35374,100.00
35375,100.00
35376,100.00
35377,100.00
35378,100.00
35379,100.00
35380,100.00
35381,100.00
35382,100.00
35383,100.00
35384,100.00
35385,100.00
35386,100.00
35387,100.00
35388,100.00
35389,100.00
35390,100.00
35391,100.00
35392,100.00
35393,100.00
35394,100.00
35395,100.00
35396,100.00
35397,100.00
35398,100.00
35399,100.00
35400,100.00
35401,100.00
35402,100.00
35403,100.00
35404,100.00
35405,100.00
35406,100.00
35407,100.00
35408,100.00
35409,100.00
35410,100.00
35411,100.00
35412,100.00
35413,100.00
35414,100.00
35415,100.00
35416,100.00
35417,100.00
35418,100.00
35419,100.00
35420,100.00
35421,100.00
35422,100.00
35423,100.00
35424,100.00
35425,100.00
35426,100.00
35427,100.00
35428,100.00
35429,100.00
35430,100.00
35431,100.00
35432,100.00
35433,100.00
35434,100.00
35435,100.00
35436,100.00
35437,100.00
35438,100.00
35439,100.00
35440,100.00
35441,100.00
35442,100.00
35443,100.00
35444,100.00
35445,100.00
35446,100.00
35447,100.00
35448,100.00
35449,100.00
35450,100.00
35451,100.00
35452,100.00
35453,100.00
35454,100.00
35455,100.00
35456,100.00
35457,100.00
35458,100.00
35459,100.00
35460,100.00
35461,100.00
35462,100.00
35463,100.00
35464,100.00
35465,100.00
35466,100.00
35467,100.00
35468,100.00
35469,100.00
35470,100.00
35471,100.00
35472,100.00
35473,100.00
35474,100.00
35475,100.00
35476,100.00
35477,100.00
35478,100.00
35479,100.00
35480,100.00
35481,100.00
35482,100.00
35483,100.00
35484,100.00
35485,100.00
35486,100.00
35487,100.00
35488,100.00
35489,100.00
35490,100.00
35491,100.00
35492,100.00
35493,100.00
35494,100.00
35495,100.00
35496,100.00
35497,100.00
35498,100.00
35499,100.00
35500,100.00
35501,100.00
35502,100.00
35503,100.00
35504,100.00
35505,100.00
35506,100.00
35507,100.00
35508,100.00
35509,100.00
35510,100.00
35511,100.00
35512,100.00
35513,100.00
35514,100.00
35515,100.00
35516,100.00
35517,100.00
35518,100.00
35519,100.00
35520,100.00
35521,100.00
35522,100.00
35523,100.00
35524,100.00
35525,100.00
35526,100.00
35527,100.00
35528,100.00
35529,100.00
35530,100.00
35531,100.00
35532,100.00
35533,100.00
35534,100.00
35535,100.00
35536,100.00
35537,100.00
35538,100.00
35539,100.00
35540,100.00
35541,100.00
35542,100.00
35543,100.00
35544,100.00
35545,100.00
35546,100.00
35547,100.00
35548,100.00
35549,100.00
35550,100.00
35551,100.00
35552,100.00
35553,100.00
35554,100.00
35555,100.00
35556,100.00
35557,100.00
35558,100.00
35559,100.00
35560,100.00
35561,100.00
35562,100.00
35563,100.00
35564,100.00
35565,100.00
35566,100.00
35567,100.00
35568,100.00
35569,100.00
35570,100.00
35571,100.00
35572,100.00
35573,100.00
35574,100.00
35575,100.00
35576,100.00
35577,100.00
35578,100.00
35579,100.00
35580,100.00
35581,100.00
35582,100.00
35583,100.00
35584,100.00
35585,100.00
35586,100.00
35587,100.00
35588,100.00
35589,100.00
35590,100.00
35591,100.00
35592,100.00
35593,100.00
35594,100.00
35595,100.00
35596,100.00
35597,100.00
35598,100.00
35599,100.00
35600,100.00
35601,100.00
35602,100.00
35603,100.00
35604,100.00
35605,100.00
35606,100.00
35607,100.00
35608,100.00
35609,100.00
35610,100.00
35611,100.00
35612,100.00
35613,100.00
35614,100.00
35615,100.00
35616,100.00
35617,100.00
35618,100.00
35619,100.00
35620,100.00
35621,100.00
35622,100.00
35623,100.00
35624,100.00
35625,100.00
35626,100.00
35627,100.00
35628,100.00
35629,100.00
35630,100.00
35631,100.00
35632,100.00
35633,100.00
35634,100.00
35635,100.00
35636,100.00
35637,100.00
35638,100.00
35639,100.00
35640,100.00
35641,100.00
35642,100.00
35643,100.00
35644,100.00
35645,100.00
35646,100.00
35647,100.00
35648,100.00
35649,100.00
35650,100.00
35651,100.00
35652,100.00
35653,100.00
35654,100.00
35655,100.00
35656,100.00
35657,100.00
35658,100.00
35659,100.00
35660,100.00
35661,100.00
35662,100.00
35663,100.00
35664,100.00
35665,100.00
35666,100.00
35667,100.00
35668,100.00
35669,100.00
35670,100.00
35671,100.00
35672,100.00
35673,100.00
35674,100.00
35675,100.00
35676,100.00
35677,100.00
35678,100.00
35679,100.00
35680,100.00
35681,100.00
35682,100.00
35683,100.00
35684,100.00
35685,100.00
35686,100.00
35687,100.00
35688,100.00
35689,100.00
35690,100.00
35691,100.00
35692,100.00
35693,100.00
35694,100.00
35695,100.00
35696,100.00
35697,100.00
35698,100.00
35699,100.00
35700,100.00
35701,100.00
35702,100.00
35703,100.00
35704,100.00
35705,100.00
35706,100.00
35707,100.00
35708,100.00
35709,100.00
35710,100.00
35711,100.00
35712,100.00
35713,100.00
35714,100.00
35715,100.00
35716,100.00
35717,100.00
35718,100.00
35719,100.00
35720,100.00
35721,100.00
35722,100.00
35723,100.00
35724,100.00
35725,100.00
35726,100.00
35727,100.00
35728,100.00
35729,100.00
35730,100.00
35731,100.00
35732,100.00
35733,100.00
35734,100.00
35735,100.00
35736,100.00
35737,100.00
35738,100.00
35739,100.00
35740,100.00
35741,100.00
35742,100.00
35743,100.00
35744,100.00
35745,100.00
35746,100.00
35747,100.00
35748,100.00
35749,100.00
35750,100.00
35751,100.00
35752,100.00
35753,100.00
35754,100.00
35755,100.00
35756,100.00
35757,100.00
35758,100.00
35759,100.00
35760,100.00
35761,100.00
35762,100.00
35763,100.00
35764,100.00
35765,100.00
35766,100.00
35767,100.00
35768,100.00
35769,100.00
35770,100.00
35771,100.00
35772,100.00
35773,100.00
35774,100.00
35775,100.00
35776,100.00
35777,100.00
35778,100.00
35779,100.00
35780,100.00
35781,100.00
35782,100.00
35783,100.00
35784,100.00
35785,100.00
35786,100.00
35787,100.00
35788,100.00
35789,100.00
35790,100.00
35791,100.00
35792,100.00
35793,100.00
35794,100.00
35795,100.00
35796,100.00
35797,100.00
35798,100.00
35799,100.00
35800,100.00
35801,100.00
35802,100.00
35803,100.00
35804,100.00
35805,100.00
35806,100.00
35807,100.00
35808,100.00
35809,100.00
35810,100.00
35811,100.00
35812,100.00
35813,100.00
35814,100.00
35815,100.00
35816,100.00
35817,100.00
35818,100.00
35819,100.00
35820,100.00
35821,100.00
35822,100.00
35823,100.00
35824,100.00
35825,100.00
35826,100.00
35827,100.00
35828,100.00
35829,100.00
35830,100.00
35831,100.00
35832,100.00
35833,100.00
35834,100.00
35835,100.00
35836,100.00
35837,100.00
35838,100.00
35839,100.00
35840,100.00
35841,100.00
35842,100.00
35843,100.00
35844,100.00
35845,100.00
35846,100.00
35847,100.00
35848,100.00
35849,100.00
35850,100.00
35851,100.00
35852,100.00
35853,100.00
35854,100.00
35855,100.00
35856,100.00
35857,100.00
35858,100.00
35859,100.00
35860,100.00
35861,100.00
35862,100.00
35863,100.00
35864,100.00
35865,100.00
35866,100.00
35867,100.00
35868,100.00
35869,100.00
35870,100.00
35871,100.00
35872,100.00
35873,100.00
35874,100.00
35875,100.00
35876,100.00
35877,100.00
35878,100.00
35879,100.00
35880,100.00
35881,100.00
35882,100.00
35883,100.00
35884,100.00
35885,100.00
35886,100.00
35887,100.00
35888,100.00
35889,100.00
35890,100.00
35891,100.00
35892,100.00
35893,100.00
35894,100.00
35895,100.00
35896,100.00
35897,100.00
35898,100.00
35899,100.00
35900,100.00
35901,100.00
35902,100.00
35903,100.00
35904,100.00
35905,100.00
35906,100.00
35907,100.00
35908,100.00
35909,100.00
35910,100.00
35911,100.00
35912,100.00
35913,100.00
35914,100.00
35915,100.00
35916,100.00
35917,100.00
35918,100.00
35919,100.00
35920,100.00
35921,100.00
35922,100.00
35923,100.00
35924,100.00
35925,100.00
35926,100.00
35927,100.00
35928,100.00
35929,100.00
35930,100.00
35931,100.00
35932,100.00
35933,100.00
35934,100.00
35935,100.00
35936,100.00
35937,100.00
35938,100.00
35939,100.00
35940,100.00
35941,100.00
35942,100.00
35943,100.00
35944,100.00
35945,100.00
35946,100.00
35947,100.00
35948,100.00
35949,100.00
35950,100.00
35951,100.00
35952,100.00
35953,100.00
35954,100.00
35955,100.00
35956,100.00
35957,100.00
35958,100.00
35959,100.00
35960,100.00
35961,100.00
35962,100.00
35963,100.00
35964,100.00
35965,100.00
35966,100.00
35967,100.00
35968,100.00
35969,100.00
35970,100.00
35971,100.00
35972,100.00
35973,100.00
35974,100.00
35975,100.00
35976,100.00
35977,100.00
35978,100.00
35979,100.00
35980,100.00
35981,100.00
35982,100.00
35983,100.00
35984,100.00
35985,100.00
35986,100.00
35987,100.00
35988,100.00
35989,100.00
35990,100.00
35991,100.00
35992,100.00
35993,100.00
35994,100.00
35995,100.00
35996,100.00
35997,100.00
35998,100.00
35999,100.00
36000,100.00
36001,100.00
36002,100.00
36003,100.00
36004,100.00
36005,100.00
36006,100.00
36007,100.00
36008,100.00
36009,100.00
36010,100.00
36011,100.00
36012,100.00
36013,100.00
36014,100.00
36015,100.00
36016,100.00
36017,100.00
36018,100.00
36019,100.00
36020,100.00
36021,100.00
36022,100.00
36023,100.00
36024,100.00
36025,100.00
36026,100.00
36027,100.00
36028,100.00
36029,100.00
36030,100.00
36031,100.00
36032,100.00
36033,100.00
36034,100.00
36035,100.00
36036,100.00
36037,100.00
36038,100.00
36039,100.00
36040,100.00
36041,100.00
36042,100.00
36043,100.00
36044,100.00
36045,100.00
36046,100.00
36047,100.00
36048,100.00
36049,100.00
36050,100.00
36051,100.00
36052,100.00
36053,100.00
36054,100.00
36055,100.00
36056,100.00
36057,100.00
36058,100.00
36059,100.00
36060,100.00
36061,100.00
36062,100.00
36063,100.00
36064,100.00
36065,100.00
36066,100.00
36067,100.00
36068,100.00
36069,100.00
36070,100.00
36071,100.00
36072,100.00
36073,100.00
36074,100.00
36075,100.00
36076,100.00
36077,100.00
36078,100.00
36079,100.00
36080,100.00
36081,100.00
36082,100.00
36083,100.00
36084,100.00
36085,100.00
36086,100.00
36087,100.00
36088,100.00
36089,100.00
36090,100.00
36091,100.00
36092,100.00
36093,100.00
36094,100.00
36095,100.00
36096,100.00
36097,100.00
36098,100.00
36099,100.00
36100,100.00
36101,100.00
36102,100.00
36103,100.00
36104,100.00
36105,100.00
36106,100.00
36107,100.00
36108,100.00
36109,100.00
36110,100.00
36111,100.00
36112,100.00
36113,100.00
36114,100.00
36115,100.00
36116,100.00
36117,100.00
36118,100.00
36119,100.00
36120,100.00
36121,100.00
36122,100.00
36123,100.00
36124,100.00
36125,100.00
36126,100.00
36127,100.00
36128,100.00
36129,100.00
36130,100.00
36131,100.00
36132,100.00
36133,100.00
36134,100.00
36135,100.00
36136,100.00
36137,100.00
36138,100.00
36139,100.00
36140,100.00
36141,100.00
36142,100.00
36143,100.00
36144,100.00
36145,100.00
36146,100.00
36147,100.00
36148,100.00
36149,100.00
36150,100.00
36151,100.00
36152,100.00
36153,100.00
36154,100.00
36155,100.00
36156,100.00
36157,100.00
36158,100.00
36159,100.00
36160,100.00
36161,100.00
36162,100.00
36163,100.00
36164,100.00
36165,100.00
36166,100.00
36167,100.00
36168,100.00
36169,100.00
36170,100.00
36171,100.00
36172,100.00
36173,100.00
36174,100.00
36175,100.00
36176,100.00
36177,100.00
36178,100.00
36179,100.00
36180,100.00
36181,100.00
36182,100.00
36183,100.00
36184,100.00
36185,100.00
36186,100.00
36187,100.00
36188,100.00
36189,100.00
36190,100.00
36191,100.00
36192,100.00
36193,100.00
36194,100.00
36195,100.00
36196,100.00
36197,100.00
36198,100.00
36199,100.00
36200,100.00
36201,100.00
36202,100.00
36203,100.00
36204,100.00
36205,100.00
36206,100.00
36207,100.00
36208,100.00
36209,100.00
36210,100.00
36211,100.00
36212,100.00
36213,100.00
36214,100.00
36215,100.00
36216,100.00
36217,100.00
36218,100.00
36219,100.00
36220,100.00
36221,100.00
36222,100.00
36223,100.00
36224,100.00
36225,100.00
36226,100.00
36227,100.00
36228,100.00
36229,100.00
36230,100.00
36231,100.00
36232,100.00
36233,100.00
36234,100.00
36235,100.00
36236,100.00
36237,100.00
36238,100.00
36239,100.00
36240,100.00
36241,100.00
36242,100.00
36243,100.00
36244,100.00
36245,100.00
36246,100.00
36247,100.00
36248,100.00
36249,100.00
36250,100.00
36251,100.00
36252,100.00
36253,100.00
36254,100.00
36255,100.00
36256,100.00
36257,100.00
36258,100.00
36259,100.00
36260,100.00
36261,100.00
36262,100.00
36263,100.00
36264,100.00
36265,100.00
36266,100.00
36267,100.00
36268,100.00
36269,100.00
36270,100.00
36271,100.00
36272,100.00
36273,100.00
36274,100.00
36275,100.00
36276,100.00
36277,100.00
36278,100.00
36279,100.00
36280,100.00
36281,100.00
36282,100.00
36283,100.00
36284,100.00
36285,100.00
36286,100.00
36287,100.00
36288,100.00
36289,100.00
36290,100.00
36291,100.00
36292,100.00
36293,100.00
36294,100.00
36295,100.00
36296,100.00
36297,100.00
36298,100.00
36299,100.00
36300,100.00
36301,100.00
36302,100.00
36303,100.00
36304,100.00
36305,100.00
36306,100.00
36307,100.00
36308,100.00
36309,100.00
36310,100.00
36311,100.00
36312,100.00
36313,100.00
36314,100.00
36315,100.00
36316,100.00
36317,100.00
36318,100.00
36319,100.00
36320,100.00
36321,100.00
36322,100.00
36323,100.00
36324,100.00
36325,100.00
36326,100.00
36327,100.00
36328,100.00
36329,100.00
36330,100.00
36331,100.00
36332,100.00
36333,100.00
36334,100.00
36335,100.00
36336,100.00
36337,100.00
36338,100.00
36339,100.00
36340,100.00
36341,100.00
36342,100.00
36343,100.00
36344,100.00
36345,100.00
36346,100.00
36347,100.00
36348,100.00
36349,100.00
36350,100.00
36351,100.00
36352,100.00
36353,100.00
36354,100.00
36355,100.00
36356,100.00
36357,100.00
36358,100.00
36359,100.00
36360,100.00
36361,100.00
36362,100.00
36363,100.00
36364,100.00
36365,100.00
36366,100.00
36367,100.00
36368,100.00
36369,100.00
36370,100.00
36371,100.00
36372,100.00
36373,100.00
36374,100.00
36375,100.00
36376,100.00
36377,100.00
36378,100.00
36379,100.00
36380,100.00
36381,100.00
36382,100.00
36383,100.00
36384,100.00
36385,100.00
36386,100.00
36387,100.00
36388,100.00
36389,100.00
36390,100.00
36391,100.00
36392,100.00
36393,100.00
36394,100.00
36395,100.00
36396,100.00
36397,100.00
36398,100.00
36399,100.00
36400,100.00
36401,100.00
36402,100.00
36403,100.00
36404,100.00
36405,100.00
36406,100.00
36407,100.00
36408,100.00
36409,100.00
36410,100.00
36411,100.00
36412,100.00
36413,100.00
36414,100.00
36415,100.00
36416,100.00
36417,100.00
36418,100.00
36419,100.00
36420,100.00
36421,100.00
36422,100.00
36423,100.00
36424,100.00
36425,100.00
36426,100.00
36427,100.00
36428,100.00
36429,100.00
36430,100.00
36431,100.00
36432,100.00
36433,100.00
36434,100.00
36435,100.00
36436,100.00
36437,100.00
36438,100.00
36439,100.00
36440,100.00
36441,100.00
36442,100.00
36443,100.00
36444,100.00
36445,100.00
36446,100.00
36447,100.00
36448,100.00
36449,100.00
36450,100.00
36451,100.00
36452,100.00
36453,100.00
36454,100.00
36455,100.00
36456,100.00
36457,100.00
36458,100.00
36459,100.00
36460,100.00
36461,100.00
36462,100.00
36463,100.00
36464,100.00
36465,100.00
36466,100.00
36467,100.00
36468,100.00
36469,100.00
36470,100.00
36471,100.00
36472,100.00
36473,100.00
36474,100.00
36475,100.00
36476,100.00
36477,100.00
36478,100.00
36479,100.00
36480,100.00
36481,100.00
36482,100.00
36483,100.00
36484,100.00
36485,100.00
36486,100.00
36487,100.00
36488,100.00
36489,100.00
36490,100.00
36491,100.00
36492,100.00
36493,100.00
36494,100.00
36495,100.00
36496,100.00
36497,100.00
36498,100.00
36499,100.00
36500,100.00
36501,100.00
36502,100.00
36503,100.00
36504,100.00
36505,100.00
36506,100.00
36507,100.00
36508,100.00
36509,100.00
36510,100.00
36511,100.00
36512,100.00
36513,100.00
36514,100.00
36515,100.00
36516,100.00
36517,100.00
36518,100.00
36519,100.00
36520,100.00
36521,100.00
36522,100.00
36523,100.00
36524,100.00
36525,100.00
36526,100.00
36527,100.00
36528,100.00
36529,100.00
36530,100.00
36531,100.00
36532,100.00
36533,100.00
36534,100.00
36535,100.00
36536,100.00
36537,100.00
36538,100.00
36539,100.00
36540,100.00
36541,100.00
36542,100.00
36543,100.00
36544,100.00
36545,100.00
36546,100.00
36547,100.00
36548,100.00
36549,100.00
36550,100.00
36551,100.00
36552,100.00
36553,100.00
36554,100.00
36555,100.00
36556,100.00
36557,100.00
36558,100.00
36559,100.00
36560,100.00
36561,100.00
36562,100.00
36563,100.00
36564,100.00
36565,100.00
36566,100.00
36567,100.00
36568,100.00
36569,100.00
36570,100.00
36571,100.00
36572,100.00
36573,100.00
36574,100.00
36575,100.00
36576,100.00
36577,100.00
36578,100.00
36579,100.00
36580,100.00
36581,100.00
36582,100.00
36583,100.00
36584,100.00
36585,100.00
36586,100.00
36587,100.00
36588,100.00
36589,100.00
36590,100.00
36591,100.00
36592,100.00
36593,100.00
36594,100.00
36595,100.00
36596,100.00
36597,100.00
36598,100.00
36599,100.00
36600,100.00
36601,100.00
36602,100.00
36603,100.00
36604,100.00
36605,100.00
36606,100.00
36607,100.00
36608,100.00
36609,100.00
36610,100.00
36611,100.00
36612,100.00
36613,100.00
36614,100.00
36615,100.00
36616,100.00
36617,100.00
36618,100.00
36619,100.00
36620,100.00
36621,100.00
36622,100.00
36623,100.00
36624,100.00
36625,100.00
36626,100.00
36627,100.00
36628,100.00
36629,100.00
36630,100.00
36631,100.00
36632,100.00
36633,100.00
36634,100.00
36635,100.00
36636,100.00
36637,100.00
36638,100.00
36639,100.00
36640,100.00
36641,100.00
36642,100.00
36643,100.00
36644,100.00
36645,100.00
36646,100.00
36647,100.00
36648,100.00
36649,100.00
36650,100.00
36651,100.00
36652,100.00
36653,100.00
36654,100.00
36655,100.00
36656,100.00
36657,100.00
36658,100.00
36659,100.00
36660,100.00
36661,100.00
36662,100.00
36663,100.00
36664,100.00
36665,100.00
36666,100.00
36667,100.00
36668,100.00
36669,100.00
36670,100.00
36671,100.00
36672,100.00
36673,100.00
36674,100.00
36675,100.00
36676,100.00
36677,100.00
36678,100.00
36679,100.00
36680,100.00
36681,100.00
36682,100.00
36683,100.00
36684,100.00
36685,100.00
36686,100.00
36687,100.00
36688,100.00
36689,100.00
36690,100.00
36691,100.00
36692,100.00
36693,100.00
36694,100.00
36695,100.00
36696,100.00
36697,100.00
36698,100.00
36699,100.00
36700,100.00
36701,100.00
36702,100.00
36703,100.00
36704,100.00
36705,100.00
36706,100.00
36707,100.00
36708,100.00
36709,100.00
36710,100.00
36711,100.00
36712,100.00
36713,100.00
36714,100.00
36715,100.00
36716,100.00
36717,100.00
36718,100.00
36719,100.00
36720,100.00
36721,100.00
36722,100.00
36723,100.00
36724,100.00
36725,100.00
36726,100.00
36727,100.00
36728,100.00
36729,100.00
36730,100.00
36731,100.00
36732,100.00
36733,100.00
36734,100.00
36735,100.00
36736,100.00
36737,100.00
36738,100.00
36739,100.00
36740,100.00
36741,100.00
36742,100.00
36743,100.00
36744,100.00
36745,100.00
36746,100.00
36747,100.00
36748,100.00
36749,100.00
36750,100.00
36751,100.00
36752,100.00
36753,100.00
36754,100.00
36755,100.00
36756,100.00
36757,100.00
36758,100.00
36759,100.00
36760,100.00
36761,100.00
36762,100.00
36763,100.00
36764,100.00
36765,100.00
36766,100.00
36767,100.00
36768,100.00
36769,100.00
36770,100.00
36771,100.00
36772,100.00
36773,100.00
36774,100.00
36775,100.00
36776,100.00
36777,100.00
36778,100.00
36779,100.00
36780,100.00
36781,100.00
36782,100.00
36783,100.00
36784,100.00
36785,100.00
36786,100.00
36787,100.00
36788,100.00
36789,100.00
36790,100.00
36791,100.00
36792,100.00
36793,100.00
36794,100.00
36795,100.00
36796,100.00
36797,100.00
36798,100.00
36799,100.00
36800,100.00
36801,100.00
36802,100.00
36803,100.00
36804,100.00
36805,100.00
36806,100.00
36807,100.00
36808,100.00
36809,100.00
36810,100.00
36811,100.00
36812,100.00
36813,100.00
36814,100.00
36815,100.00
36816,100.00
36817,100.00
36818,100.00
36819,100.00
36820,100.00
36821,100.00
36822,100.00
36823,100.00
36824,100.00
36825,100.00
36826,100.00
36827,100.00
36828,100.00
36829,100.00
36830,100.00
36831,100.00
36832,100.00
36833,100.00
36834,100.00
36835,100.00
36836,100.00
36837,100.00
36838,100.00
36839,100.00
36840,100.00
36841,100.00
36842,100.00
36843,100.00
36844,100.00
36845,100.00
36846,100.00
36847,100.00
36848,100.00
36849,100.00
36850,100.00
36851,100.00
36852,100.00
36853,100.00
36854,100.00
36855,100.00
36856,100.00
36857,100.00
36858,100.00
36859,100.00
36860,100.00
36861,100.00
36862,100.00
36863,100.00
36864,100.00
36865,100.00
36866,100.00
36867,100.00
36868,100.00
36869,100.00
36870,100.00
36871,100.00
36872,100.00
36873,100.00
36874,100.00
36875,100.00
36876,100.00
36877,100.00
36878,100.00
36879,100.00
36880,100.00
36881,100.00
36882,100.00
36883,100.00
36884,100.00
36885,100.00
36886,100.00
36887,100.00
36888,100.00
36889,100.00
36890,100.00
36891,100.00
36892,100.00
36893,100.00
36894,100.00
36895,100.00
36896,100.00
36897,100.00
36898,100.00
36899,100.00
36900,100.00
36901,100.00
36902,100.00
36903,100.00
36904,100.00
36905,100.00
36906,100.00
36907,100.00
36908,100.00
36909,100.00
36910,100.00
36911,100.00
36912,100.00
36913,100.00
36914,100.00
36915,100.00
36916,100.00
36917,100.00
36918,100.00
36919,100.00
36920,100.00
36921,100.00
36922,100.00
36923,100.00
36924,100.00
36925,100.00
36926,100.00
36927,100.00
36928,100.00
36929,100.00
36930,100.00
36931,100.00
36932,100.00
36933,100.00
36934,100.00
36935,100.00
36936,100.00
36937,100.00
36938,100.00
36939,100.00
36940,100.00
36941,100.00
36942,100.00
36943,100.00
36944,100.00
36945,100.00
36946,100.00
36947,100.00
36948,100.00
36949,100.00
36950,100.00
36951,100.00
36952,100.00
36953,100.00
36954,100.00
36955,100.00
36956,100.00
36957,100.00
36958,100.00
36959,100.00
36960,100.00
36961,100.00
36962,100.00
36963,100.00
36964,100.00
36965,100.00
36966,100.00
36967,100.00
36968,100.00
36969,100.00
36970,100.00
36971,100.00
36972,100.00
36973,100.00
36974,100.00
36975,100.00
36976,100.00
36977,100.00
36978,100.00
36979,100.00
36980,100.00
36981,100.00
36982,100.00
36983,100.00
36984,100.00
36985,100.00
36986,100.00
36987,100.00
36988,100.00
36989,100.00
36990,100.00
36991,100.00
36992,100.00
36993,100.00
36994,100.00
36995,100.00
36996,100.00
36997,100.00
36998,100.00
36999,100.00
37000,100.00
37001,100.00
37002,100.00
37003,100.00
37004,100.00
37005,100.00
37006,100.00
37007,100.00
37008,100.00
37009,100.00
37010,100.00
37011,100.00
37012,100.00
37013,100.00
37014,100.00
37015,100.00
37016,100.00
37017,100.00
37018,100.00
37019,100.00
37020,100.00
37021,100.00
37022,100.00
37023,100.00
37024,100.00
37025,100.00
37026,100.00
37027,100.00
37028,100.00
37029,100.00
37030,100.00
37031,100.00
37032,100.00
37033,100.00
37034,100.00
37035,100.00
37036,100.00
37037,100.00
37038,100.00
37039,100.00
37040,100.00
37041,100.00
37042,100.00
37043,100.00
37044,100.00
37045,100.00
37046,100.00
37047,100.00
37048,100.00
37049,100.00
37050,100.00
37051,100.00
37052,100.00
37053,100.00
37054,100.00
37055,100.00
37056,100.00
37057,100.00
37058,100.00
37059,100.00
37060,100.00
37061,100.00
37062,100.00
37063,100.00
37064,100.00
37065,100.00
37066,100.00
37067,100.00
37068,100.00
37069,100.00
37070,100.00
37071,100.00
37072,100.00
37073,100.00
37074,100.00
37075,100.00
37076,100.00
37077,100.00
37078,100.00
37079,100.00
37080,100.00
37081,100.00
37082,100.00
37083,100.00
37084,100.00
37085,100.00
37086,100.00
37087,100.00
37088,100.00
37089,100.00
37090,100.00
37091,100.00
37092,100.00
37093,100.00
37094,100.00
37095,100.00
37096,100.00
37097,100.00
37098,100.00
37099,100.00
37100,100.00
37101,100.00
37102,100.00
37103,100.00
37104,100.00
37105,100.00
37106,100.00
37107,100.00
37108,100.00
37109,100.00
37110,100.00
37111,100.00
37112,100.00
37113,100.00
37114,100.00
37115,100.00
37116,100.00
37117,100.00
37118,100.00
37119,100.00
37120,100.00
37121,100.00
37122,100.00
37123,100.00
37124,100.00
37125,100.00
37126,100.00
37127,100.00
37128,100.00
37129,100.00
37130,100.00
37131,100.00
37132,100.00
37133,100.00
37134,100.00
37135,100.00
37136,100.00
37137,100.00
37138,100.00
37139,100.00
37140,100.00
37141,100.00
37142,100.00
37143,100.00
37144,100.00
37145,100.00
37146,100.00
37147,100.00
37148,100.00
37149,100.00
37150,100.00
37151,100.00
37152,100.00
37153,100.00
37154,100.00
37155,100.00
37156,100.00
37157,100.00
37158,100.00
37159,100.00
37160,100.00
37161,100.00
37162,100.00
37163,100.00
37164,100.00
37165,100.00
37166,100.00
37167,100.00
37168,100.00
37169,100.00
37170,100.00
37171,100.00
37172,100.00
37173,100.00
37174,100.00
37175,100.00
37176,100.00
37177,100.00
37178,100.00
37179,100.00
37180,100.00
37181,100.00
37182,100.00
37183,100.00
37184,100.00
37185,100.00
37186,100.00
37187,100.00
37188,100.00
37189,100.00
37190,100.00
37191,100.00
37192,100.00
37193,100.00
37194,100.00
37195,100.00
37196,100.00
37197,100.00
37198,100.00
37199,100.00
37200,100.00
37201,100.00
37202,100.00
37203,100.00
37204,100.00
37205,100.00
37206,100.00
37207,100.00
37208,100.00
37209,100.00
37210,100.00
37211,100.00
37212,100.00
37213,100.00
37214,100.00
37215,100.00
37216,100.00
37217,100.00
37218,100.00
37219,100.00
37220,100.00
37221,100.00
37222,100.00
37223,100.00
37224,100.00
37225,100.00
37226,100.00
37227,100.00
37228,100.00
37229,100.00
37230,100.00
37231,100.00
37232,100.00
37233,100.00
37234,100.00
37235,100.00
37236,100.00
37237,100.00
37238,100.00
37239,100.00
37240,100.00
37241,100.00
37242,100.00
37243,100.00
37244,100.00
37245,100.00
37246,100.00
37247,100.00
37248,100.00
37249,100.00
37250,100.00
37251,100.00
37252,100.00
37253,100.00
37254,100.00
37255,100.00
37256,100.00
37257,100.00
37258,100.00
37259,100.00
37260,100.00
37261,100.00
37262,100.00
37263,100.00
37264,100.00
37265,100.00
37266,100.00
37267,100.00
37268,100.00
37269,100.00
37270,100.00
37271,100.00
37272,100.00
37273,100.00
37274,100.00
37275,100.00
37276,100.00
37277,100.00
37278,100.00
37279,100.00
37280,100.00
37281,100.00
37282,100.00
37283,100.00
37284,100.00
37285,100.00
37286,100.00
37287,100.00
37288,100.00
37289,100.00
37290,100.00
37291,100.00
37292,100.00
37293,100.00
37294,100.00
37295,100.00
37296,100.00
37297,100.00
37298,100.00
37299,100.00
37300,100.00
37301,100.00
37302,100.00
37303,100.00
37304,100.00
37305,100.00
37306,100.00
37307,100.00
37308,100.00
37309,100.00
37310,100.00
37311,100.00
37312,100.00
37313,100.00
37314,100.00
37315,100.00
37316,100.00
37317,100.00
37318,100.00
37319,100.00
37320,100.00
37321,100.00
37322,100.00
37323,100.00
37324,100.00
37325,100.00
37326,100.00
37327,100.00
37328,100.00
37329,100.00
37330,100.00
37331,100.00
37332,100.00
37333,100.00
37334,100.00
37335,100.00
37336,100.00
37337,100.00
37338,100.00
37339,100.00
37340,100.00
37341,100.00
37342,100.00
37343,100.00
37344,100.00
37345,100.00
37346,100.00
37347,100.00
37348,100.00
37349,100.00
37350,100.00
37351,100.00
37352,100.00
37353,100.00
37354,100.00
37355,100.00
37356,100.00
37357,100.00
37358,100.00
37359,100.00
37360,100.00
37361,100.00
37362,100.00
37363,100.00
37364,100.00
37365,100.00
37366,100.00
37367,100.00
37368,100.00
37369,100.00
37370,100.00
37371,100.00
37372,100.00
37373,100.00
37374,100.00
37375,100.00
37376,100.00
37377,100.00
37378,100.00
37379,100.00
37380,100.00
37381,100.00
37382,100.00
37383,100.00
37384,100.00
37385,100.00
37386,100.00
37387,100.00
37388,100.00
37389,100.00
37390,100.00
37391,100.00
37392,100.00
37393,100.00
37394,100.00
37395,100.00
37396,100.00
37397,100.00
37398,100.00
37399,100.00
37400,100.00
37401,100.00
37402,100.00
37403,100.00
37404,100.00
37405,100.00
37406,100.00
37407,100.00
37408,100.00
37409,100.00
37410,100.00
37411,100.00
37412,100.00
37413,100.00
37414,100.00
37415,100.00
37416,100.00
37417,100.00
37418,100.00
37419,100.00
37420,100.00
37421,100.00
37422,100.00
37423,100.00
37424,100.00
37425,100.00
37426,100.00
37427,100.00
37428,100.00
37429,100.00
37430,100.00
37431,100.00
37432,100.00
37433,100.00
37434,100.00
37435,100.00
37436,100.00
37437,100.00
37438,100.00
37439,100.00
37440,100.00
37441,100.00
37442,100.00
37443,100.00
37444,100.00
37445,100.00
37446,100.00
37447,100.00
37448,100.00
37449,100.00
37450,100.00
37451,100.00
37452,100.00
37453,100.00
37454,100.00
37455,100.00
37456,100.00
37457,100.00
37458,100.00
37459,100.00
37460,100.00
37461,100.00
37462,100.00
37463,100.00
37464,100.00
37465,100.00
37466,100.00
37467,100.00
37468,100.00
37469,100.00
37470,100.00
37471,100.00
37472,100.00
37473,100.00
37474,100.00
37475,100.00
37476,100.00
37477,100.00
37478,100.00
37479,100.00
37480,100.00
37481,100.00
37482,100.00
37483,100.00
37484,100.00
37485,100.00
37486,100.00
37487,100.00
37488,100.00
37489,100.00
37490,100.00
37491,100.00
37492,100.00
37493,100.00
37494,100.00
37495,100.00
37496,100.00
37497,100.00
37498,100.00
37499,100.00
37500,100.00
37501,100.00
37502,100.00
37503,100.00
37504,100.00
37505,100.00
37506,100.00
37507,100.00
37508,100.00
37509,100.00
37510,100.00
37511,100.00
37512,100.00
37513,100.00
37514,100.00
37515,100.00
37516,100.00
37517,100.00
37518,100.00
37519,100.00
37520,100.00
37521,100.00
37522,100.00
37523,100.00
37524,100.00
37525,100.00
37526,100.00
37527,100.00
37528,100.00
37529,100.00
37530,100.00
37531,100.00
37532,100.00
37533,100.00
37534,100.00
37535,100.00
37536,100.00
37537,100.00
37538,100.00
37539,100.00
37540,100.00
37541,100.00
37542,100.00
37543,100.00
37544,100.00
37545,100.00
37546,100.00
37547,100.00
37548,100.00
37549,100.00
37550,100.00
37551,100.00
37552,100.00
37553,100.00
37554,100.00
37555,100.00
37556,100.00
37557,100.00
37558,100.00
37559,100.00
37560,100.00
37561,100.00
37562,100.00
37563,100.00
37564,100.00
37565,100.00
37566,100.00
37567,100.00
37568,100.00
37569,100.00
37570,100.00
37571,100.00
37572,100.00
37573,100.00
37574,100.00
37575,100.00
37576,100.00
37577,100.00
37578,100.00
37579,100.00
37580,100.00
37581,100.00
37582,100.00
37583,100.00
37584,100.00
37585,100.00
37586,100.00
37587,100.00
37588,100.00
37589,100.00
37590,100.00
37591,100.00
37592,100.00
37593,100.00
37594,100.00
37595,100.00
37596,100.00
37597,100.00
37598,100.00
37599,100.00
37600,100.00
37601,100.00
37602,100.00
37603,100.00
37604,100.00
37605,100.00
37606,100.00
37607,100.00
37608,100.00
37609,100.00
37610,100.00
37611,100.00
37612,100.00
37613,100.00
37614,100.00
37615,100.00
37616,100.00
37617,100.00
37618,100.00
37619,100.00
37620,100.00
37621,100.00
37622,100.00
37623,100.00
37624,100.00
37625,100.00
37626,100.00
37627,100.00
37628,100.00
37629,100.00
37630,100.00
37631,100.00
37632,100.00
37633,100.00
37634,100.00
37635,100.00
37636,100.00
37637,100.00
37638,100.00
37639,100.00
37640,100.00
37641,100.00
37642,100.00
37643,100.00
37644,100.00
37645,100.00
37646,100.00
37647,100.00
37648,100.00
37649,100.00
37650,100.00
37651,100.00
37652,100.00
37653,100.00
37654,100.00
37655,100.00
37656,100.00
37657,100.00
37658,100.00
37659,100.00
37660,100.00
37661,100.00
37662,100.00
37663,100.00
37664,100.00
37665,100.00
37666,100.00
37667,100.00
37668,100.00
37669,100.00
37670,100.00
37671,100.00
37672,100.00
37673,100.00
37674,100.00
37675,100.00
37676,100.00
37677,100.00
37678,100.00
37679,100.00
37680,100.00
37681,100.00
37682,100.00
37683,100.00
37684,100.00
37685,100.00
37686,100.00
37687,100.00
37688,100.00
37689,100.00
37690,100.00
37691,100.00
37692,100.00
37693,100.00
37694,100.00
37695,100.00
37696,100.00
37697,100.00
37698,100.00
37699,100.00
37700,100.00
37701,100.00
37702,100.00
37703,100.00
37704,100.00
37705,100.00
37706,100.00
37707,100.00
37708,100.00
37709,100.00
37710,100.00
37711,100.00
37712,100.00
37713,100.00
37714,100.00
37715,100.00
37716,100.00
37717,100.00
37718,100.00
37719,100.00
37720,100.00
37721,100.00
37722,100.00
37723,100.00
37724,100.00
37725,100.00
37726,100.00
37727,100.00
37728,100.00
37729,100.00
37730,100.00
37731,100.00
37732,100.00
37733,100.00
37734,100.00
37735,100.00
37736,100.00
37737,100.00
37738,100.00
37739,100.00
37740,100.00
37741,100.00
37742,100.00
37743,100.00
37744,100.00
37745,100.00
37746,100.00
37747,100.00
37748,100.00
37749,100.00
37750,100.00
37751,100.00
37752,100.00
37753,100.00
37754,100.00
37755,100.00
37756,100.00
37757,100.00
37758,100.00
37759,100.00
37760,100.00
37761,100.00
37762,100.00
37763,100.00
37764,100.00
37765,100.00
37766,100.00
37767,100.00
37768,100.00
37769,100.00
37770,100.00
37771,100.00
37772,100.00
37773,100.00
37774,100.00
37775,100.00
37776,100.00
37777,100.00
37778,100.00
37779,100.00
37780,100.00
37781,100.00
37782,100.00
37783,100.00
37784,100.00
37785,100.00
37786,100.00
37787,100.00
37788,100.00
37789,100.00
37790,100.00
37791,100.00
37792,100.00
37793,100.00
37794,100.00
37795,100.00
37796,100.00
37797,100.00
37798,100.00
37799,100.00
37800,100.00
37801,100.00
37802,100.00
37803,100.00
37804,100.00
37805,100.00
37806,100.00
37807,100.00
37808,100.00
37809,100.00
37810,100.00
37811,100.00
37812,100.00
37813,100.00
37814,100.00
37815,100.00
37816,100.00
37817,100.00
37818,100.00
37819,100.00
37820,100.00
37821,100.00
37822,100.00
37823,100.00
37824,100.00
37825,100.00
37826,100.00
37827,100.00
37828,100.00
37829,100.00
37830,100.00
37831,100.00
37832,100.00
37833,100.00
37834,100.00
37835,100.00
37836,100.00
37837,100.00
37838,100.00
37839,100.00
37840,100.00
37841,100.00
37842,100.00
37843,100.00
37844,100.00
37845,100.00
37846,100.00
37847,100.00
37848,100.00
37849,100.00
37850,100.00
37851,100.00
37852,100.00
37853,100.00
37854,100.00
37855,100.00
37856,100.00
37857,100.00
37858,100.00
37859,100.00
37860,100.00
37861,100.00
37862,100.00
37863,100.00
37864,100.00
37865,100.00
37866,100.00
37867,100.00
37868,100.00
37869,100.00
37870,100.00
37871,100.00
37872,100.00
37873,100.00
37874,100.00
37875,100.00
37876,100.00
37877,100.00
37878,100.00
37879,100.00
37880,100.00
37881,100.00
37882,100.00
37883,100.00
37884,100.00
37885,100.00
37886,100.00
37887,100.00
37888,100.00
37889,100.00
37890,100.00
37891,100.00
37892,100.00
37893,100.00
37894,100.00
37895,100.00
37896,100.00
37897,100.00
37898,100.00
37899,100.00
37900,100.00
37901,100.00
37902,100.00
37903,100.00
37904,100.00
37905,100.00
37906,100.00
37907,100.00
37908,100.00
37909,100.00
37910,100.00
37911,100.00
37912,100.00
37913,100.00
37914,100.00
37915,100.00
37916,100.00
37917,100.00
37918,100.00
37919,100.00
37920,100.00
37921,100.00
37922,100.00
37923,100.00
37924,100.00
37925,100.00
37926,100.00
37927,100.00
37928,100.00
37929,100.00
37930,100.00
37931,100.00
37932,100.00
37933,100.00
37934,100.00
37935,100.00
37936,100.00
37937,100.00
37938,100.00
37939,100.00
37940,100.00
37941,100.00
37942,100.00
37943,100.00
37944,100.00
37945,100.00
37946,100.00
37947,100.00
37948,100.00
37949,100.00
37950,100.00
37951,100.00
37952,100.00
37953,100.00
37954,100.00
37955,100.00
37956,100.00
37957,100.00
37958,100.00
37959,100.00
37960,100.00
37961,100.00
37962,100.00
37963,100.00
37964,100.00
37965,100.00
37966,100.00
37967,100.00
37968,100.00
37969,100.00
37970,100.00
37971,100.00
37972,100.00
37973,100.00
37974,100.00
37975,100.00
37976,100.00
37977,100.00
37978,100.00
37979,100.00
37980,100.00
37981,100.00
37982,100.00
37983,100.00
37984,100.00
37985,100.00
37986,100.00
37987,100.00
37988,100.00
37989,100.00
37990,100.00
37991,100.00
37992,100.00
37993,100.00
37994,100.00
37995,100.00
37996,100.00
37997,100.00
37998,100.00
37999,100.00
38000,100.00
38001,100.00
38002,100.00
38003,100.00
38004,100.00
38005,100.00
38006,100.00
38007,100.00
38008,100.00
38009,100.00
38010,100.00
38011,100.00
38012,100.00
38013,100.00
38014,100.00
38015,100.00
38016,100.00
38017,100.00
38018,100.00
38019,100.00
38020,100.00
38021,100.00
38022,100.00
38023,100.00
38024,100.00
38025,100.00
38026,100.00
38027,100.00
38028,100.00
38029,100.00
38030,100.00
38031,100.00
38032,100.00
38033,100.00
38034,100.00
38035,100.00
38036,100.00
38037,100.00
38038,100.00
38039,100.00
38040,100.00
38041,100.00
38042,100.00
38043,100.00
38044,100.00
38045,100.00
38046,100.00
38047,100.00
38048,100.00
38049,100.00
38050,100.00
38051,100.00
38052,100.00
38053,100.00
38054,100.00
38055,100.00
38056,100.00
38057,100.00
38058,100.00
38059,100.00
38060,100.00
38061,100.00
38062,100.00
38063,100.00
38064,100.00
38065,100.00
38066,100.00
38067,100.00
38068,100.00
38069,100.00
38070,100.00
38071,100.00
38072,100.00
38073,100.00
38074,100.00
38075,100.00
38076,100.00
38077,100.00
38078,100.00
38079,100.00
38080,100.00
38081,100.00
38082,100.00
38083,100.00
38084,100.00
38085,100.00
38086,100.00
38087,100.00
38088,100.00
38089,100.00
38090,100.00
38091,100.00
38092,100.00
38093,100.00
38094,100.00
38095,100.00
38096,100.00
38097,100.00
38098,100.00
38099,100.00
38100,100.00
38101,100.00
38102,100.00
38103,100.00
38104,100.00
38105,100.00
38106,100.00
38107,100.00
38108,100.00
38109,100.00
38110,100.00
38111,100.00
38112,100.00
38113,100.00
38114,100.00
38115,100.00
38116,100.00
38117,100.00
38118,100.00
38119,100.00
38120,100.00
38121,100.00
38122,100.00
38123,100.00
38124,100.00
38125,100.00
38126,100.00
38127,100.00
38128,100.00
38129,100.00
38130,100.00
38131,100.00
38132,100.00
38133,100.00
38134,100.00
38135,100.00
38136,100.00
38137,100.00
38138,100.00
38139,100.00
38140,100.00
38141,100.00
38142,100.00
38143,100.00
38144,100.00
38145,100.00
38146,100.00
38147,100.00
38148,100.00
38149,100.00
38150,100.00
38151,100.00
38152,100.00
38153,100.00
38154,100.00
38155,100.00
38156,100.00
38157,100.00
38158,100.00
38159,100.00
38160,100.00
38161,100.00
38162,100.00
38163,100.00
38164,100.00
38165,100.00
38166,100.00
38167,100.00
38168,100.00
38169,100.00
38170,100.00
38171,100.00
38172,100.00
38173,100.00
38174,100.00
38175,100.00
38176,100.00
38177,100.00
38178,100.00
38179,100.00
38180,100.00
38181,100.00
38182,100.00
38183,100.00
38184,100.00
38185,100.00
38186,100.00
38187,100.00
38188,100.00
38189,100.00
38190,100.00
38191,100.00
38192,100.00
38193,100.00
38194,100.00
38195,100.00
38196,100.00
38197,100.00
38198,100.00
38199,100.00
38200,100.00
38201,100.00
38202,100.00
38203,100.00
38204,100.00
38205,100.00
38206,100.00
38207,100.00
38208,100.00
38209,100.00
38210,100.00
38211,100.00
38212,100.00
38213,100.00
38214,100.00
38215,100.00
38216,100.00
38217,100.00
38218,100.00
38219,100.00
38220,100.00
38221,100.00
38222,100.00
38223,100.00
38224,100.00
38225,100.00
38226,100.00
38227,100.00
38228,100.00
38229,100.00
38230,100.00
38231,100.00
38232,100.00
38233,100.00
38234,100.00
38235,100.00
38236,100.00
38237,100.00
38238,100.00
38239,100.00
38240,100.00
38241,100.00
38242,100.00
38243,100.00
38244,100.00
38245,100.00
38246,100.00
38247,100.00
38248,100.00
38249,100.00
38250,100.00
38251,100.00
38252,100.00
38253,100.00
38254,100.00
38255,100.00
38256,100.00
38257,100.00
38258,100.00
38259,100.00
38260,100.00
38261,100.00
38262,100.00
38263,100.00
38264,100.00
38265,100.00
38266,100.00
38267,100.00
38268,100.00
38269,100.00
38270,100.00
38271,100.00
38272,100.00
38273,100.00
38274,100.00
38275,100.00
38276,100.00
38277,100.00
38278,100.00
38279,100.00
38280,100.00
38281,100.00
38282,100.00
38283,100.00
38284,100.00
38285,100.00
38286,100.00
38287,100.00
38288,100.00
38289,100.00
38290,100.00
38291,100.00
38292,100.00
38293,100.00
38294,100.00
38295,100.00
38296,100.00
38297,100.00
38298,100.00
38299,100.00
38300,100.00
38301,100.00
38302,100.00
38303,100.00
38304,100.00
38305,100.00
38306,100.00
38307,100.00
38308,100.00
38309,100.00
38310,100.00
38311,100.00
38312,100.00
38313,100.00
38314,100.00
38315,100.00
38316,100.00
38317,100.00
38318,100.00
38319,100.00
38320,100.00
38321,100.00
38322,100.00
38323,100.00
38324,100.00
38325,100.00
38326,100.00
38327,100.00
38328,100.00
38329,100.00
38330,100.00
38331,100.00
38332,100.00
38333,100.00
38334,100.00
38335,100.00
38336,100.00
38337,100.00
38338,100.00
38339,100.00
38340,100.00
38341,100.00
38342,100.00
38343,100.00
38344,100.00
38345,100.00
38346,100.00
38347,100.00
38348,100.00
38349,100.00
38350,100.00
38351,100.00
38352,100.00
38353,100.00
38354,100.00
38355,100.00
38356,100.00
38357,100.00
38358,100.00
38359,100.00
38360,100.00
38361,100.00
38362,100.00
38363,100.00
38364,100.00
38365,100.00
38366,100.00
38367,100.00
38368,100.00
38369,100.00
38370,100.00
38371,100.00
38372,100.00
38373,100.00
38374,100.00
38375,100.00
38376,100.00
38377,100.00
38378,100.00
38379,100.00
38380,100.00
38381,100.00
38382,100.00
38383,100.00
38384,100.00
38385,100.00
38386,100.00
38387,100.00
38388,100.00
38389,100.00
38390,100.00
38391,100.00
38392,100.00
38393,100.00
38394,100.00
38395,100.00
38396,100.00
38397,100.00
38398,100.00
38399,100.00
38400,100.00
38401,100.00
38402,100.00
38403,100.00
38404,100.00
38405,100.00
38406,100.00
38407,100.00
38408,100.00
38409,100.00
38410,100.00
38411,100.00
38412,100.00
38413,100.00
38414,100.00
38415,100.00
38416,100.00
38417,100.00
38418,100.00
38419,100.00
38420,100.00
38421,100.00
38422,100.00
38423,100.00
38424,100.00
38425,100.00
38426,100.00
38427,100.00
38428,100.00
38429,100.00
38430,100.00
38431,100.00
38432,100.00
38433,100.00
38434,100.00
38435,100.00
38436,100.00
38437,100.00
38438,100.00
38439,100.00
38440,100.00
38441,100.00
38442,100.00
38443,100.00
38444,100.00
38445,100.00
38446,100.00
38447,100.00
38448,100.00
38449,100.00
38450,100.00
38451,100.00
38452,100.00
38453,100.00
38454,100.00
38455,100.00
38456,100.00
38457,100.00
38458,100.00
38459,100.00
38460,100.00
38461,100.00
38462,100.00
38463,100.00
38464,100.00
38465,100.00
38466,100.00
38467,100.00
38468,100.00
38469,100.00
38470,100.00
38471,100.00
38472,100.00
38473,100.00
38474,100.00
38475,100.00
38476,100.00
38477,100.00
38478,100.00
38479,100.00
38480,100.00
38481,100.00
38482,100.00
38483,100.00
38484,100.00
38485,100.00
38486,100.00
38487,100.00
38488,100.00
38489,100.00
38490,100.00
38491,100.00
38492,100.00
38493,100.00
38494,100.00
38495,100.00
38496,100.00
38497,100.00
38498,100.00
38499,100.00
38500,100.00
38501,100.00
38502,100.00
38503,100.00
38504,100.00
38505,100.00
38506,100.00
38507,100.00
38508,100.00
38509,100.00
38510,100.00
38511,100.00
38512,100.00
38513,100.00
38514,100.00
38515,100.00
38516,100.00
38517,100.00
38518,100.00
38519,100.00
38520,100.00
38521,100.00
38522,100.00
38523,100.00
38524,100.00
38525,100.00
38526,100.00
38527,100.00
38528,100.00
38529,100.00
38530,100.00
38531,100.00
38532,100.00
38533,100.00
38534,100.00
38535,100.00
38536,100.00
38537,100.00
38538,100.00
38539,100.00
38540,100.00
38541,100.00
38542,100.00
38543,100.00
38544,100.00
38545,100.00
38546,100.00
38547,100.00
38548,100.00
38549,100.00
38550,100.00
38551,100.00
38552,100.00
38553,100.00
38554,100.00
38555,100.00
38556,100.00
38557,100.00
38558,100.00
38559,100.00
38560,100.00
38561,100.00
38562,100.00
38563,100.00
38564,100.00
38565,100.00
38566,100.00
38567,100.00
38568,100.00
38569,100.00
38570,100.00
38571,100.00
38572,100.00
38573,100.00
38574,100.00
38575,100.00
38576,100.00
38577,100.00
38578,100.00
38579,100.00
38580,100.00
38581,100.00
38582,100.00
38583,100.00
38584,100.00
38585,100.00
38586,100.00
38587,100.00
38588,100.00
38589,100.00
38590,100.00
38591,100.00
38592,100.00
38593,100.00
38594,100.00
38595,100.00
38596,100.00
38597,100.00
38598,100.00
38599,100.00
38600,100.00
38601,100.00
38602,100.00
38603,100.00
38604,100.00
38605,100.00
38606,100.00
38607,100.00
38608,100.00
38609,100.00
38610,100.00
38611,100.00
38612,100.00
38613,100.00
38614,100.00
38615,100.00
38616,100.00
38617,100.00
38618,100.00
38619,100.00
38620,100.00
38621,100.00
38622,100.00
38623,100.00
38624,100.00
38625,100.00
38626,100.00
38627,100.00
38628,100.00
38629,100.00
38630,100.00
38631,100.00
38632,100.00
38633,100.00
38634,100.00
38635,100.00
38636,100.00
38637,100.00
38638,100.00
38639,100.00
38640,100.00
38641,100.00
38642,100.00
38643,100.00
38644,100.00
38645,100.00
38646,100.00
38647,100.00
38648,100.00
38649,100.00
38650,100.00
38651,100.00
38652,100.00
38653,100.00
38654,100.00
38655,100.00
38656,100.00
38657,100.00
38658,100.00
38659,100.00
38660,100.00
38661,100.00
38662,100.00
38663,100.00
38664,100.00
38665,100.00
38666,100.00
38667,100.00
38668,100.00
38669,100.00
38670,100.00
38671,100.00
38672,100.00
38673,100.00
38674,100.00
38675,100.00
38676,100.00
38677,100.00
38678,100.00
38679,100.00
38680,100.00
38681,100.00
38682,100.00
38683,100.00
38684,100.00
38685,100.00
38686,100.00
38687,100.00
38688,100.00
38689,100.00
38690,100.00
38691,100.00
38692,100.00
38693,100.00
38694,100.00
38695,100.00
38696,100.00
38697,100.00
38698,100.00
38699,100.00
38700,100.00
38701,100.00
38702,100.00
38703,100.00
38704,100.00
38705,100.00
38706,100.00
38707,100.00
38708,100.00
38709,100.00
38710,100.00
38711,100.00
38712,100.00
38713,100.00
38714,100.00
38715,100.00
38716,100.00
38717,100.00
38718,100.00
38719,100.00
38720,100.00
38721,100.00
38722,100.00
38723,100.00
38724,100.00
38725,100.00
38726,100.00
38727,100.00
38728,100.00
38729,100.00
38730,100.00
38731,100.00
38732,100.00
38733,100.00
38734,100.00
38735,100.00
38736,100.00
38737,100.00
38738,100.00
38739,100.00
38740,100.00
38741,100.00
38742,100.00
38743,100.00
38744,100.00
38745,100.00
38746,100.00
38747,100.00
38748,100.00
38749,100.00
38750,100.00
38751,100.00
38752,100.00
38753,100.00
38754,100.00
38755,100.00
38756,100.00
38757,100.00
38758,100.00
38759,100.00
38760,100.00
38761,100.00
38762,100.00
38763,100.00
38764,100.00
38765,100.00
38766,100.00
38767,100.00
38768,100.00
38769,100.00
38770,100.00
38771,100.00
38772,100.00
38773,100.00
38774,100.00
38775,100.00
38776,100.00
38777,100.00
38778,100.00
38779,100.00
38780,100.00
38781,100.00
38782,100.00
38783,100.00
38784,100.00
38785,100.00
38786,100.00
38787,100.00
38788,100.00
38789,100.00
38790,100.00
38791,100.00
38792,100.00
38793,100.00
38794,100.00
38795,100.00
38796,100.00
38797,100.00
38798,100.00
38799,100.00
38800,100.00
38801,100.00
38802,100.00
38803,100.00
38804,100.00
38805,100.00
38806,100.00
38807,100.00
38808,100.00
38809,100.00
38810,100.00
38811,100.00
38812,100.00
38813,100.00
38814,100.00
38815,100.00
38816,100.00
38817,100.00
38818,100.00
38819,100.00
38820,100.00
38821,100.00
38822,100.00
38823,100.00
38824,100.00
38825,100.00
38826,100.00
38827,100.00
38828,100.00
38829,100.00
38830,100.00
38831,100.00
38832,100.00
38833,100.00
38834,100.00
38835,100.00
38836,100.00
38837,100.00
38838,100.00
38839,100.00
38840,100.00
38841,100.00
38842,100.00
38843,100.00
38844,100.00
38845,100.00
38846,100.00
38847,100.00
38848,100.00
38849,100.00
38850,100.00
38851,100.00
38852,100.00
38853,100.00
38854,100.00
38855,100.00
38856,100.00
38857,100.00
38858,100.00
38859,100.00
38860,100.00
38861,100.00
38862,100.00
38863,100.00
38864,100.00
38865,100.00
38866,100.00
38867,100.00
38868,100.00
38869,100.00
38870,100.00
38871,100.00
38872,100.00
38873,100.00
38874,100.00
38875,100.00
38876,100.00
38877,100.00
38878,100.00
38879,100.00
38880,100.00
38881,100.00
38882,100.00
38883,100.00
38884,100.00
38885,100.00
38886,100.00
38887,100.00
38888,100.00
38889,100.00
38890,100.00
38891,100.00
38892,100.00
38893,100.00
38894,100.00
38895,100.00
38896,100.00
38897,100.00
38898,100.00
38899,100.00
38900,100.00
38901,100.00
38902,100.00
38903,100.00
38904,100.00
38905,100.00
38906,100.00
38907,100.00
38908,100.00
38909,100.00
38910,100.00
38911,100.00
38912,100.00
38913,100.00
38914,100.00
38915,100.00
38916,100.00
38917,100.00
38918,100.00
38919,100.00
38920,100.00
38921,100.00
38922,100.00
38923,100.00
38924,100.00
38925,100.00
38926,100.00
38927,100.00
38928,100.00
38929,100.00
38930,100.00
38931,100.00
38932,100.00
38933,100.00
38934,100.00
38935,100.00
38936,100.00
38937,100.00
38938,100.00
38939,100.00
38940,100.00
38941,100.00
38942,100.00
38943,100.00
38944,100.00
38945,100.00
38946,100.00
38947,100.00
38948,100.00
38949,100.00
38950,100.00
38951,100.00
38952,100.00
38953,100.00
38954,100.00
38955,100.00
38956,100.00
38957,100.00
38958,100.00
38959,100.00
38960,100.00
38961,100.00
38962,100.00
38963,100.00
38964,100.00
38965,100.00
38966,100.00
38967,100.00
38968,100.00
38969,100.00
38970,100.00
38971,100.00
38972,100.00
38973,100.00
38974,100.00
38975,100.00
38976,100.00
38977,100.00
38978,100.00
38979,100.00
38980,100.00
38981,100.00
38982,100.00
38983,100.00
38984,100.00
38985,100.00
38986,100.00
38987,100.00
38988,100.00
38989,100.00
38990,100.00
38991,100.00
38992,100.00
38993,100.00
38994,100.00
38995,100.00
38996,100.00
38997,100.00
38998,100.00
38999,100.00
39000,100.00
39001,100.00
39002,100.00
39003,100.00
39004,100.00
39005,100.00
39006,100.00
39007,100.00
39008,100.00
39009,100.00
39010,100.00
39011,100.00
39012,100.00
39013,100.00
39014,100.00
39015,100.00
39016,100.00
39017,100.00
39018,100.00
39019,100.00
39020,100.00
39021,100.00
39022,100.00
39023,100.00
39024,100.00
39025,100.00
39026,100.00
39027,100.00
39028,100.00
39029,100.00
39030,100.00
39031,100.00
39032,100.00
39033,100.00
39034,100.00
39035,100.00
39036,100.00
39037,100.00
39038,100.00
39039,100.00
39040,100.00
39041,100.00
39042,100.00
39043,100.00
39044,100.00
39045,100.00
39046,100.00
39047,100.00
39048,100.00
39049,100.00
39050,100.00
39051,100.00
39052,100.00
39053,100.00
39054,100.00
39055,100.00
39056,100.00
39057,100.00
39058,100.00
39059,100.00
39060,100.00
39061,100.00
39062,100.00
39063,100.00
39064,100.00
39065,100.00
39066,100.00
39067,100.00
39068,100.00
39069,100.00
39070,100.00
39071,100.00
39072,100.00
39073,100.00
39074,100.00
39075,100.00
39076,100.00
39077,100.00
39078,100.00
39079,100.00
39080,100.00
39081,100.00
39082,100.00
39083,100.00
39084,100.00
39085,100.00
39086,100.00
39087,100.00
39088,100.00
39089,100.00
39090,100.00
39091,100.00
39092,100.00
39093,100.00
39094,100.00
39095,100.00
39096,100.00
39097,100.00
39098,100.00
39099,100.00
39100,100.00
39101,100.00
39102,100.00
39103,100.00
39104,100.00
39105,100.00
39106,100.00
39107,100.00
39108,100.00
39109,100.00
39110,100.00
39111,100.00
39112,100.00
39113,100.00
39114,100.00
39115,100.00
39116,100.00
39117,100.00
39118,100.00
39119,100.00
39120,100.00
39121,100.00
39122,100.00
39123,100.00
39124,100.00
39125,100.00
39126,100.00
39127,100.00
39128,100.00
39129,100.00
39130,100.00
39131,100.00
39132,100.00
39133,100.00
39134,100.00
39135,100.00
39136,100.00
39137,100.00
39138,100.00
39139,100.00
39140,100.00
39141,100.00
39142,100.00
39143,100.00
39144,100.00
39145,100.00
39146,100.00
39147,100.00
39148,100.00
39149,100.00
39150,100.00
39151,100.00
39152,100.00
39153,100.00
39154,100.00
39155,100.00
39156,100.00
39157,100.00
39158,100.00
39159,100.00
39160,100.00
39161,100.00
39162,100.00
39163,100.00
39164,100.00
39165,100.00
39166,100.00
39167,100.00
39168,100.00
39169,100.00
39170,100.00
39171,100.00
39172,100.00
39173,100.00
39174,100.00
39175,100.00
39176,100.00
39177,100.00
39178,100.00
39179,100.00
39180,100.00
39181,100.00
39182,100.00
39183,100.00
39184,100.00
39185,100.00
39186,100.00
39187,100.00
39188,100.00
39189,100.00
39190,100.00
39191,100.00
39192,100.00
39193,100.00
39194,100.00
39195,100.00
39196,100.00
39197,100.00
39198,100.00
39199,100.00
39200,100.00
39201,100.00
39202,100.00
39203,100.00
39204,100.00
39205,100.00
39206,100.00
39207,100.00
39208,100.00
39209,100.00
39210,100.00
39211,100.00
39212,100.00
39213,100.00
39214,100.00
39215,100.00
39216,100.00
39217,100.00
39218,100.00
39219,100.00
39220,100.00
39221,100.00
39222,100.00
39223,100.00
39224,100.00
39225,100.00
39226,100.00
39227,100.00
39228,100.00
39229,100.00
39230,100.00
39231,100.00
39232,100.00
39233,100.00
39234,100.00
39235,100.00
39236,100.00
39237,100.00
39238,100.00
39239,100.00
39240,100.00
39241,100.00
39242,100.00
39243,100.00
39244,100.00
39245,100.00
39246,100.00
39247,100.00
39248,100.00
39249,100.00
39250,100.00
39251,100.00
39252,100.00
39253,100.00
39254,100.00
39255,100.00
39256,100.00
39257,100.00
39258,100.00
39259,100.00
39260,100.00
39261,100.00
39262,100.00
39263,100.00
39264,100.00
39265,100.00
39266,100.00
39267,100.00
39268,100.00
39269,100.00
39270,100.00
39271,100.00
39272,100.00
39273,100.00
39274,100.00
39275,100.00
39276,100.00
39277,100.00
39278,100.00
39279,100.00
39280,100.00
39281,100.00
39282,100.00
39283,100.00
39284,100.00
39285,100.00
39286,100.00
39287,100.00
39288,100.00
39289,100.00
39290,100.00
39291,100.00
39292,100.00
39293,100.00
39294,100.00
39295,100.00
39296,100.00
39297,100.00
39298,100.00
39299,100.00
39300,100.00
39301,100.00
39302,100.00
39303,100.00
39304,100.00
39305,100.00
39306,100.00
39307,100.00
39308,100.00
39309,100.00
39310,100.00
39311,100.00
39312,100.00
39313,100.00
39314,100.00
39315,100.00
39316,100.00
39317,100.00
39318,100.00
39319,100.00
39320,100.00
39321,100.00
39322,100.00
39323,100.00
39324,100.00
39325,100.00
39326,100.00
39327,100.00
39328,100.00
39329,100.00
39330,100.00
39331,100.00
39332,100.00
39333,100.00
39334,100.00
39335,100.00
39336,100.00
39337,100.00
39338,100.00
39339,100.00
39340,100.00
39341,100.00
39342,100.00
39343,100.00
39344,100.00
39345,100.00
39346,100.00
39347,100.00
39348,100.00
39349,100.00
39350,100.00
39351,100.00
39352,100.00
39353,100.00
39354,100.00
39355,100.00
39356,100.00
39357,100.00
39358,100.00
39359,100.00
39360,100.00
39361,100.00
39362,100.00
39363,100.00
39364,100.00
39365,100.00
39366,100.00
39367,100.00
39368,100.00
39369,100.00
39370,100.00
39371,100.00
39372,100.00
39373,100.00
39374,100.00
39375,100.00
39376,100.00
39377,100.00
39378,100.00
39379,100.00
39380,100.00
39381,100.00
39382,100.00
39383,100.00
39384,100.00
39385,100.00
39386,100.00
39387,100.00
39388,100.00
39389,100.00
39390,100.00
39391,100.00
39392,100.00
39393,100.00
39394,100.00
39395,100.00
39396,100.00
39397,100.00
39398,100.00
39399,100.00
39400,100.00
39401,100.00
39402,100.00
39403,100.00
39404,100.00
39405,100.00
39406,100.00
39407,100.00
39408,100.00
39409,100.00
39410,100.00
39411,100.00
39412,100.00
39413,100.00
39414,100.00
39415,100.00
39416,100.00
39417,100.00
39418,100.00
39419,100.00
39420,100.00
39421,100.00
39422,100.00
39423,100.00
39424,100.00
39425,100.00
39426,100.00
39427,100.00
39428,100.00
39429,100.00
39430,100.00
39431,100.00
39432,100.00
39433,100.00
39434,100.00
39435,100.00
39436,100.00
39437,100.00
39438,100.00
39439,100.00
39440,100.00
39441,100.00
39442,100.00
39443,100.00
39444,100.00
39445,100.00
39446,100.00
39447,100.00
39448,100.00
39449,100.00
39450,100.00
39451,100.00
39452,100.00
39453,100.00
39454,100.00
39455,100.00
39456,100.00
39457,100.00
39458,100.00
39459,100.00
39460,100.00
39461,100.00
39462,100.00
39463,100.00
39464,100.00
39465,100.00
39466,100.00
39467,100.00
39468,100.00
39469,100.00
39470,100.00
39471,100.00
39472,100.00
39473,100.00
39474,100.00
39475,100.00
39476,100.00
39477,100.00
39478,100.00
39479,100.00
39480,100.00
39481,100.00
39482,100.00
39483,100.00
39484,100.00
39485,100.00
39486,100.00
39487,100.00
39488,100.00
39489,100.00
39490,100.00
39491,100.00
39492,100.00
39493,100.00
39494,100.00
39495,100.00
39496,100.00
39497,100.00
39498,100.00
39499,100.00
39500,100.00
39501,100.00
39502,100.00
39503,100.00
39504,100.00
39505,100.00
39506,100.00
39507,100.00
39508,100.00
39509,100.00
39510,100.00
39511,100.00
39512,100.00
39513,100.00
39514,100.00
39515,100.00
39516,100.00
39517,100.00
39518,100.00
39519,100.00
39520,100.00
39521,100.00
39522,100.00
39523,100.00
39524,100.00
39525,100.00
39526,100.00
39527,100.00
39528,100.00
39529,100.00
39530,100.00
39531,100.00
39532,100.00
39533,100.00
39534,100.00
39535,100.00
39536,100.00
39537,100.00
39538,100.00
39539,100.00
39540,100.00
39541,100.00
39542,100.00
39543,100.00
39544,100.00
39545,100.00
39546,100.00
39547,100.00
39548,100.00
39549,100.00
39550,100.00
39551,100.00
39552,100.00
39553,100.00
39554,100.00
39555,100.00
39556,100.00
39557,100.00
39558,100.00
39559,100.00
39560,100.00
39561,100.00
39562,100.00
39563,100.00
39564,100.00
39565,100.00
39566,100.00
39567,100.00
39568,100.00
39569,100.00
39570,100.00
39571,100.00
39572,100.00
39573,100.00
39574,100.00
39575,100.00
39576,100.00
39577,100.00
39578,100.00
39579,100.00
39580,100.00
39581,100.00
39582,100.00
39583,100.00
39584,100.00
39585,100.00
39586,100.00
39587,100.00
39588,100.00
39589,100.00
39590,100.00
39591,100.00
39592,100.00
39593,100.00
39594,100.00
39595,100.00
39596,100.00
39597,100.00
39598,100.00
39599,100.00
39600,100.00
39601,100.00
39602,100.00
39603,100.00
39604,100.00
39605,100.00
39606,100.00
39607,100.00
39608,100.00
39609,100.00
39610,100.00
39611,100.00
39612,100.00
39613,100.00
39614,100.00
39615,100.00
39616,100.00
39617,100.00
39618,100.00
39619,100.00
39620,100.00
39621,100.00
39622,100.00
39623,100.00
39624,100.00
39625,100.00
39626,100.00
39627,100.00
39628,100.00
39629,100.00
39630,100.00
39631,100.00
39632,100.00
39633,100.00
39634,100.00
39635,100.00
39636,100.00
39637,100.00
39638,100.00
39639,100.00
39640,100.00
39641,100.00
39642,100.00
39643,100.00
39644,100.00
39645,100.00
39646,100.00
39647,100.00
39648,100.00
39649,100.00
39650,100.00
39651,100.00
39652,100.00
39653,100.00
39654,100.00
39655,100.00
39656,100.00
39657,100.00
39658,100.00
39659,100.00
39660,100.00
39661,100.00
39662,100.00
39663,100.00
39664,100.00
39665,100.00
39666,100.00
39667,100.00
39668,100.00
39669,100.00
39670,100.00
39671,100.00
39672,100.00
39673,100.00
39674,100.00
39675,100.00
39676,100.00
39677,100.00
39678,100.00
39679,100.00
39680,100.00
39681,100.00
39682,100.00
39683,100.00
39684,100.00
39685,100.00
39686,100.00
39687,100.00
39688,100.00
39689,100.00
39690,100.00
39691,100.00
39692,100.00
39693,100.00
39694,100.00
39695,100.00
39696,100.00
39697,100.00
39698,100.00
39699,100.00
39700,100.00
39701,100.00
39702,100.00
39703,100.00
39704,100.00
39705,100.00
39706,100.00
39707,100.00
39708,100.00
39709,100.00
39710,100.00
39711,100.00
39712,100.00
39713,100.00
39714,100.00
39715,100.00
39716,100.00
39717,100.00
39718,100.00
39719,100.00
39720,100.00
39721,100.00
39722,100.00
39723,100.00
39724,100.00
39725,100.00
39726,100.00
39727,100.00
39728,100.00
39729,100.00
39730,100.00
39731,100.00
39732,100.00
39733,100.00
39734,100.00
39735,100.00
39736,100.00
39737,100.00
39738,100.00
39739,100.00
39740,100.00
39741,100.00
39742,100.00
39743,100.00
39744,100.00
39745,100.00
39746,100.00
39747,100.00
39748,100.00
39749,100.00
39750,100.00
39751,100.00
39752,100.00
39753,100.00
39754,100.00
39755,100.00
39756,100.00
39757,100.00
39758,100.00
39759,100.00
39760,100.00
39761,100.00
39762,100.00
39763,100.00
39764,100.00
39765,100.00
39766,100.00
39767,100.00
39768,100.00
39769,100.00
39770,100.00
39771,100.00
39772,100.00
39773,100.00
39774,100.00
39775,100.00
39776,100.00
39777,100.00
39778,100.00
39779,100.00
39780,100.00
39781,100.00
39782,100.00
39783,100.00
39784,100.00
39785,100.00
39786,100.00
39787,100.00
39788,100.00
39789,100.00
39790,100.00
39791,100.00
39792,100.00
39793,100.00
39794,100.00
39795,100.00
39796,100.00
39797,100.00
39798,100.00
39799,100.00
39800,100.00
39801,100.00
39802,100.00
39803,100.00
39804,100.00
39805,100.00
39806,100.00
39807,100.00
39808,100.00
39809,100.00
39810,100.00
39811,100.00
39812,100.00
39813,100.00
39814,100.00
39815,100.00
39816,100.00
39817,100.00
39818,100.00
39819,100.00
39820,100.00
39821,100.00
39822,100.00
39823,100.00
39824,100.00
39825,100.00
39826,100.00
39827,100.00
39828,100.00
39829,100.00
39830,100.00
39831,100.00
39832,100.00
39833,100.00
39834,100.00
39835,100.00
39836,100.00
39837,100.00
39838,100.00
39839,100.00
39840,100.00
39841,100.00
39842,100.00
39843,100.00
39844,100.00
39845,100.00
39846,100.00
39847,100.00
39848,100.00
39849,100.00
39850,100.00
39851,100.00
39852,100.00
39853,100.00
39854,100.00
39855,100.00
39856,100.00
39857,100.00
39858,100.00
39859,100.00
39860,100.00
39861,100.00
39862,100.00
39863,100.00
39864,100.00
39865,100.00
39866,100.00
39867,100.00
39868,100.00
39869,100.00
39870,100.00
39871,100.00
39872,100.00
39873,100.00
39874,100.00
39875,100.00
39876,100.00
39877,100.00
39878,100.00
39879,100.00
39880,100.00
39881,100.00
39882,100.00
39883,100.00
39884,100.00
39885,100.00
39886,100.00
39887,100.00
39888,100.00
39889,100.00
39890,100.00
39891,100.00
39892,100.00
39893,100.00
39894,100.00
39895,100.00
39896,100.00
39897,100.00
39898,100.00
39899,100.00
39900,100.00
39901,100.00
39902,100.00
39903,100.00
39904,100.00
39905,100.00
39906,100.00
39907,100.00
39908,100.00
39909,100.00
39910,100.00
39911,100.00
39912,100.00
39913,100.00
39914,100.00
39915,100.00
39916,100.00
39917,100.00
39918,100.00
39919,100.00
39920,100.00
39921,100.00
39922,100.00
39923,100.00
39924,100.00
39925,100.00
39926,100.00
39927,100.00
39928,100.00
39929,100.00
39930,100.00
39931,100.00
39932,100.00
39933,100.00
39934,100.00
39935,100.00
39936,100.00
39937,100.00
39938,100.00
39939,100.00
39940,100.00
39941,100.00
39942,100.00
39943,100.00
39944,100.00
39945,100.00
39946,100.00
39947,100.00
39948,100.00
39949,100.00
39950,100.00
39951,100.00
39952,100.00
39953,100.00
39954,100.00
39955,100.00
39956,100.00
39957,100.00
39958,100.00
39959,100.00
39960,100.00
39961,100.00
39962,100.00
39963,100.00
39964,100.00
39965,100.00
39966,100.00
39967,100.00
39968,100.00
39969,100.00
39970,100.00
39971,100.00
39972,100.00
39973,100.00
39974,100.00
39975,100.00
39976,100.00
39977,100.00
39978,100.00
39979,100.00
39980,100.00
39981,100.00
39982,100.00
39983,100.00
39984,100.00
39985,100.00
39986,100.00
39987,100.00
39988,100.00
39989,100.00
39990,100.00
39991,100.00
39992,100.00
39993,100.00
39994,100.00
39995,100.00
39996,100.00
39997,100.00
39998,100.00
39999,100.00
40000,100.00
40001,100.00
40002,100.00
40003,100.00
40004,100.00
40005,100.00
40006,100.00
40007,100.00
40008,100.00
40009,100.00
40010,100.00
40011,100.00
40012,100.00
40013,100.00
40014,100.00
40015,100.00
40016,100.00
40017,100.00
40018,100.00
40019,100.00
40020,100.00
40021,100.00
40022,100.00
40023,100.00
40024,100.00
40025,100.00
40026,100.00
40027,100.00
40028,100.00
40029,100.00
40030,100.00
40031,100.00
40032,100.00
40033,100.00
40034,100.00
40035,100.00
40036,100.00
40037,100.00
40038,100.00
40039,100.00
40040,100.00
40041,100.00
40042,100.00
40043,100.00
40044,100.00
40045,100.00
40046,100.00
40047,100.00
40048,100.00
40049,100.00
40050,100.00
40051,100.00
40052,100.00
40053,100.00
40054,100.00
40055,100.00
40056,100.00
40057,100.00
40058,100.00
40059,100.00
40060,100.00
40061,100.00
40062,100.00
40063,100.00
40064,100.00
40065,100.00
40066,100.00
40067,100.00
40068,100.00
40069,100.00
40070,100.00
40071,100.00
40072,100.00
40073,100.00
40074,100.00
40075,100.00
40076,100.00
40077,100.00
40078,100.00
40079,100.00
40080,100.00
40081,100.00
40082,100.00
40083,100.00
40084,100.00
40085,100.00
40086,100.00
40087,100.00
40088,100.00
40089,100.00
40090,100.00
40091,100.00
40092,100.00
40093,100.00
40094,100.00
40095,100.00
40096,100.00
40097,100.00
40098,100.00
40099,100.00
40100,100.00
40101,100.00
40102,100.00
40103,100.00
40104,100.00
40105,100.00
40106,100.00
40107,100.00
40108,100.00
40109,100.00
40110,100.00
40111,100.00
40112,100.00
40113,100.00
40114,100.00
40115,100.00
40116,100.00
40117,100.00
40118,100.00
40119,100.00
40120,100.00
40121,100.00
40122,100.00
40123,100.00
40124,100.00
40125,100.00
40126,100.00
40127,100.00
40128,100.00
40129,100.00
40130,100.00
40131,100.00
40132,100.00
40133,100.00
40134,100.00
40135,100.00
40136,100.00
40137,100.00
40138,100.00
40139,100.00
40140,100.00
40141,100.00
40142,100.00
40143,100.00
40144,100.00
40145,100.00
40146,100.00
40147,100.00
40148,100.00
40149,100.00
40150,100.00
40151,100.00
40152,100.00
40153,100.00
40154,100.00
40155,100.00
40156,100.00
40157,100.00
40158,100.00
40159,100.00
40160,100.00
40161,100.00
40162,100.00
40163,100.00
40164,100.00
40165,100.00
40166,100.00
40167,100.00
40168,100.00
40169,100.00
40170,100.00
40171,100.00
40172,100.00
40173,100.00
40174,100.00
40175,100.00
40176,100.00
40177,100.00
40178,100.00
40179,100.00
40180,100.00
40181,100.00
40182,100.00
40183,100.00
40184,100.00
40185,100.00
40186,100.00
40187,100.00
40188,100.00
40189,100.00
40190,100.00
40191,100.00
40192,100.00
40193,100.00
40194,100.00
40195,100.00
40196,100.00
40197,100.00
40198,100.00
40199,100.00
40200,100.00
40201,100.00
40202,100.00
40203,100.00
40204,100.00
40205,100.00
40206,100.00
40207,100.00
40208,100.00
40209,100.00
40210,100.00
40211,100.00
40212,100.00
40213,100.00
40214,100.00
40215,100.00
40216,100.00
40217,100.00
40218,100.00
40219,100.00
40220,100.00
40221,100.00
40222,100.00
40223,100.00
40224,100.00
40225,100.00
40226,100.00
40227,100.00
40228,100.00
40229,100.00
40230,100.00
40231,100.00
40232,100.00
40233,100.00
40234,100.00
40235,100.00
40236,100.00
40237,100.00
40238,100.00
40239,100.00
40240,100.00
40241,100.00
40242,100.00
40243,100.00
40244,100.00
40245,100.00
40246,100.00
40247,100.00
40248,100.00
40249,100.00
40250,100.00
40251,100.00
40252,100.00
40253,100.00
40254,100.00
40255,100.00
40256,100.00
40257,100.00
40258,100.00
40259,100.00
40260,100.00
40261,100.00
40262,100.00
40263,100.00
40264,100.00
40265,100.00
40266,100.00
40267,100.00
40268,100.00
40269,100.00
40270,100.00
40271,100.00
40272,100.00
40273,100.00
40274,100.00
40275,100.00
40276,100.00
40277,100.00
40278,100.00
40279,100.00
40280,100.00
40281,100.00
40282,100.00
40283,100.00
40284,100.00
40285,100.00
40286,100.00
40287,100.00
40288,100.00
40289,100.00
40290,100.00
40291,100.00
40292,100.00
40293,100.00
40294,100.00
40295,100.00
40296,100.00
40297,100.00
40298,100.00
40299,100.00
40300,100.00
40301,100.00
40302,100.00
40303,100.00
40304,100.00
40305,100.00
40306,100.00
40307,100.00
40308,100.00
40309,100.00
40310,100.00
40311,100.00
40312,100.00
40313,100.00
40314,100.00
40315,100.00
40316,100.00
40317,100.00
40318,100.00
40319,100.00
40320,100.00
40321,100.00
40322,100.00
40323,100.00
40324,100.00
40325,100.00
40326,100.00
40327,100.00
40328,100.00
40329,100.00
40330,100.00
40331,100.00
40332,100.00
40333,100.00
40334,100.00
40335,100.00
40336,100.00
40337,100.00
40338,100.00
40339,100.00
40340,100.00
40341,100.00
40342,100.00
40343,100.00
40344,100.00
40345,100.00
40346,100.00
40347,100.00
40348,100.00
40349,100.00
40350,100.00
40351,100.00
40352,100.00
40353,100.00
40354,100.00
40355,100.00
40356,100.00
40357,100.00
40358,100.00
40359,100.00
40360,100.00
40361,100.00
40362,100.00
40363,100.00
40364,100.00
40365,100.00
40366,100.00
40367,100.00
40368,100.00
40369,100.00
40370,100.00
40371,100.00
40372,100.00
40373,100.00
40374,100.00
40375,100.00
40376,100.00
40377,100.00
40378,100.00
40379,100.00
40380,100.00
40381,100.00
40382,100.00
40383,100.00
40384,100.00
40385,100.00
40386,100.00
40387,100.00
40388,100.00
40389,100.00
40390,100.00
40391,100.00
40392,100.00
40393,100.00
40394,100.00
40395,100.00
40396,100.00
40397,100.00
40398,100.00
40399,100.00
40400,100.00
40401,100.00
40402,100.00
40403,100.00
40404,100.00
40405,100.00
40406,100.00
40407,100.00
40408,100.00
40409,100.00
40410,100.00
40411,100.00
40412,100.00
40413,100.00
40414,100.00
40415,100.00
40416,100.00
40417,100.00
40418,100.00
40419,100.00
40420,100.00
40421,100.00
40422,100.00
40423,100.00
40424,100.00
40425,100.00
40426,100.00
40427,100.00
40428,100.00
40429,100.00
40430,100.00
40431,100.00
40432,100.00
40433,100.00
40434,100.00
40435,100.00
40436,100.00
40437,100.00
40438,100.00
40439,100.00
40440,100.00
40441,100.00
40442,100.00
40443,100.00
40444,100.00
40445,100.00
40446,100.00
40447,100.00
40448,100.00
40449,100.00
40450,100.00
40451,100.00
40452,100.00
40453,100.00
40454,100.00
40455,100.00
40456,100.00
40457,100.00
40458,100.00
40459,100.00
40460,100.00
40461,100.00
40462,100.00
40463,100.00
40464,100.00
40465,100.00
40466,100.00
40467,100.00
40468,100.00
40469,100.00
40470,100.00
40471,100.00
40472,100.00
40473,100.00
40474,100.00
40475,100.00
40476,100.00
40477,100.00
40478,100.00
40479,100.00
40480,100.00
40481,100.00
40482,100.00
40483,100.00
40484,100.00
40485,100.00
40486,100.00
40487,100.00
40488,100.00
40489,100.00
40490,100.00
40491,100.00
40492,100.00
40493,100.00
40494,100.00
40495,100.00
40496,100.00
40497,100.00
40498,100.00
40499,100.00
40500,100.00
40501,100.00
40502,100.00
40503,100.00
40504,100.00
40505,100.00
40506,100.00
40507,100.00
40508,100.00
40509,100.00
40510,100.00
40511,100.00
40512,100.00
40513,100.00
40514,100.00
40515,100.00
40516,100.00
40517,100.00
40518,100.00
40519,100.00
40520,100.00
40521,100.00
40522,100.00
40523,100.00
40524,100.00
40525,100.00
40526,100.00
40527,100.00
40528,100.00
40529,100.00
40530,100.00
40531,100.00
40532,100.00
40533,100.00
40534,100.00
40535,100.00
40536,100.00
40537,100.00
40538,100.00
40539,100.00
40540,100.00
40541,100.00
40542,100.00
40543,100.00
40544,100.00
40545,100.00
40546,100.00
40547,100.00
40548,100.00
40549,100.00
40550,100.00
40551,100.00
40552,100.00
40553,100.00
40554,100.00
40555,100.00
40556,100.00
40557,100.00
40558,100.00
40559,100.00
40560,100.00
40561,100.00
40562,100.00
40563,100.00
40564,100.00
40565,100.00
40566,100.00
40567,100.00
40568,100.00
40569,100.00
40570,100.00
40571,100.00
40572,100.00
40573,100.00
40574,100.00
40575,100.00
40576,100.00
40577,100.00
40578,100.00
40579,100.00
40580,100.00
40581,100.00
40582,100.00
40583,100.00
40584,100.00
40585,100.00
40586,100.00
40587,100.00
40588,100.00
40589,100.00
40590,100.00
40591,100.00
40592,100.00
40593,100.00
40594,100.00
40595,100.00
40596,100.00
40597,100.00
40598,100.00
40599,100.00
40600,100.00
40601,100.00
40602,100.00
40603,100.00
40604,100.00
40605,100.00
40606,100.00
40607,100.00
40608,100.00
40609,100.00
40610,100.00
40611,100.00
40612,100.00
40613,100.00
40614,100.00
40615,100.00
40616,100.00
40617,100.00
40618,100.00
40619,100.00
40620,100.00
40621,100.00
40622,100.00
40623,100.00
40624,100.00
40625,100.00
40626,100.00
40627,100.00
40628,100.00
40629,100.00
40630,100.00
40631,100.00
40632,100.00
40633,100.00
40634,100.00
40635,100.00
40636,100.00
40637,100.00
40638,100.00
40639,100.00
40640,100.00
40641,100.00
40642,100.00
40643,100.00
40644,100.00
40645,100.00
40646,100.00
40647,100.00
40648,100.00
40649,100.00
40650,100.00
40651,100.00
40652,100.00
40653,100.00
40654,100.00
40655,100.00
40656,100.00
40657,100.00
40658,100.00
40659,100.00
40660,100.00
40661,100.00
40662,100.00
40663,100.00
40664,100.00
40665,100.00
40666,100.00
40667,100.00
40668,100.00
40669,100.00
40670,100.00
40671,100.00
40672,100.00
40673,100.00
40674,100.00
40675,100.00
40676,100.00
40677,100.00
40678,100.00
40679,100.00
40680,100.00
40681,100.00
40682,100.00
40683,100.00
40684,100.00
40685,100.00
40686,100.00
40687,100.00
40688,100.00
40689,100.00
40690,100.00
40691,100.00
40692,100.00
40693,100.00
40694,100.00
40695,100.00
40696,100.00
40697,100.00
40698,100.00
40699,100.00
40700,100.00
40701,100.00
40702,100.00
40703,100.00
40704,100.00
40705,100.00
40706,100.00
40707,100.00
40708,100.00
40709,100.00
40710,100.00
40711,100.00
40712,100.00
40713,100.00
40714,100.00
40715,100.00
40716,100.00
40717,100.00
40718,100.00
40719,100.00
40720,100.00
40721,100.00
40722,100.00
40723,100.00
40724,100.00
40725,100.00
40726,100.00
40727,100.00
40728,100.00
40729,100.00
40730,100.00
40731,100.00
40732,100.00
40733,100.00
40734,100.00
40735,100.00
40736,100.00
40737,100.00
40738,100.00
40739,100.00
40740,100.00
40741,100.00
40742,100.00
40743,100.00
40744,100.00
40745,100.00
40746,100.00
40747,100.00
40748,100.00
40749,100.00
40750,100.00
40751,100.00
40752,100.00
40753,100.00
40754,100.00
40755,100.00
40756,100.00
40757,100.00
40758,100.00
40759,100.00
40760,100.00
40761,100.00
40762,100.00
40763,100.00
40764,100.00
40765,100.00
40766,100.00
40767,100.00
40768,100.00
40769,100.00
40770,100.00
40771,100.00
40772,100.00
40773,100.00
40774,100.00
40775,100.00
40776,100.00
40777,100.00
40778,100.00
40779,100.00
40780,100.00
40781,100.00
40782,100.00
40783,100.00
40784,100.00
40785,100.00
40786,100.00
40787,100.00
40788,100.00
40789,100.00
40790,100.00
40791,100.00
40792,100.00
40793,100.00
40794,100.00
40795,100.00
40796,100.00
40797,100.00
40798,100.00
40799,100.00
40800,100.00
40801,100.00
40802,100.00
40803,100.00
40804,100.00
40805,100.00
40806,100.00
40807,100.00
40808,100.00
40809,100.00
40810,100.00
40811,100.00
40812,100.00
40813,100.00
40814,100.00
40815,100.00
40816,100.00
40817,100.00
40818,100.00
40819,100.00
40820,100.00
40821,100.00
40822,100.00
40823,100.00
40824,100.00
40825,100.00
40826,100.00
40827,100.00
40828,100.00
40829,100.00
40830,100.00
40831,100.00
40832,100.00
40833,100.00
40834,100.00
40835,100.00
40836,100.00
40837,100.00
40838,100.00
40839,100.00
40840,100.00
40841,100.00
40842,100.00
40843,100.00
40844,100.00
40845,100.00
40846,100.00
40847,100.00
40848,100.00
40849,100.00
40850,100.00
40851,100.00
40852,100.00
40853,100.00
40854,100.00
40855,100.00
40856,100.00
40857,100.00
40858,100.00
40859,100.00
40860,100.00
40861,100.00
40862,100.00
40863,100.00
40864,100.00
40865,100.00
40866,100.00
40867,100.00
40868,100.00
40869,100.00
40870,100.00
40871,100.00
40872,100.00
40873,100.00
40874,100.00
40875,100.00
40876,100.00
40877,100.00
40878,100.00
40879,100.00
40880,100.00
40881,100.00
40882,100.00
40883,100.00
40884,100.00
40885,100.00
40886,100.00
40887,100.00
40888,100.00
40889,100.00
40890,100.00
40891,100.00
40892,100.00
40893,100.00
40894,100.00
40895,100.00
40896,100.00
40897,100.00
40898,100.00
40899,100.00
40900,100.00
40901,100.00
40902,100.00
40903,100.00
40904,100.00
40905,100.00
40906,100.00
40907,100.00
40908,100.00
40909,100.00
40910,100.00
40911,100.00
40912,100.00
40913,100.00
40914,100.00
40915,100.00
40916,100.00
40917,100.00
40918,100.00
40919,100.00
40920,100.00
40921,100.00
40922,100.00
40923,100.00
40924,100.00
40925,100.00
40926,100.00
40927,100.00
40928,100.00
40929,100.00
40930,100.00
40931,100.00
40932,100.00
40933,100.00
40934,100.00
40935,100.00
40936,100.00
40937,100.00
40938,100.00
40939,100.00
40940,100.00
40941,100.00
40942,100.00
40943,100.00
40944,100.00
40945,100.00
40946,100.00
40947,100.00
40948,100.00
40949,100.00
40950,100.00
40951,100.00
40952,100.00
40953,100.00
40954,100.00
40955,100.00
40956,100.00
40957,100.00
40958,100.00
40959,100.00
40960,100.00
40961,100.00
40962,100.00
40963,100.00
40964,100.00
40965,100.00
40966,100.00
40967,100.00
40968,100.00
40969,100.00
40970,100.00
40971,100.00
40972,100.00
40973,100.00
40974,100.00
40975,100.00
40976,100.00
40977,100.00
40978,100.00
40979,100.00
40980,100.00
40981,100.00
40982,100.00
40983,100.00
40984,100.00
40985,100.00
40986,100.00
40987,100.00
40988,100.00
40989,100.00
40990,100.00
40991,100.00
40992,100.00
40993,100.00
40994,100.00
40995,100.00
40996,100.00
40997,100.00
40998,100.00
40999,100.00
41000,100.00
41001,100.00
41002,100.00
41003,100.00
41004,100.00
41005,100.00
41006,100.00
41007,100.00
41008,100.00
41009,100.00
41010,100.00
41011,100.00
41012,100.00
41013,100.00
41014,100.00
41015,100.00
41016,100.00
41017,100.00
41018,100.00
41019,100.00
41020,100.00
41021,100.00
41022,100.00
41023,100.00
41024,100.00
41025,100.00
41026,100.00
41027,100.00
41028,100.00
41029,100.00
41030,100.00
41031,100.00
41032,100.00
41033,100.00
41034,100.00
41035,100.00
41036,100.00
41037,100.00
41038,100.00
41039,100.00
41040,100.00
41041,100.00
41042,100.00
41043,100.00
41044,100.00
41045,100.00
41046,100.00
41047,100.00
41048,100.00
41049,100.00
41050,100.00
41051,100.00
41052,100.00
41053,100.00
41054,100.00
41055,100.00
41056,100.00
41057,100.00
41058,100.00
41059,100.00
41060,100.00
41061,100.00
41062,100.00
41063,100.00
41064,100.00
41065,100.00
41066,100.00
41067,100.00
41068,100.00
41069,100.00
41070,100.00
41071,100.00
41072,100.00
41073,100.00
41074,100.00
41075,100.00
41076,100.00
41077,100.00
41078,100.00
41079,100.00
41080,100.00
41081,100.00
41082,100.00
41083,100.00
41084,100.00
41085,100.00
41086,100.00
41087,100.00
41088,100.00
41089,100.00
41090,100.00
41091,100.00
41092,100.00
41093,100.00
41094,100.00
41095,100.00
41096,100.00
41097,100.00
41098,100.00
41099,100.00
41100,100.00
41101,100.00
41102,100.00
41103,100.00
41104,100.00
41105,100.00
41106,100.00
41107,100.00
41108,100.00
41109,100.00
41110,100.00
41111,100.00
41112,100.00
41113,100.00
41114,100.00
41115,100.00
41116,100.00
41117,100.00
41118,100.00
41119,100.00
41120,100.00
41121,100.00
41122,100.00
41123,100.00
41124,100.00
41125,100.00
41126,100.00
41127,100.00
41128,100.00
41129,100.00
41130,100.00
41131,100.00
41132,100.00
41133,100.00
41134,100.00
41135,100.00
41136,100.00
41137,100.00
41138,100.00
41139,100.00
41140,100.00
41141,100.00
41142,100.00
41143,100.00
41144,100.00
41145,100.00
41146,100.00
41147,100.00
41148,100.00
41149,100.00
41150,100.00
41151,100.00
41152,100.00
41153,100.00
41154,100.00
41155,100.00
41156,100.00
41157,100.00
41158,100.00
41159,100.00
41160,100.00
41161,100.00
41162,100.00
41163,100.00
41164,100.00
41165,100.00
41166,100.00
41167,100.00
41168,100.00
41169,100.00
41170,100.00
41171,100.00
41172,100.00
41173,100.00
41174,100.00
41175,100.00
41176,100.00
41177,100.00
41178,100.00
41179,100.00
41180,100.00
41181,100.00
41182,100.00
41183,100.00
41184,100.00
41185,100.00
41186,100.00
41187,100.00
41188,100.00
41189,100.00
41190,100.00
41191,100.00
41192,100.00
41193,100.00
41194,100.00
41195,100.00
41196,100.00
41197,100.00
41198,100.00
41199,100.00
41200,100.00
41201,100.00
41202,100.00
41203,100.00
41204,100.00
41205,100.00
41206,100.00
41207,100.00
41208,100.00
41209,100.00
41210,100.00
41211,100.00
41212,100.00
41213,100.00
41214,100.00
41215,100.00
41216,100.00
41217,100.00
41218,100.00
41219,100.00
41220,100.00
41221,100.00
41222,100.00
41223,100.00
41224,100.00
41225,100.00
41226,100.00
41227,100.00
41228,100.00
41229,100.00
41230,100.00
41231,100.00
41232,100.00
41233,100.00
41234,100.00
41235,100.00
41236,100.00
41237,100.00
41238,100.00
41239,100.00
41240,100.00
41241,100.00
41242,100.00
41243,100.00
41244,100.00
41245,100.00
41246,100.00
41247,100.00
41248,100.00
41249,100.00
41250,100.00
41251,100.00
41252,100.00
41253,100.00
41254,100.00
41255,100.00
41256,100.00
41257,100.00
41258,100.00
41259,100.00
41260,100.00
41261,100.00
41262,100.00
41263,100.00
41264,100.00
41265,100.00
41266,100.00
41267,100.00
41268,100.00
41269,100.00
41270,100.00
41271,100.00
41272,100.00
41273,100.00
41274,100.00
41275,100.00
41276,100.00
41277,100.00
41278,100.00
41279,100.00
41280,100.00
41281,100.00
41282,100.00
41283,100.00
41284,100.00
41285,100.00
41286,100.00
41287,100.00
41288,100.00
41289,100.00
41290,100.00
41291,100.00
41292,100.00
41293,100.00
41294,100.00
41295,100.00
41296,100.00
41297,100.00
41298,100.00
41299,100.00
41300,100.00
41301,100.00
41302,100.00
41303,100.00
41304,100.00
41305,100.00
41306,100.00
41307,100.00
41308,100.00
41309,100.00
41310,100.00
41311,100.00
41312,100.00
41313,100.00
41314,100.00
41315,100.00
41316,100.00
41317,100.00
41318,100.00
41319,100.00
41320,100.00
41321,100.00
41322,100.00
41323,100.00
41324,100.00
41325,100.00
41326,100.00
41327,100.00
41328,100.00
41329,100.00
41330,100.00
41331,100.00
41332,100.00
41333,100.00
41334,100.00
41335,100.00
41336,100.00
41337,100.00
41338,100.00
41339,100.00
41340,100.00
41341,100.00
41342,100.00
41343,100.00
41344,100.00
41345,100.00
41346,100.00
41347,100.00
41348,100.00
41349,100.00
41350,100.00
41351,100.00
41352,100.00
41353,100.00
41354,100.00
41355,100.00
41356,100.00
41357,100.00
41358,100.00
41359,100.00
41360,100.00
41361,100.00
41362,100.00
41363,100.00
41364,100.00
41365,100.00
41366,100.00
41367,100.00
41368,100.00
41369,100.00
41370,100.00
41371,100.00
41372,100.00
41373,100.00
41374,100.00
41375,100.00
41376,100.00
41377,100.00
41378,100.00
41379,100.00
41380,100.00
41381,100.00
41382,100.00
41383,100.00
41384,100.00
41385,100.00
41386,100.00
41387,100.00
41388,100.00
41389,100.00
41390,100.00
41391,100.00
41392,100.00
41393,100.00
41394,100.00
41395,100.00
41396,100.00
41397,100.00
41398,100.00
41399,100.00
41400,100.00
41401,100.00
41402,100.00
41403,100.00
41404,100.00
41405,100.00
41406,100.00
41407,100.00
41408,100.00
41409,100.00
41410,100.00
41411,100.00
41412,100.00
41413,100.00
41414,100.00
41415,100.00
41416,100.00
41417,100.00
41418,100.00
41419,100.00
41420,100.00
41421,100.00
41422,100.00
41423,100.00
41424,100.00
41425,100.00
41426,100.00
41427,100.00
41428,100.00
41429,100.00
41430,100.00
41431,100.00
41432,100.00
41433,100.00
41434,100.00
41435,100.00
41436,100.00
41437,100.00
41438,100.00
41439,100.00
41440,100.00
41441,100.00
41442,100.00
41443,100.00
41444,100.00
41445,100.00
41446,100.00
41447,100.00
41448,100.00
41449,100.00
41450,100.00
41451,100.00
41452,100.00
41453,100.00
41454,100.00
41455,100.00
41456,100.00
41457,100.00
41458,100.00
41459,100.00
41460,100.00
41461,100.00
41462,100.00
41463,100.00
41464,100.00
41465,100.00
41466,100.00
41467,100.00
41468,100.00
41469,100.00
41470,100.00
41471,100.00
41472,100.00
41473,100.00
41474,100.00
41475,100.00
41476,100.00
41477,100.00
41478,100.00
41479,100.00
41480,100.00
41481,100.00
41482,100.00
41483,100.00
41484,100.00
41485,100.00
41486,100.00
41487,100.00
41488,100.00
41489,100.00
41490,100.00
41491,100.00
41492,100.00
41493,100.00
41494,100.00
41495,100.00
41496,100.00
41497,100.00
41498,100.00
41499,100.00
41500,100.00
41501,100.00
41502,100.00
41503,100.00
41504,100.00
41505,100.00
41506,100.00
41507,100.00
41508,100.00
41509,100.00
41510,100.00
41511,100.00
41512,100.00
41513,100.00
41514,100.00
41515,100.00
41516,100.00
41517,100.00
41518,100.00
41519,100.00
41520,100.00
41521,100.00
41522,100.00
41523,100.00
41524,100.00
41525,100.00
41526,100.00
41527,100.00
41528,100.00
41529,100.00
41530,100.00
41531,100.00
41532,100.00
41533,100.00
41534,100.00
41535,100.00
41536,100.00
41537,100.00
41538,100.00
41539,100.00
41540,100.00
41541,100.00
41542,100.00
41543,100.00
41544,100.00
41545,100.00
41546,100.00
41547,100.00
41548,100.00
41549,100.00
41550,100.00
41551,100.00
41552,100.00
41553,100.00
41554,100.00
41555,100.00
41556,100.00
41557,100.00
41558,100.00
41559,100.00
41560,100.00
41561,100.00
41562,100.00
41563,100.00
41564,100.00
41565,100.00
41566,100.00
41567,100.00
41568,100.00
41569,100.00
41570,100.00
41571,100.00
41572,100.00
41573,100.00
41574,100.00
41575,100.00
41576,100.00
41577,100.00
41578,100.00
41579,100.00
41580,100.00
41581,100.00
41582,100.00
41583,100.00
41584,100.00
41585,100.00
41586,100.00
41587,100.00
41588,100.00
41589,100.00
41590,100.00
41591,100.00
41592,100.00
41593,100.00
41594,100.00
41595,100.00
41596,100.00
41597,100.00
41598,100.00
41599,100.00
41600,100.00
41601,100.00
41602,100.00
41603,100.00
41604,100.00
41605,100.00
41606,100.00
41607,100.00
41608,100.00
41609,100.00
41610,100.00
41611,100.00
41612,100.00
41613,100.00
41614,100.00
41615,100.00
41616,100.00
41617,100.00
41618,100.00
41619,100.00
41620,100.00
41621,100.00
41622,100.00
41623,100.00
41624,100.00
41625,100.00
41626,100.00
41627,100.00
41628,100.00
41629,100.00
41630,100.00
41631,100.00
41632,100.00
41633,100.00
41634,100.00
41635,100.00
41636,100.00
41637,100.00
41638,100.00
41639,100.00
41640,100.00
41641,100.00
41642,100.00
41643,100.00
41644,100.00
41645,100.00
41646,100.00
41647,100.00
41648,100.00
41649,100.00
41650,100.00
41651,100.00
41652,100.00
41653,100.00
41654,100.00
41655,100.00
41656,100.00
41657,100.00
41658,100.00
41659,100.00
41660,100.00
41661,100.00
41662,100.00
41663,100.00
41664,100.00
41665,100.00
41666,100.00
41667,100.00
41668,100.00
41669,100.00
41670,100.00
41671,100.00
41672,100.00
41673,100.00
41674,100.00
41675,100.00
41676,100.00
41677,100.00
41678,100.00
41679,100.00
41680,100.00
41681,100.00
41682,100.00
41683,100.00
41684,100.00
41685,100.00
41686,100.00
41687,100.00
41688,100.00
41689,100.00
41690,100.00
41691,100.00
41692,100.00
41693,100.00
41694,100.00
41695,100.00
41696,100.00
41697,100.00
41698,100.00
41699,100.00
41700,100.00
41701,100.00
41702,100.00
41703,100.00
41704,100.00
41705,100.00
41706,100.00
41707,100.00
41708,100.00
41709,100.00
41710,100.00
41711,100.00
41712,100.00
41713,100.00
41714,100.00
41715,100.00
41716,100.00
41717,100.00
41718,100.00
41719,100.00
41720,100.00
41721,100.00
41722,100.00
41723,100.00
41724,100.00
41725,100.00
41726,100.00
41727,100.00
41728,100.00
41729,100.00
41730,100.00
41731,100.00
41732,100.00
41733,100.00
41734,100.00
41735,100.00
41736,100.00
41737,100.00
41738,100.00
41739,100.00
41740,100.00
41741,100.00
41742,100.00
41743,100.00
41744,100.00
41745,100.00
41746,100.00
41747,100.00
41748,100.00
41749,100.00
41750,100.00
41751,100.00
41752,100.00
41753,100.00
41754,100.00
41755,100.00
41756,100.00
41757,100.00
41758,100.00
41759,100.00
41760,100.00
41761,100.00
41762,100.00
41763,100.00
41764,100.00
41765,100.00
41766,100.00
41767,100.00
41768,100.00
41769,100.00
41770,100.00
41771,100.00
41772,100.00
41773,100.00
41774,100.00
41775,100.00
41776,100.00
41777,100.00
41778,100.00
41779,100.00
41780,100.00
41781,100.00
41782,100.00
41783,100.00
41784,100.00
41785,100.00
41786,100.00
41787,100.00
41788,100.00
41789,100.00
41790,100.00
41791,100.00
41792,100.00
41793,100.00
41794,100.00
41795,100.00
41796,100.00
41797,100.00
41798,100.00
41799,100.00
41800,100.00
41801,100.00
41802,100.00
41803,100.00
41804,100.00
41805,100.00
41806,100.00
41807,100.00
41808,100.00
41809,100.00
41810,100.00
41811,100.00
41812,100.00
41813,100.00
41814,100.00
41815,100.00
41816,100.00
41817,100.00
41818,100.00
41819,100.00
41820,100.00
41821,100.00
41822,100.00
41823,100.00
41824,100.00
41825,100.00
41826,100.00
41827,100.00
41828,100.00
41829,100.00
41830,100.00
41831,100.00
41832,100.00
41833,100.00
41834,100.00
41835,100.00
41836,100.00
41837,100.00
41838,100.00
41839,100.00
41840,100.00
41841,100.00
41842,100.00
41843,100.00
41844,100.00
41845,100.00
41846,100.00
41847,100.00
41848,100.00
41849,100.00
41850,100.00
41851,100.00
41852,100.00
41853,100.00
41854,100.00
41855,100.00
41856,100.00
41857,100.00
41858,100.00
41859,100.00
41860,100.00
41861,100.00
41862,100.00
41863,100.00
41864,100.00
41865,100.00
41866,100.00
41867,100.00
41868,100.00
41869,100.00
41870,100.00
41871,100.00
41872,100.00
41873,100.00
41874,100.00
41875,100.00
41876,100.00
41877,100.00
41878,100.00
41879,100.00
41880,100.00
41881,100.00
41882,100.00
41883,100.00
41884,100.00
41885,100.00
41886,100.00
41887,100.00
41888,100.00
41889,100.00
41890,100.00
41891,100.00
41892,100.00
41893,100.00
41894,100.00
41895,100.00
41896,100.00
41897,100.00
41898,100.00
41899,100.00
41900,100.00
41901,100.00
41902,100.00
41903,100.00
41904,100.00
41905,100.00
41906,100.00
41907,100.00
41908,100.00
41909,100.00
41910,100.00
41911,100.00
41912,100.00
41913,100.00
41914,100.00
41915,100.00
41916,100.00
41917,100.00
41918,100.00
41919,100.00
41920,100.00
41921,100.00
41922,100.00
41923,100.00
41924,100.00
41925,100.00
41926,100.00
41927,100.00
41928,100.00
41929,100.00
41930,100.00
41931,100.00
41932,100.00
41933,100.00
41934,100.00
41935,100.00
41936,100.00
41937,100.00
41938,100.00
41939,100.00
41940,100.00
41941,100.00
41942,100.00
41943,100.00
41944,100.00
41945,100.00
41946,100.00
41947,100.00
41948,100.00
41949,100.00
41950,100.00
41951,100.00
41952,100.00
41953,100.00
41954,100.00
41955,100.00
41956,100.00
41957,100.00
41958,100.00
41959,100.00
41960,100.00
41961,100.00
41962,100.00
41963,100.00
41964,100.00
41965,100.00
41966,100.00
41967,100.00
41968,100.00
41969,100.00
41970,100.00
41971,100.00
41972,100.00
41973,100.00
41974,100.00
41975,100.00
41976,100.00
41977,100.00
41978,100.00
41979,100.00
41980,100.00
41981,100.00
41982,100.00
41983,100.00
41984,100.00
41985,100.00
41986,100.00
41987,100.00
41988,100.00
41989,100.00
41990,100.00
41991,100.00
41992,100.00
41993,100.00
41994,100.00
41995,100.00
41996,100.00
41997,100.00
41998,100.00
41999,100.00
42000,100.00
42001,100.00
42002,100.00
42003,100.00
42004,100.00
42005,100.00
42006,100.00
42007,100.00
42008,100.00
42009,100.00
42010,100.00
42011,100.00
42012,100.00
42013,100.00
42014,100.00
42015,100.00
42016,100.00
42017,100.00
42018,100.00
42019,100.00
42020,100.00
42021,100.00
42022,100.00
42023,100.00
42024,100.00
42025,100.00
42026,100.00
42027,100.00
42028,100.00
42029,100.00
42030,100.00
42031,100.00
42032,100.00
42033,100.00
42034,100.00
42035,100.00
42036,100.00
42037,100.00
42038,100.00
42039,100.00
42040,100.00
42041,100.00
42042,100.00
42043,100.00
42044,100.00
42045,100.00
42046,100.00
42047,100.00
42048,100.00
42049,100.00
42050,100.00
42051,100.00
42052,100.00
42053,100.00
42054,100.00
42055,100.00
42056,100.00
42057,100.00
42058,100.00
42059,100.00
42060,100.00
42061,100.00
42062,100.00
42063,100.00
42064,100.00
42065,100.00
42066,100.00
42067,100.00
42068,100.00
42069,100.00
42070,100.00
42071,100.00
42072,100.00
42073,100.00
42074,100.00
42075,100.00
42076,100.00
42077,100.00
42078,100.00
42079,100.00
42080,100.00
42081,100.00
42082,100.00
42083,100.00
42084,100.00
42085,100.00
42086,100.00
42087,100.00
42088,100.00
42089,100.00
42090,100.00
42091,100.00
42092,100.00
42093,100.00
42094,100.00
42095,100.00
42096,100.00
42097,100.00
42098,100.00
42099,100.00
42100,100.00
42101,100.00
42102,100.00
42103,100.00
42104,100.00
42105,100.00
42106,100.00
42107,100.00
42108,100.00
42109,100.00
42110,100.00
42111,100.00
42112,100.00
42113,100.00
42114,100.00
42115,100.00
42116,100.00
42117,100.00
42118,100.00
42119,100.00
42120,100.00
42121,100.00
42122,100.00
42123,100.00
42124,100.00
42125,100.00
42126,100.00
42127,100.00
42128,100.00
42129,100.00
42130,100.00
42131,100.00
42132,100.00
42133,100.00
42134,100.00
42135,100.00
42136,100.00
42137,100.00
42138,100.00
42139,100.00
42140,100.00
42141,100.00
42142,100.00
42143,100.00
42144,100.00
42145,100.00
42146,100.00
42147,100.00
42148,100.00
42149,100.00
42150,100.00
42151,100.00
42152,100.00
42153,100.00
42154,100.00
42155,100.00
42156,100.00
42157,100.00
42158,100.00
42159,100.00
42160,100.00
42161,100.00
42162,100.00
42163,100.00
42164,100.00
42165,100.00
42166,100.00
42167,100.00
42168,100.00
42169,100.00
42170,100.00
42171,100.00
42172,100.00
42173,100.00
42174,100.00
42175,100.00
42176,100.00
42177,100.00
42178,100.00
42179,100.00
42180,100.00
42181,100.00
42182,100.00
42183,100.00
42184,100.00
42185,100.00
42186,100.00
42187,100.00
42188,100.00
42189,100.00
42190,100.00
42191,100.00
42192,100.00
42193,100.00
42194,100.00
42195,100.00
42196,100.00
42197,100.00
42198,100.00
42199,100.00
42200,100.00
42201,100.00
42202,100.00
42203,100.00
42204,100.00
42205,100.00
42206,100.00
42207,100.00
42208,100.00
42209,100.00
42210,100.00
42211,100.00
42212,100.00
42213,100.00
42214,100.00
42215,100.00
42216,100.00
42217,100.00
42218,100.00
42219,100.00
42220,100.00
42221,100.00
42222,100.00
42223,100.00
42224,100.00
42225,100.00
42226,100.00
42227,100.00
42228,100.00
42229,100.00
42230,100.00
42231,100.00
42232,100.00
42233,100.00
42234,100.00
42235,100.00
42236,100.00
42237,100.00
42238,100.00
42239,100.00
42240,100.00
42241,100.00
42242,100.00
42243,100.00
42244,100.00
42245,100.00
42246,100.00
42247,100.00
42248,100.00
42249,100.00
42250,100.00
42251,100.00
42252,100.00
42253,100.00
42254,100.00
42255,100.00
42256,100.00
42257,100.00
42258,100.00
42259,100.00
42260,100.00
42261,100.00
42262,100.00
42263,100.00
42264,100.00
42265,100.00
42266,100.00
42267,100.00
42268,100.00
42269,100.00
42270,100.00
42271,100.00
42272,100.00
42273,100.00
42274,100.00
42275,100.00
42276,100.00
42277,100.00
42278,100.00
42279,100.00
42280,100.00
42281,100.00
42282,100.00
42283,100.00
42284,100.00
42285,100.00
42286,100.00
42287,100.00
42288,100.00
42289,100.00
42290,100.00
42291,100.00
42292,100.00
42293,100.00
42294,100.00
42295,100.00
42296,100.00
42297,100.00
42298,100.00
42299,100.00
42300,100.00
42301,100.00
42302,100.00
42303,100.00
42304,100.00
42305,100.00
42306,100.00
42307,100.00
42308,100.00
42309,100.00
42310,100.00
42311,100.00
42312,100.00
42313,100.00
42314,100.00
42315,100.00
42316,100.00
42317,100.00
42318,100.00
42319,100.00
42320,100.00
42321,100.00
42322,100.00
42323,100.00
42324,100.00
42325,100.00
42326,100.00
42327,100.00
42328,100.00
42329,100.00
42330,100.00
42331,100.00
42332,100.00
42333,100.00
42334,100.00
42335,100.00
42336,100.00
42337,100.00
42338,100.00
42339,100.00
42340,100.00
42341,100.00
42342,100.00
42343,100.00
42344,100.00
42345,100.00
42346,100.00
42347,100.00
42348,100.00
42349,100.00
42350,100.00
42351,100.00
42352,100.00
42353,100.00
42354,100.00
42355,100.00
42356,100.00
42357,100.00
42358,100.00
42359,100.00
42360,100.00
42361,100.00
42362,100.00
42363,100.00
42364,100.00
42365,100.00
42366,100.00
42367,100.00
42368,100.00
42369,100.00
42370,100.00
42371,100.00
42372,100.00
42373,100.00
42374,100.00
42375,100.00
42376,100.00
42377,100.00
42378,100.00
42379,100.00
42380,100.00
42381,100.00
42382,100.00
42383,100.00
42384,100.00
42385,100.00
42386,100.00
42387,100.00
42388,100.00
42389,100.00
42390,100.00
42391,100.00
42392,100.00
42393,100.00
42394,100.00
42395,100.00
42396,100.00
42397,100.00
42398,100.00
42399,100.00
42400,100.00
42401,100.00
42402,100.00
42403,100.00
42404,100.00
42405,100.00
42406,100.00
42407,100.00
42408,100.00
42409,100.00
42410,100.00
42411,100.00
42412,100.00
42413,100.00
42414,100.00
42415,100.00
42416,100.00
42417,100.00
42418,100.00
42419,100.00
42420,100.00
42421,100.00
42422,100.00
42423,100.00
42424,100.00
42425,100.00
42426,100.00
42427,100.00
42428,100.00
42429,100.00
42430,100.00
42431,100.00
42432,100.00
42433,100.00
42434,100.00
42435,100.00
42436,100.00
42437,100.00
42438,100.00
42439,100.00
42440,100.00
42441,100.00
42442,100.00
42443,100.00
42444,100.00
42445,100.00
42446,100.00
42447,100.00
42448,100.00
42449,100.00
42450,100.00
42451,100.00
42452,100.00
42453,100.00
42454,100.00
42455,100.00
42456,100.00
42457,100.00
42458,100.00
42459,100.00
42460,100.00
42461,100.00
42462,100.00
42463,100.00
42464,100.00
42465,100.00
42466,100.00
42467,100.00
42468,100.00
42469,100.00
42470,100.00
42471,100.00
42472,100.00
42473,100.00
42474,100.00
42475,100.00
42476,100.00
42477,100.00
42478,100.00
42479,100.00
42480,100.00
42481,100.00
42482,100.00
42483,100.00
42484,100.00
42485,100.00
42486,100.00
42487,100.00
42488,100.00
42489,100.00
42490,100.00
42491,100.00
42492,100.00
42493,100.00
42494,100.00
42495,100.00
42496,100.00
42497,100.00
42498,100.00
42499,100.00
42500,100.00
42501,100.00
42502,100.00
42503,100.00
42504,100.00
42505,100.00
42506,100.00
42507,100.00
42508,100.00
42509,100.00
42510,100.00
42511,100.00
42512,100.00
42513,100.00
42514,100.00
42515,100.00
42516,100.00
42517,100.00
42518,100.00
42519,100.00
42520,100.00
42521,100.00
42522,100.00
42523,100.00
42524,100.00
42525,100.00
42526,100.00
42527,100.00
42528,100.00
42529,100.00
42530,100.00
42531,100.00
42532,100.00
42533,100.00
42534,100.00
42535,100.00
42536,100.00
42537,100.00
42538,100.00
42539,100.00
42540,100.00
42541,100.00
42542,100.00
42543,100.00
42544,100.00
42545,100.00
42546,100.00
42547,100.00
42548,100.00
42549,100.00
42550,100.00
42551,100.00
42552,100.00
42553,100.00
42554,100.00
42555,100.00
42556,100.00
42557,100.00
42558,100.00
42559,100.00
42560,100.00
42561,100.00
42562,100.00
42563,100.00
42564,100.00
42565,100.00
42566,100.00
42567,100.00
42568,100.00
42569,100.00
42570,100.00
42571,100.00
42572,100.00
42573,100.00
42574,100.00
42575,100.00
42576,100.00
42577,100.00
42578,100.00
42579,100.00
42580,100.00
42581,100.00
42582,100.00
42583,100.00
42584,100.00
42585,100.00
42586,100.00
42587,100.00
42588,100.00
42589,100.00
42590,100.00
42591,100.00
42592,100.00
42593,100.00
42594,100.00
42595,100.00
42596,100.00
42597,100.00
42598,100.00
42599,100.00
42600,100.00
42601,100.00
42602,100.00
42603,100.00
42604,100.00
42605,100.00
42606,100.00
42607,100.00
42608,100.00
42609,100.00
42610,100.00
42611,100.00
42612,100.00
42613,100.00
42614,100.00
42615,100.00
42616,100.00
42617,100.00
42618,100.00
42619,100.00
42620,100.00
42621,100.00
42622,100.00
42623,100.00
42624,100.00
42625,100.00
42626,100.00
42627,100.00
42628,100.00
42629,100.00
42630,100.00
42631,100.00
42632,100.00
42633,100.00
42634,100.00
42635,100.00
42636,100.00
42637,100.00
42638,100.00
42639,100.00
42640,100.00
42641,100.00
42642,100.00
42643,100.00
42644,100.00
42645,100.00
42646,100.00
42647,100.00
42648,100.00
42649,100.00
42650,100.00
42651,100.00
42652,100.00
42653,100.00
42654,100.00
42655,100.00
42656,100.00
42657,100.00
42658,100.00
42659,100.00
42660,100.00
42661,100.00
42662,100.00
42663,100.00
42664,100.00
42665,100.00
42666,100.00
42667,100.00
42668,100.00
42669,100.00
42670,100.00
42671,100.00
42672,100.00
42673,100.00
42674,100.00
42675,100.00
42676,100.00
42677,100.00
42678,100.00
42679,100.00
42680,100.00
42681,100.00
42682,100.00
42683,100.00
42684,100.00
42685,100.00
42686,100.00
42687,100.00
42688,100.00
42689,100.00
42690,100.00
42691,100.00
42692,100.00
42693,100.00
42694,100.00
42695,100.00
42696,100.00
42697,100.00
42698,100.00
42699,100.00
42700,100.00
42701,100.00
42702,100.00
42703,100.00
42704,100.00
42705,100.00
42706,100.00
42707,100.00
42708,100.00
42709,100.00
42710,100.00
42711,100.00
42712,100.00
42713,100.00
42714,100.00
42715,100.00
42716,100.00
42717,100.00
42718,100.00
42719,100.00
42720,100.00
42721,100.00
42722,100.00
42723,100.00
42724,100.00
42725,100.00
42726,100.00
42727,100.00
42728,100.00
42729,100.00
42730,100.00
42731,100.00
42732,100.00
42733,100.00
42734,100.00
42735,100.00
42736,100.00
42737,100.00
42738,100.00
42739,100.00
42740,100.00
42741,100.00
42742,100.00
42743,100.00
42744,100.00
42745,100.00
42746,100.00
42747,100.00
42748,100.00
42749,100.00
42750,100.00
42751,100.00
42752,100.00
42753,100.00
42754,100.00
42755,100.00
42756,100.00
42757,100.00
42758,100.00
42759,100.00
42760,100.00
42761,100.00
42762,100.00
42763,100.00
42764,100.00
42765,100.00
42766,100.00
42767,100.00
42768,100.00
42769,100.00
42770,100.00
42771,100.00
42772,100.00
42773,100.00
42774,100.00
42775,100.00
42776,100.00
42777,100.00
42778,100.00
42779,100.00
42780,100.00
42781,100.00
42782,100.00
42783,100.00
42784,100.00
42785,100.00
42786,100.00
42787,100.00
42788,100.00
42789,100.00
42790,100.00
42791,100.00
42792,100.00
42793,100.00
42794,100.00
42795,100.00
42796,100.00
42797,100.00
42798,100.00
42799,100.00
42800,100.00
42801,100.00
42802,100.00
42803,100.00
42804,100.00
42805,100.00
42806,100.00
42807,100.00
42808,100.00
42809,100.00
42810,100.00
42811,100.00
42812,100.00
42813,100.00
42814,100.00
42815,100.00
42816,100.00
42817,100.00
42818,100.00
42819,100.00
42820,100.00
42821,100.00
42822,100.00
42823,100.00
42824,100.00
42825,100.00
42826,100.00
42827,100.00
42828,100.00
42829,100.00
42830,100.00
42831,100.00
42832,100.00
42833,100.00
42834,100.00
42835,100.00
42836,100.00
42837,100.00
42838,100.00
42839,100.00
42840,100.00
42841,100.00
42842,100.00
42843,100.00
42844,100.00
42845,100.00
42846,100.00
42847,100.00
42848,100.00
42849,100.00
42850,100.00
42851,100.00
42852,100.00
42853,100.00
42854,100.00
42855,100.00
42856,100.00
42857,100.00
42858,100.00
42859,100.00
42860,100.00
42861,100.00
42862,100.00
42863,100.00
42864,100.00
42865,100.00
42866,100.00
42867,100.00
42868,100.00
42869,100.00
42870,100.00
42871,100.00
42872,100.00
42873,100.00
42874,100.00
42875,100.00
42876,100.00
42877,100.00
42878,100.00
42879,100.00
42880,100.00
42881,100.00
42882,100.00
42883,100.00
42884,100.00
42885,100.00
42886,100.00
42887,100.00
42888,100.00
42889,100.00
42890,100.00
42891,100.00
42892,100.00
42893,100.00
42894,100.00
42895,100.00
42896,100.00
42897,100.00
42898,100.00
42899,100.00
42900,100.00
42901,100.00
42902,100.00
42903,100.00
42904,100.00
42905,100.00
42906,100.00
42907,100.00
42908,100.00
42909,100.00
42910,100.00
42911,100.00
42912,100.00
42913,100.00
42914,100.00
42915,100.00
42916,100.00
42917,100.00
42918,100.00
42919,100.00
42920,100.00
42921,100.00
42922,100.00
42923,100.00
42924,100.00
42925,100.00
42926,100.00
42927,100.00
42928,100.00
42929,100.00
42930,100.00
42931,100.00
42932,100.00
42933,100.00
42934,100.00
42935,100.00
42936,100.00
42937,100.00
42938,100.00
42939,100.00
42940,100.00
42941,100.00
42942,100.00
42943,100.00
42944,100.00
42945,100.00
42946,100.00
42947,100.00
42948,100.00
42949,100.00
42950,100.00
42951,100.00
42952,100.00
42953,100.00
42954,100.00
42955,100.00
42956,100.00
42957,100.00
42958,100.00
42959,100.00
42960,100.00
42961,100.00
42962,100.00
42963,100.00
42964,100.00
42965,100.00
42966,100.00
42967,100.00
42968,100.00
42969,100.00
42970,100.00
42971,100.00
42972,100.00
42973,100.00
42974,100.00
42975,100.00
42976,100.00
42977,100.00
42978,100.00
42979,100.00
42980,100.00
42981,100.00
42982,100.00
42983,100.00
42984,100.00
42985,100.00
42986,100.00
42987,100.00
42988,100.00
42989,100.00
42990,100.00
42991,100.00
42992,100.00
42993,100.00
42994,100.00
42995,100.00
42996,100.00
42997,100.00
42998,100.00
42999,100.00
43000,100.00
43001,100.00
43002,100.00
43003,100.00
43004,100.00
43005,100.00
43006,100.00
43007,100.00
43008,100.00
43009,100.00
43010,100.00
43011,100.00
43012,100.00
43013,100.00
43014,100.00
43015,100.00
43016,100.00
43017,100.00
43018,100.00
43019,100.00
43020,100.00
43021,100.00
43022,100.00
43023,100.00
43024,100.00
43025,100.00
43026,100.00
43027,100.00
43028,100.00
43029,100.00
43030,100.00
43031,100.00
43032,100.00
43033,100.00
43034,100.00
43035,100.00
43036,100.00
43037,100.00
43038,100.00
43039,100.00
43040,100.00
43041,100.00
43042,100.00
43043,100.00
43044,100.00
43045,100.00
43046,100.00
43047,100.00
43048,100.00
43049,100.00
43050,100.00
43051,100.00
43052,100.00
43053,100.00
43054,100.00
43055,100.00
43056,100.00
43057,100.00
43058,100.00
43059,100.00
43060,100.00
43061,100.00
43062,100.00
43063,100.00
43064,100.00
43065,100.00
43066,100.00
43067,100.00
43068,100.00
43069,100.00
43070,100.00
43071,100.00
43072,100.00
43073,100.00
43074,100.00
43075,100.00
43076,100.00
43077,100.00
43078,100.00
43079,100.00
43080,100.00
43081,100.00
43082,100.00
43083,100.00
43084,100.00
43085,100.00
43086,100.00
43087,100.00
43088,100.00
43089,100.00
43090,100.00
43091,100.00
43092,100.00
43093,100.00
43094,100.00
43095,100.00
43096,100.00
43097,100.00
43098,100.00
43099,100.00
43100,100.00
43101,100.00
43102,100.00
43103,100.00
43104,100.00
43105,100.00
43106,100.00
43107,100.00
43108,100.00
43109,100.00
43110,100.00
43111,100.00
43112,100.00
43113,100.00
43114,100.00
43115,100.00
43116,100.00
43117,100.00
43118,100.00
43119,100.00
43120,100.00
43121,100.00
43122,100.00
43123,100.00
43124,100.00
43125,100.00
43126,100.00
43127,100.00
43128,100.00
43129,100.00
43130,100.00
43131,100.00
43132,100.00
43133,100.00
43134,100.00
43135,100.00
43136,100.00
43137,100.00
43138,100.00
43139,100.00
43140,100.00
43141,100.00
43142,100.00
43143,100.00
43144,100.00
43145,100.00
43146,100.00
43147,100.00
43148,100.00
43149,100.00
43150,100.00
43151,100.00
43152,100.00
43153,100.00
43154,100.00
43155,100.00
43156,100.00
43157,100.00
43158,100.00
43159,100.00
43160,100.00
43161,100.00
43162,100.00
43163,100.00
43164,100.00
43165,100.00
43166,100.00
43167,100.00
43168,100.00
43169,100.00
43170,100.00
43171,100.00
43172,100.00
43173,100.00
43174,100.00
43175,100.00
43176,100.00
43177,100.00
43178,100.00
43179,100.00
43180,100.00
43181,100.00
43182,100.00
43183,100.00
43184,100.00
43185,100.00
43186,100.00
43187,100.00
43188,100.00
43189,100.00
43190,100.00
43191,100.00
43192,100.00
43193,100.00
43194,100.00
43195,100.00
43196,100.00
43197,100.00
43198,100.00
43199,100.00
43200,100.00
43201,100.00
43202,100.00
43203,100.00
43204,100.00
43205,100.00
43206,100.00
43207,100.00
43208,100.00
43209,100.00
43210,100.00
43211,100.00
43212,100.00
43213,100.00
43214,100.00
43215,100.00
43216,100.00
43217,100.00
43218,100.00
43219,100.00
43220,100.00
43221,100.00
43222,100.00
43223,100.00
43224,100.00
43225,100.00
43226,100.00
43227,100.00
43228,100.00
43229,100.00
43230,100.00
43231,100.00
43232,100.00
43233,100.00
43234,100.00
43235,100.00
43236,100.00
43237,100.00
43238,100.00
43239,100.00
43240,100.00
43241,100.00
43242,100.00
43243,100.00
43244,100.00
43245,100.00
43246,100.00
43247,100.00
43248,100.00
43249,100.00
43250,100.00
43251,100.00
43252,100.00
43253,100.00
43254,100.00
43255,100.00
43256,100.00
43257,100.00
43258,100.00
43259,100.00
43260,100.00
43261,100.00
43262,100.00
43263,100.00
43264,100.00
43265,100.00
43266,100.00
43267,100.00
43268,100.00
43269,100.00
43270,100.00
43271,100.00
43272,100.00
43273,100.00
43274,100.00
43275,100.00
43276,100.00
43277,100.00
43278,100.00
43279,100.00
43280,100.00
43281,100.00
43282,100.00
43283,100.00
43284,100.00
43285,100.00
43286,100.00
43287,100.00
43288,100.00
43289,100.00
43290,100.00
43291,100.00
43292,100.00
43293,100.00
43294,100.00
43295,100.00
43296,100.00
43297,100.00
43298,100.00
43299,100.00
43300,100.00
43301,100.00
43302,100.00
43303,100.00
43304,100.00
43305,100.00
43306,100.00
43307,100.00
43308,100.00
43309,100.00
43310,100.00
43311,100.00
43312,100.00
43313,100.00
43314,100.00
43315,100.00
43316,100.00
43317,100.00
43318,100.00
43319,100.00
43320,100.00
43321,100.00
43322,100.00
43323,100.00
43324,100.00
43325,100.00
43326,100.00
43327,100.00
43328,100.00
43329,100.00
43330,100.00
43331,100.00
43332,100.00
43333,100.00
43334,100.00
43335,100.00
43336,100.00
43337,100.00
43338,100.00
43339,100.00
43340,100.00
43341,100.00
43342,100.00
43343,100.00
43344,100.00
43345,100.00
43346,100.00
43347,100.00
43348,100.00
43349,100.00
43350,100.00
43351,100.00
43352,100.00
43353,100.00
43354,100.00
43355,100.00
43356,100.00
43357,100.00
43358,100.00
43359,100.00
43360,100.00
43361,100.00
43362,100.00
43363,100.00
43364,100.00
43365,100.00
43366,100.00
43367,100.00
43368,100.00
43369,100.00
43370,100.00
43371,100.00
43372,100.00
43373,100.00
43374,100.00
43375,100.00
43376,100.00
43377,100.00
43378,100.00
43379,100.00
43380,100.00
43381,100.00
43382,100.00
43383,100.00
43384,100.00
43385,100.00
43386,100.00
43387,100.00
43388,100.00
43389,100.00
43390,100.00
43391,100.00
43392,100.00
43393,100.00
43394,100.00
43395,100.00
43396,100.00
43397,100.00
43398,100.00
43399,100.00
43400,100.00
43401,100.00
43402,100.00
43403,100.00
43404,100.00
43405,100.00
43406,100.00
43407,100.00
43408,100.00
43409,100.00
43410,100.00
43411,100.00
43412,100.00
43413,100.00
43414,100.00
43415,100.00
43416,100.00
43417,100.00
43418,100.00
43419,100.00
43420,100.00
43421,100.00
43422,100.00
43423,100.00
43424,100.00
43425,100.00
43426,100.00
43427,100.00
43428,100.00
43429,100.00
43430,100.00
43431,100.00
43432,100.00
43433,100.00
43434,100.00
43435,100.00
43436,100.00
43437,100.00
43438,100.00
43439,100.00
43440,100.00
43441,100.00
43442,100.00
43443,100.00
43444,100.00
43445,100.00
43446,100.00
43447,100.00
43448,100.00
43449,100.00
43450,100.00
43451,100.00
43452,100.00
43453,100.00
43454,100.00
43455,100.00
43456,100.00
43457,100.00
43458,100.00
43459,100.00
43460,100.00
43461,100.00
43462,100.00
43463,100.00
43464,100.00
43465,100.00
43466,100.00
43467,100.00
43468,100.00
43469,100.00
43470,100.00
43471,100.00
43472,100.00
43473,100.00
43474,100.00
43475,100.00
43476,100.00
43477,100.00
43478,100.00
43479,100.00
43480,100.00
43481,100.00
43482,100.00
43483,100.00
43484,100.00
43485,100.00
43486,100.00
43487,100.00
43488,100.00
43489,100.00
43490,100.00
43491,100.00
43492,100.00
43493,100.00
43494,100.00
43495,100.00
43496,100.00
43497,100.00
43498,100.00
43499,100.00
43500,100.00
43501,100.00
43502,100.00
43503,100.00
43504,100.00
43505,100.00
43506,100.00
43507,100.00
43508,100.00
43509,100.00
43510,100.00
43511,100.00
43512,100.00
43513,100.00
43514,100.00
43515,100.00
43516,100.00
43517,100.00
43518,100.00
43519,100.00
43520,100.00
43521,100.00
43522,100.00
43523,100.00
43524,100.00
43525,100.00
43526,100.00
43527,100.00
43528,100.00
43529,100.00
43530,100.00
43531,100.00
43532,100.00
43533,100.00
43534,100.00
43535,100.00
43536,100.00
43537,100.00
43538,100.00
43539,100.00
43540,100.00
43541,100.00
43542,100.00
43543,100.00
43544,100.00
43545,100.00
43546,100.00
43547,100.00
43548,100.00
43549,100.00
43550,100.00
43551,100.00
43552,100.00
43553,100.00
43554,100.00
43555,100.00
43556,100.00
43557,100.00
43558,100.00
43559,100.00
43560,100.00
43561,100.00
43562,100.00
43563,100.00
43564,100.00
43565,100.00
43566,100.00
43567,100.00
43568,100.00
43569,100.00
43570,100.00
43571,100.00
43572,100.00
43573,100.00
43574,100.00
43575,100.00
43576,100.00
43577,100.00
43578,100.00
43579,100.00
43580,100.00
43581,100.00
43582,100.00
43583,100.00
43584,100.00
43585,100.00
43586,100.00
43587,100.00
43588,100.00
43589,100.00
43590,100.00
43591,100.00
43592,100.00
43593,100.00
43594,100.00
43595,100.00
43596,100.00
43597,100.00
43598,100.00
43599,100.00
43600,100.00
43601,100.00
43602,100.00
43603,100.00
43604,100.00
43605,100.00
43606,100.00
43607,100.00
43608,100.00
43609,100.00
43610,100.00
43611,100.00
43612,100.00
43613,100.00
43614,100.00
43615,100.00
43616,100.00
43617,100.00
43618,100.00
43619,100.00
43620,100.00
43621,100.00
43622,100.00
43623,100.00
43624,100.00
43625,100.00
43626,100.00
43627,100.00
43628,100.00
43629,100.00
43630,100.00
43631,100.00
43632,100.00
43633,100.00
43634,100.00
43635,100.00
43636,100.00
43637,100.00
43638,100.00
43639,100.00
43640,100.00
43641,100.00
43642,100.00
43643,100.00
43644,100.00
43645,100.00
43646,100.00
43647,100.00
43648,100.00
43649,100.00
43650,100.00
43651,100.00
43652,100.00
43653,100.00
43654,100.00
43655,100.00
43656,100.00
43657,100.00
43658,100.00
43659,100.00
43660,100.00
43661,100.00
43662,100.00
43663,100.00
43664,100.00
43665,100.00
43666,100.00
43667,100.00
43668,100.00
43669,100.00
43670,100.00
43671,100.00
43672,100.00
43673,100.00
43674,100.00
43675,100.00
43676,100.00
43677,100.00
43678,100.00
43679,100.00
43680,100.00
43681,100.00
43682,100.00
43683,100.00
43684,100.00
43685,100.00
43686,100.00
43687,100.00
43688,100.00
43689,100.00
43690,100.00
43691,100.00
43692,100.00
43693,100.00
43694,100.00
43695,100.00
43696,100.00
43697,100.00
43698,100.00
43699,100.00
43700,100.00
43701,100.00
43702,100.00
43703,100.00
43704,100.00
43705,100.00
43706,100.00
43707,100.00
43708,100.00
43709,100.00
43710,100.00
43711,100.00
43712,100.00
43713,100.00
43714,100.00
43715,100.00
43716,100.00
43717,100.00
43718,100.00
43719,100.00
43720,100.00
43721,100.00
43722,100.00
43723,100.00
43724,100.00
43725,100.00
43726,100.00
43727,100.00
43728,100.00
43729,100.00
43730,100.00
43731,100.00
43732,100.00
43733,100.00
43734,100.00
43735,100.00
43736,100.00
43737,100.00
43738,100.00
43739,100.00
43740,100.00
43741,100.00
43742,100.00
43743,100.00
43744,100.00
43745,100.00
43746,100.00
43747,100.00
43748,100.00
43749,100.00
43750,100.00
43751,100.00
43752,100.00
43753,100.00
43754,100.00
43755,100.00
43756,100.00
43757,100.00
43758,100.00
43759,100.00
43760,100.00
43761,100.00
43762,100.00
43763,100.00
43764,100.00
43765,100.00
43766,100.00
43767,100.00
43768,100.00
43769,100.00
43770,100.00
43771,100.00
43772,100.00
43773,100.00
43774,100.00
43775,100.00
43776,100.00
43777,100.00
43778,100.00
43779,100.00
43780,100.00
43781,100.00
43782,100.00
43783,100.00
43784,100.00
43785,100.00
43786,100.00
43787,100.00
43788,100.00
43789,100.00
43790,100.00
43791,100.00
43792,100.00
43793,100.00
43794,100.00
43795,100.00
43796,100.00
43797,100.00
43798,100.00
43799,100.00
43800,100.00
43801,100.00
43802,100.00
43803,100.00
43804,100.00
43805,100.00
43806,100.00
43807,100.00
43808,100.00
43809,100.00
43810,100.00
43811,100.00
43812,100.00
43813,100.00
43814,100.00
43815,100.00
43816,100.00
43817,100.00
43818,100.00
43819,100.00
43820,100.00
43821,100.00
43822,100.00
43823,100.00
43824,100.00
43825,100.00
43826,100.00
43827,100.00
43828,100.00
43829,100.00
43830,100.00
43831,100.00
43832,100.00
43833,100.00
43834,100.00
43835,100.00
43836,100.00
43837,100.00
43838,100.00
43839,100.00
43840,100.00
43841,100.00
43842,100.00
43843,100.00
43844,100.00
43845,100.00
43846,100.00
43847,100.00
43848,100.00
43849,100.00
43850,100.00
43851,100.00
43852,100.00
43853,100.00
43854,100.00
43855,100.00
43856,100.00
43857,100.00
43858,100.00
43859,100.00
43860,100.00
43861,100.00
43862,100.00
43863,100.00
43864,100.00
43865,100.00
43866,100.00
43867,100.00
43868,100.00
43869,100.00
43870,100.00
43871,100.00
43872,100.00
43873,100.00
43874,100.00
43875,100.00
43876,100.00
43877,100.00
43878,100.00
43879,100.00
43880,100.00
43881,100.00
43882,100.00
43883,100.00
43884,100.00
43885,100.00
43886,100.00
43887,100.00
43888,100.00
43889,100.00
43890,100.00
43891,100.00
43892,100.00
43893,100.00
43894,100.00
43895,100.00
43896,100.00
43897,100.00
43898,100.00
43899,100.00
43900,100.00
43901,100.00
43902,100.00
43903,100.00
43904,100.00
43905,100.00
43906,100.00
43907,100.00
43908,100.00
43909,100.00
43910,100.00
43911,100.00
43912,100.00
43913,100.00
43914,100.00
43915,100.00
43916,100.00
43917,100.00
43918,100.00
43919,100.00
43920,100.00
43921,100.00
43922,100.00
43923,100.00
43924,100.00
43925,100.00
43926,100.00
43927,100.00
43928,100.00
43929,100.00
43930,100.00
43931,100.00
43932,100.00
43933,100.00
43934,100.00
43935,100.00
43936,100.00
43937,100.00
43938,100.00
43939,100.00
43940,100.00
43941,100.00
43942,100.00
43943,100.00
43944,100.00
43945,100.00
43946,100.00
43947,100.00
43948,100.00
43949,100.00
43950,100.00
43951,100.00
43952,100.00
43953,100.00
43954,100.00
43955,100.00
43956,100.00
43957,100.00
43958,100.00
43959,100.00
43960,100.00
43961,100.00
43962,100.00
43963,100.00
43964,100.00
43965,100.00
43966,100.00
43967,100.00
43968,100.00
43969,100.00
43970,100.00
43971,100.00
43972,100.00
43973,100.00
43974,100.00
43975,100.00
43976,100.00
43977,100.00
43978,100.00
43979,100.00
43980,100.00
43981,100.00
43982,100.00
43983,100.00
43984,100.00
43985,100.00
43986,100.00
43987,100.00
43988,100.00
43989,100.00
43990,100.00
43991,100.00
43992,100.00
43993,100.00
43994,100.00
43995,100.00
43996,100.00
43997,100.00
43998,100.00
43999,100.00
44000,100.00
44001,100.00
44002,100.00
44003,100.00
44004,100.00
44005,100.00
44006,100.00
44007,100.00
44008,100.00
44009,100.00
44010,100.00
44011,100.00
44012,100.00
44013,100.00
44014,100.00
44015,100.00
44016,100.00
44017,100.00
44018,100.00
44019,100.00
44020,100.00
44021,100.00
44022,100.00
44023,100.00
44024,100.00
44025,100.00
44026,100.00
44027,100.00
44028,100.00
44029,100.00
44030,100.00
44031,100.00
44032,100.00
44033,100.00
44034,100.00
44035,100.00
44036,100.00
44037,100.00
44038,100.00
44039,100.00
44040,100.00
44041,100.00
44042,100.00
44043,100.00
44044,100.00
44045,100.00
44046,100.00
44047,100.00
44048,100.00
44049,100.00
44050,100.00
44051,100.00
44052,100.00
44053,100.00
44054,100.00
44055,100.00
44056,100.00
44057,100.00
44058,100.00
44059,100.00
44060,100.00
44061,100.00
44062,100.00
44063,100.00
44064,100.00
44065,100.00
44066,100.00
44067,100.00
44068,100.00
44069,100.00
44070,100.00
44071,100.00
44072,100.00
44073,100.00
44074,100.00
44075,100.00
44076,100.00
44077,100.00
44078,100.00
44079,100.00
44080,100.00
44081,100.00
44082,100.00
44083,100.00
44084,100.00
44085,100.00
44086,100.00
44087,100.00
44088,100.00
44089,100.00
44090,100.00
44091,100.00
44092,100.00
44093,100.00
44094,100.00
44095,100.00
44096,100.00
44097,100.00
44098,100.00
44099,100.00
44100,100.00
44101,100.00
44102,100.00
44103,100.00
44104,100.00
44105,100.00
44106,100.00
44107,100.00
44108,100.00
44109,100.00
44110,100.00
44111,100.00
44112,100.00
44113,100.00
44114,100.00
44115,100.00
44116,100.00
44117,100.00
44118,100.00
44119,100.00
44120,100.00
44121,100.00
44122,100.00
44123,100.00
44124,100.00
44125,100.00
44126,100.00
44127,100.00
44128,100.00
44129,100.00
44130,100.00
44131,100.00
44132,100.00
44133,100.00
44134,100.00
44135,100.00
44136,100.00
44137,100.00
44138,100.00
44139,100.00
44140,100.00
44141,100.00
44142,100.00
44143,100.00
44144,100.00
44145,100.00
44146,100.00
44147,100.00
44148,100.00
44149,100.00
44150,100.00
44151,100.00
44152,100.00
44153,100.00
44154,100.00
44155,100.00
44156,100.00
44157,100.00
44158,100.00
44159,100.00
44160,100.00
44161,100.00
44162,100.00
44163,100.00
44164,100.00
44165,100.00
44166,100.00
44167,100.00
44168,100.00
44169,100.00
44170,100.00
44171,100.00
44172,100.00
44173,100.00
44174,100.00
44175,100.00
44176,100.00
44177,100.00
44178,100.00
44179,100.00
44180,100.00
44181,100.00
44182,100.00
44183,100.00
44184,100.00
44185,100.00
44186,100.00
44187,100.00
44188,100.00
44189,100.00
44190,100.00
44191,100.00
44192,100.00
44193,100.00
44194,100.00
44195,100.00
44196,100.00
44197,100.00
44198,100.00
44199,100.00
44200,100.00
44201,100.00
44202,100.00
44203,100.00
44204,100.00
44205,100.00
44206,100.00
44207,100.00
44208,100.00
44209,100.00
44210,100.00
44211,100.00
44212,100.00
44213,100.00
44214,100.00
44215,100.00
44216,100.00
44217,100.00
44218,100.00
44219,100.00
44220,100.00
44221,100.00
44222,100.00
44223,100.00
44224,100.00
44225,100.00
44226,100.00
44227,100.00
44228,100.00
44229,100.00
44230,100.00
44231,100.00
44232,100.00
44233,100.00
44234,100.00
44235,100.00
44236,100.00
44237,100.00
44238,100.00
44239,100.00
44240,100.00
44241,100.00
44242,100.00
44243,100.00
44244,100.00
44245,100.00
44246,100.00
44247,100.00
44248,100.00
44249,100.00
44250,100.00
44251,100.00
44252,100.00
44253,100.00
44254,100.00
44255,100.00
44256,100.00
44257,100.00
44258,100.00
44259,100.00
44260,100.00
44261,100.00
44262,100.00
44263,100.00
44264,100.00
44265,100.00
44266,100.00
44267,100.00
44268,100.00
44269,100.00
44270,100.00
44271,100.00
44272,100.00
44273,100.00
44274,100.00
44275,100.00
44276,100.00
44277,100.00
44278,100.00
44279,100.00
44280,100.00
44281,100.00
44282,100.00
44283,100.00
44284,100.00
44285,100.00
44286,100.00
44287,100.00
44288,100.00
44289,100.00
44290,100.00
44291,100.00
44292,100.00
44293,100.00
44294,100.00
44295,100.00
44296,100.00
44297,100.00
44298,100.00
44299,100.00
44300,100.00
44301,100.00
44302,100.00
44303,100.00
44304,100.00
44305,100.00
44306,100.00
44307,100.00
44308,100.00
44309,100.00
44310,100.00
44311,100.00
44312,100.00
44313,100.00
44314,100.00
44315,100.00
44316,100.00
44317,100.00
44318,100.00
44319,100.00
44320,100.00
44321,100.00
44322,100.00
44323,100.00
44324,100.00
44325,100.00
44326,100.00
44327,100.00
44328,100.00
44329,100.00
44330,100.00
44331,100.00
44332,100.00
44333,100.00
44334,100.00
44335,100.00
44336,100.00
44337,100.00
44338,100.00
44339,100.00
44340,100.00
44341,100.00
44342,100.00
44343,100.00
44344,100.00
44345,100.00
44346,100.00
44347,100.00
44348,100.00
44349,100.00
44350,100.00
44351,100.00
44352,100.00
44353,100.00
44354,100.00
44355,100.00
44356,100.00
44357,100.00
44358,100.00
44359,100.00
44360,100.00
44361,100.00
44362,100.00
44363,100.00
44364,100.00
44365,100.00
44366,100.00
44367,100.00
44368,100.00
44369,100.00
44370,100.00
44371,100.00
44372,100.00
44373,100.00
44374,100.00
44375,100.00
44376,100.00
44377,100.00
44378,100.00
44379,100.00
44380,100.00
44381,100.00
44382,100.00
44383,100.00
44384,100.00
44385,100.00
44386,100.00
44387,100.00
44388,100.00
44389,100.00
44390,100.00
44391,100.00
44392,100.00
44393,100.00
44394,100.00
44395,100.00
44396,100.00
44397,100.00
44398,100.00
44399,100.00
44400,100.00
44401,100.00
44402,100.00
44403,100.00
44404,100.00
44405,100.00
44406,100.00
44407,100.00
44408,100.00
44409,100.00
44410,100.00
44411,100.00
44412,100.00
44413,100.00
44414,100.00
44415,100.00
44416,100.00
44417,100.00
44418,100.00
44419,100.00
44420,100.00
44421,100.00
44422,100.00
44423,100.00
44424,100.00
44425,100.00
44426,100.00
44427,100.00
44428,100.00
44429,100.00
44430,100.00
44431,100.00
44432,100.00
44433,100.00
44434,100.00
44435,100.00
44436,100.00
44437,100.00
44438,100.00
44439,100.00
44440,100.00
44441,100.00
44442,100.00
44443,100.00
44444,100.00
44445,100.00
44446,100.00
44447,100.00
44448,100.00
44449,100.00
44450,100.00
44451,100.00
44452,100.00
44453,100.00
44454,100.00
44455,100.00
44456,100.00
44457,100.00
44458,100.00
44459,100.00
44460,100.00
44461,100.00
44462,100.00
44463,100.00
44464,100.00
44465,100.00
44466,100.00
44467,100.00
44468,100.00
44469,100.00
44470,100.00
44471,100.00
44472,100.00
44473,100.00
44474,100.00
44475,100.00
44476,100.00
44477,100.00
44478,100.00
44479,100.00
44480,100.00
44481,100.00
44482,100.00
44483,100.00
44484,100.00
44485,100.00
44486,100.00
44487,100.00
44488,100.00
44489,100.00
44490,100.00
44491,100.00
44492,100.00
44493,100.00
44494,100.00
44495,100.00
44496,100.00
44497,100.00
44498,100.00
44499,100.00
44500,100.00
44501,100.00
44502,100.00
44503,100.00
44504,100.00
44505,100.00
44506,100.00
44507,100.00
44508,100.00
44509,100.00
44510,100.00
44511,100.00
44512,100.00
44513,100.00
44514,100.00
44515,100.00
44516,100.00
44517,100.00
44518,100.00
44519,100.00
44520,100.00
44521,100.00
44522,100.00
44523,100.00
44524,100.00
44525,100.00
44526,100.00
44527,100.00
44528,100.00
44529,100.00
44530,100.00
44531,100.00
44532,100.00
44533,100.00
44534,100.00
44535,100.00
44536,100.00
44537,100.00
44538,100.00
44539,100.00
44540,100.00
44541,100.00
44542,100.00
44543,100.00
44544,100.00
44545,100.00
44546,100.00
44547,100.00
44548,100.00
44549,100.00
44550,100.00
44551,100.00
44552,100.00
44553,100.00
44554,100.00
44555,100.00
44556,100.00
44557,100.00
44558,100.00
44559,100.00
44560,100.00
44561,100.00
44562,100.00
44563,100.00
44564,100.00
44565,100.00
44566,100.00
44567,100.00
44568,100.00
44569,100.00
44570,100.00
44571,100.00
44572,100.00
44573,100.00
44574,100.00
44575,100.00
44576,100.00
44577,100.00
44578,100.00
44579,100.00
44580,100.00
44581,100.00
44582,100.00
44583,100.00
44584,100.00
44585,100.00
44586,100.00
44587,100.00
44588,100.00
44589,100.00
44590,100.00
44591,100.00
44592,100.00
44593,100.00
44594,100.00
44595,100.00
44596,100.00
44597,100.00
44598,100.00
44599,100.00
44600,100.00
44601,100.00
44602,100.00
44603,100.00
44604,100.00
44605,100.00
44606,100.00
44607,100.00
44608,100.00
44609,100.00
44610,100.00
44611,100.00
44612,100.00
44613,100.00
44614,100.00
44615,100.00
44616,100.00
44617,100.00
44618,100.00
44619,100.00
44620,100.00
44621,100.00
44622,100.00
44623,100.00
44624,100.00
44625,100.00
44626,100.00
44627,100.00
44628,100.00
44629,100.00
44630,100.00
44631,100.00
44632,100.00
44633,100.00
44634,100.00
44635,100.00
44636,100.00
44637,100.00
44638,100.00
44639,100.00
44640,100.00
44641,100.00
44642,100.00
44643,100.00
44644,100.00
44645,100.00
44646,100.00
44647,100.00
44648,100.00
44649,100.00
44650,100.00
44651,100.00
44652,100.00
44653,100.00
44654,100.00
44655,100.00
44656,100.00
44657,100.00
44658,100.00
44659,100.00
44660,100.00
44661,100.00
44662,100.00
44663,100.00
44664,100.00
44665,100.00
44666,100.00
44667,100.00
44668,100.00
44669,100.00
44670,100.00
44671,100.00
44672,100.00
44673,100.00
44674,100.00
44675,100.00
44676,100.00
44677,100.00
44678,100.00
44679,100.00
44680,100.00
44681,100.00
44682,100.00
44683,100.00
44684,100.00
44685,100.00
44686,100.00
44687,100.00
44688,100.00
44689,100.00
44690,100.00
44691,100.00
44692,100.00
44693,100.00
44694,100.00
44695,100.00
44696,100.00
44697,100.00
44698,100.00
44699,100.00
44700,100.00
44701,100.00
44702,100.00
44703,100.00
44704,100.00
44705,100.00
44706,100.00
44707,100.00
44708,100.00
44709,100.00
44710,100.00
44711,100.00
44712,100.00
44713,100.00
44714,100.00
44715,100.00
44716,100.00
44717,100.00
44718,100.00
44719,100.00
44720,100.00
44721,100.00
44722,100.00
44723,100.00
44724,100.00
44725,100.00
44726,100.00
44727,100.00
44728,100.00
44729,100.00
44730,100.00
44731,100.00
44732,100.00
44733,100.00
44734,100.00
44735,100.00
44736,100.00
44737,100.00
44738,100.00
44739,100.00
44740,100.00
44741,100.00
44742,100.00
44743,100.00
44744,100.00
44745,100.00
44746,100.00
44747,100.00
44748,100.00
44749,100.00
44750,100.00
44751,100.00
44752,100.00
44753,100.00
44754,100.00
44755,100.00
44756,100.00
44757,100.00
44758,100.00
44759,100.00
44760,100.00
44761,100.00
44762,100.00
44763,100.00
44764,100.00
44765,100.00
44766,100.00
44767,100.00
44768,100.00
44769,100.00
44770,100.00
44771,100.00
44772,100.00
44773,100.00
44774,100.00
44775,100.00
44776,100.00
44777,100.00
44778,100.00
44779,100.00
44780,100.00
44781,100.00
44782,100.00
44783,100.00
44784,100.00
44785,100.00
44786,100.00
44787,100.00
44788,100.00
44789,100.00
44790,100.00
44791,100.00
44792,100.00
44793,100.00
44794,100.00
44795,100.00
44796,100.00
44797,100.00
44798,100.00
44799,100.00
44800,100.00
44801,100.00
44802,100.00
44803,100.00
44804,100.00
44805,100.00
44806,100.00
44807,100.00
44808,100.00
44809,100.00
44810,100.00
44811,100.00
44812,100.00
44813,100.00
44814,100.00
44815,100.00
44816,100.00
44817,100.00
44818,100.00
44819,100.00
44820,100.00
44821,100.00
44822,100.00
44823,100.00
44824,100.00
44825,100.00
44826,100.00
44827,100.00
44828,100.00
44829,100.00
44830,100.00
44831,100.00
44832,100.00
44833,100.00
44834,100.00
44835,100.00
44836,100.00
44837,100.00
44838,100.00
44839,100.00
44840,100.00
44841,100.00
44842,100.00
44843,100.00
44844,100.00
44845,100.00
44846,100.00
44847,100.00
44848,100.00
44849,100.00
44850,100.00
44851,100.00
44852,100.00
44853,100.00
44854,100.00
44855,100.00
44856,100.00
44857,100.00
44858,100.00
44859,100.00
44860,100.00
44861,100.00
44862,100.00
44863,100.00
44864,100.00
44865,100.00
44866,100.00
44867,100.00
44868,100.00
44869,100.00
44870,100.00
44871,100.00
44872,100.00
44873,100.00
44874,100.00
44875,100.00
44876,100.00
44877,100.00
44878,100.00
44879,100.00
44880,100.00
44881,100.00
44882,100.00
44883,100.00
44884,100.00
44885,100.00
44886,100.00
44887,100.00
44888,100.00
44889,100.00
44890,100.00
44891,100.00
44892,100.00
44893,100.00
44894,100.00
44895,100.00
44896,100.00
44897,100.00
44898,100.00
44899,100.00
44900,100.00
44901,100.00
44902,100.00
44903,100.00
44904,100.00
44905,100.00
44906,100.00
44907,100.00
44908,100.00
44909,100.00
44910,100.00
44911,100.00
44912,100.00
44913,100.00
44914,100.00
44915,100.00
44916,100.00
44917,100.00
44918,100.00
44919,100.00
44920,100.00
44921,100.00
44922,100.00
44923,100.00
44924,100.00
44925,100.00
44926,100.00
44927,100.00
44928,100.00
44929,100.00
44930,100.00
44931,100.00
44932,100.00
44933,100.00
44934,100.00
44935,100.00
44936,100.00
44937,100.00
44938,100.00
44939,100.00
44940,100.00
44941,100.00
44942,100.00
44943,100.00
44944,100.00
44945,100.00
44946,100.00
44947,100.00
44948,100.00
44949,100.00
44950,100.00
44951,100.00
44952,100.00
44953,100.00
44954,100.00
44955,100.00
44956,100.00
44957,100.00
44958,100.00
44959,100.00
44960,100.00
44961,100.00
44962,100.00
44963,100.00
44964,100.00
44965,100.00
44966,100.00
44967,100.00
44968,100.00
44969,100.00
44970,100.00
44971,100.00
44972,100.00
44973,100.00
44974,100.00
44975,100.00
44976,100.00
44977,100.00
44978,100.00
44979,100.00
44980,100.00
44981,100.00
44982,100.00
44983,100.00
44984,100.00
44985,100.00
44986,100.00
44987,100.00
44988,100.00
44989,100.00
44990,100.00
44991,100.00
44992,100.00
44993,100.00
44994,100.00
44995,100.00
44996,100.00
44997,100.00
44998,100.00
44999,100.00
45000,100.00
45001,100.00
45002,100.00
45003,100.00
45004,100.00
45005,100.00
45006,100.00
45007,100.00
45008,100.00
45009,100.00
45010,100.00
45011,100.00
45012,100.00
45013,100.00
45014,100.00
45015,100.00
45016,100.00
45017,100.00
45018,100.00
45019,100.00
45020,100.00
45021,100.00
45022,100.00
45023,100.00
45024,100.00
45025,100.00
45026,100.00
45027,100.00
45028,100.00
45029,100.00
45030,100.00
45031,100.00
45032,100.00
45033,100.00
45034,100.00
45035,100.00
45036,100.00
45037,100.00
45038,100.00
45039,100.00
45040,100.00
45041,100.00
45042,100.00
45043,100.00
45044,100.00
45045,100.00
45046,100.00
45047,100.00
45048,100.00
45049,100.00
45050,100.00
45051,100.00
45052,100.00
45053,100.00
45054,100.00
45055,100.00
45056,100.00
45057,100.00
45058,100.00
45059,100.00
45060,100.00
45061,100.00
45062,100.00
45063,100.00
45064,100.00
45065,100.00
45066,100.00
45067,100.00
45068,100.00
45069,100.00
45070,100.00
45071,100.00
45072,100.00
45073,100.00
45074,100.00
45075,100.00
45076,100.00
45077,100.00
45078,100.00
45079,100.00
45080,100.00
45081,100.00
45082,100.00
45083,100.00
45084,100.00
45085,100.00
45086,100.00
45087,100.00
45088,100.00
45089,100.00
45090,100.00
45091,100.00
45092,100.00
45093,100.00
45094,100.00
45095,100.00
45096,100.00
45097,100.00
45098,100.00
45099,100.00
45100,100.00
45101,100.00
45102,100.00
45103,100.00
45104,100.00
45105,100.00
45106,100.00
45107,100.00
45108,100.00
45109,100.00
45110,100.00
45111,100.00
45112,100.00
45113,100.00
45114,100.00
45115,100.00
45116,100.00
45117,100.00
45118,100.00
45119,100.00
45120,100.00
45121,100.00
45122,100.00
45123,100.00
45124,100.00
45125,100.00
45126,100.00
45127,100.00
45128,100.00
45129,100.00
45130,100.00
45131,100.00
45132,100.00
45133,100.00
45134,100.00
45135,100.00
45136,100.00
45137,100.00
45138,100.00
45139,100.00
45140,100.00
45141,100.00
45142,100.00
45143,100.00
45144,100.00
45145,100.00
45146,100.00
45147,100.00
45148,100.00
45149,100.00
45150,100.00
45151,100.00
45152,100.00
45153,100.00
45154,100.00
45155,100.00
45156,100.00
45157,100.00
45158,100.00
45159,100.00
45160,100.00
45161,100.00
45162,100.00
45163,100.00
45164,100.00
45165,100.00
45166,100.00
45167,100.00
45168,100.00
45169,100.00
45170,100.00
45171,100.00
45172,100.00
45173,100.00
45174,100.00
45175,100.00
45176,100.00
45177,100.00
45178,100.00
45179,100.00
45180,100.00
45181,100.00
45182,100.00
45183,100.00
45184,100.00
45185,100.00
45186,100.00
45187,100.00
45188,100.00
45189,100.00
45190,100.00
45191,100.00
45192,100.00
45193,100.00
45194,100.00
45195,100.00
45196,100.00
45197,100.00
45198,100.00
45199,100.00
45200,100.00
45201,100.00
45202,100.00
45203,100.00
45204,100.00
45205,100.00
45206,100.00
45207,100.00
45208,100.00
45209,100.00
45210,100.00
45211,100.00
45212,100.00
45213,100.00
45214,100.00
45215,100.00
45216,100.00
45217,100.00
45218,100.00
45219,100.00
45220,100.00
45221,100.00
45222,100.00
45223,100.00
45224,100.00
45225,100.00
45226,100.00
45227,100.00
45228,100.00
45229,100.00
45230,100.00
45231,100.00
45232,100.00
45233,100.00
45234,100.00
45235,100.00
45236,100.00
45237,100.00
45238,100.00
45239,100.00
45240,100.00
45241,100.00
45242,100.00
45243,100.00
45244,100.00
45245,100.00
45246,100.00
45247,100.00
45248,100.00
45249,100.00
45250,100.00
45251,100.00
45252,100.00
45253,100.00
45254,100.00
45255,100.00
45256,100.00
45257,100.00
45258,100.00
45259,100.00
45260,100.00
45261,100.00
45262,100.00
45263,100.00
45264,100.00
45265,100.00
45266,100.00
45267,100.00
45268,100.00
45269,100.00
45270,100.00
45271,100.00
45272,100.00
45273,100.00
45274,100.00
45275,100.00
45276,100.00
45277,100.00
45278,100.00
45279,100.00
45280,100.00
45281,100.00
45282,100.00
45283,100.00
45284,100.00
45285,100.00
45286,100.00
45287,100.00
45288,100.00
45289,100.00
45290,100.00
45291,100.00
45292,100.00
45293,100.00
45294,100.00
45295,100.00
45296,100.00
45297,100.00
45298,100.00
45299,100.00
45300,100.00
45301,100.00
45302,100.00
45303,100.00
45304,100.00
45305,100.00
45306,100.00
45307,100.00
45308,100.00
45309,100.00
45310,100.00
45311,100.00
45312,100.00
45313,100.00
45314,100.00
45315,100.00
45316,100.00
45317,100.00
45318,100.00
45319,100.00
45320,100.00
45321,100.00
45322,100.00
45323,100.00
45324,100.00
45325,100.00
45326,100.00
45327,100.00
45328,100.00
45329,100.00
45330,100.00
45331,100.00
45332,100.00
45333,100.00
45334,100.00
45335,100.00
45336,100.00
45337,100.00
45338,100.00
45339,100.00
45340,100.00
45341,100.00
45342,100.00
45343,100.00
45344,100.00
45345,100.00
45346,100.00
45347,100.00
45348,100.00
45349,100.00
45350,100.00
45351,100.00
45352,100.00
45353,100.00
45354,100.00
45355,100.00
45356,100.00
45357,100.00
45358,100.00
45359,100.00
45360,100.00
45361,100.00
45362,100.00
45363,100.00
45364,100.00
45365,100.00
45366,100.00
45367,100.00
45368,100.00
45369,100.00
45370,100.00
45371,100.00
45372,100.00
45373,100.00
45374,100.00
45375,100.00
45376,100.00
45377,100.00
45378,100.00
45379,100.00
45380,100.00
45381,100.00
45382,100.00
45383,100.00
45384,100.00
45385,100.00
45386,100.00
45387,100.00
45388,100.00
45389,100.00
45390,100.00
45391,100.00
45392,100.00
45393,100.00
45394,100.00
45395,100.00
45396,100.00
45397,100.00
45398,100.00
45399,100.00
45400,100.00
45401,100.00
45402,100.00
45403,100.00
45404,100.00
45405,100.00
45406,100.00
45407,100.00
45408,100.00
45409,100.00
45410,100.00
45411,100.00
45412,100.00
45413,100.00
45414,100.00
45415,100.00
45416,100.00
45417,100.00
45418,100.00
45419,100.00
45420,100.00
45421,100.00
45422,100.00
45423,100.00
45424,100.00
45425,100.00
45426,100.00
45427,100.00
45428,100.00
45429,100.00
45430,100.00
45431,100.00
45432,100.00
45433,100.00
45434,100.00
45435,100.00
45436,100.00
45437,100.00
45438,100.00
45439,100.00
45440,100.00
45441,100.00
45442,100.00
45443,100.00
45444,100.00
45445,100.00
45446,100.00
45447,100.00
45448,100.00
45449,100.00
45450,100.00
45451,100.00
45452,100.00
45453,100.00
45454,100.00
45455,100.00
45456,100.00
45457,100.00
45458,100.00
45459,100.00
45460,100.00
45461,100.00
45462,100.00
45463,100.00
45464,100.00
45465,100.00
45466,100.00
45467,100.00
45468,100.00
45469,100.00
45470,100.00
45471,100.00
45472,100.00
45473,100.00
45474,100.00
45475,100.00
45476,100.00
45477,100.00
45478,100.00
45479,100.00
45480,100.00
45481,100.00
45482,100.00
45483,100.00
45484,100.00
45485,100.00
45486,100.00
45487,100.00
45488,100.00
45489,100.00
45490,100.00
45491,100.00
45492,100.00
45493,100.00
45494,100.00
45495,100.00
45496,100.00
45497,100.00
45498,100.00
45499,100.00
45500,100.00
45501,100.00
45502,100.00
45503,100.00
45504,100.00
45505,100.00
45506,100.00
45507,100.00
45508,100.00
45509,100.00
45510,100.00
45511,100.00
45512,100.00
45513,100.00
45514,100.00
45515,100.00
45516,100.00
45517,100.00
45518,100.00
45519,100.00
45520,100.00
45521,100.00
45522,100.00
45523,100.00
45524,100.00
45525,100.00
45526,100.00
45527,100.00
45528,100.00
45529,100.00
45530,100.00
45531,100.00
45532,100.00
45533,100.00
45534,100.00
45535,100.00
45536,100.00
45537,100.00
45538,100.00
45539,100.00
45540,100.00
45541,100.00
45542,100.00
45543,100.00
45544,100.00
45545,100.00
45546,100.00
45547,100.00
45548,100.00
45549,100.00
45550,100.00
45551,100.00
45552,100.00
45553,100.00
45554,100.00
45555,100.00
45556,100.00
45557,100.00
45558,100.00
45559,100.00
45560,100.00
45561,100.00
45562,100.00
45563,100.00
45564,100.00
45565,100.00
45566,100.00
45567,100.00
45568,100.00
45569,100.00
45570,100.00
45571,100.00
45572,100.00
45573,100.00
45574,100.00
45575,100.00
45576,100.00
45577,100.00
45578,100.00
45579,100.00
45580,100.00
45581,100.00
45582,100.00
45583,100.00
45584,100.00
45585,100.00
45586,100.00
45587,100.00
45588,100.00
45589,100.00
45590,100.00
45591,100.00
45592,100.00
45593,100.00
45594,100.00
45595,100.00
45596,100.00
45597,100.00
45598,100.00
45599,100.00
45600,100.00
45601,100.00
45602,100.00
45603,100.00
45604,100.00
45605,100.00
45606,100.00
45607,100.00
45608,100.00
45609,100.00
45610,100.00
45611,100.00
45612,100.00
45613,100.00
45614,100.00
45615,100.00
45616,100.00
45617,100.00
45618,100.00
45619,100.00
45620,100.00
45621,100.00
45622,100.00
45623,100.00
45624,100.00
45625,100.00
45626,100.00
45627,100.00
45628,100.00
45629,100.00
45630,100.00
45631,100.00
45632,100.00
45633,100.00
45634,100.00
45635,100.00
45636,100.00
45637,100.00
45638,100.00
45639,100.00
45640,100.00
45641,100.00
45642,100.00
45643,100.00
45644,100.00
45645,100.00
45646,100.00
45647,100.00
45648,100.00
45649,100.00
45650,100.00
45651,100.00
45652,100.00
45653,100.00
45654,100.00
45655,100.00
45656,100.00
45657,100.00
45658,100.00
45659,100.00
45660,100.00
45661,100.00
45662,100.00
45663,100.00
45664,100.00
45665,100.00
45666,100.00
45667,100.00
45668,100.00
45669,100.00
45670,100.00
45671,100.00
45672,100.00
45673,100.00
45674,100.00
45675,100.00
45676,100.00
45677,100.00
45678,100.00
45679,100.00
45680,100.00
45681,100.00
45682,100.00
45683,100.00
45684,100.00
45685,100.00
45686,100.00
45687,100.00
45688,100.00
45689,100.00
45690,100.00
45691,100.00
45692,100.00
45693,100.00
45694,100.00
45695,100.00
45696,100.00
45697,100.00
45698,100.00
45699,100.00
45700,100.00
45701,100.00
45702,100.00
45703,100.00
45704,100.00
45705,100.00
45706,100.00
45707,100.00
45708,100.00
45709,100.00
45710,100.00
45711,100.00
45712,100.00
45713,100.00
45714,100.00
45715,100.00
45716,100.00
45717,100.00
45718,100.00
45719,100.00
45720,100.00
45721,100.00
45722,100.00
45723,100.00
45724,100.00
45725,100.00
45726,100.00
45727,100.00
45728,100.00
45729,100.00
45730,100.00
45731,100.00
45732,100.00
45733,100.00
45734,100.00
45735,100.00
45736,100.00
45737,100.00
45738,100.00
45739,100.00
45740,100.00
45741,100.00
45742,100.00
45743,100.00
45744,100.00
45745,100.00
45746,100.00
45747,100.00
45748,100.00
45749,100.00
45750,100.00
45751,100.00
45752,100.00
45753,100.00
45754,100.00
45755,100.00
45756,100.00
45757,100.00
45758,100.00
45759,100.00
45760,100.00
45761,100.00
45762,100.00
45763,100.00
45764,100.00
45765,100.00
45766,100.00
45767,100.00
45768,100.00
45769,100.00
45770,100.00
45771,100.00
45772,100.00
45773,100.00
45774,100.00
45775,100.00
45776,100.00
45777,100.00
45778,100.00
45779,100.00
45780,100.00
45781,100.00
45782,100.00
45783,100.00
45784,100.00
45785,100.00
45786,100.00
45787,100.00
45788,100.00
45789,100.00
45790,100.00
45791,100.00
45792,100.00
45793,100.00
45794,100.00
45795,100.00
45796,100.00
45797,100.00
45798,100.00
45799,100.00
45800,100.00
45801,100.00
45802,100.00
45803,100.00
45804,100.00
45805,100.00
45806,100.00
45807,100.00
45808,100.00
45809,100.00
45810,100.00
45811,100.00
45812,100.00
45813,100.00
45814,100.00
45815,100.00
45816,100.00
45817,100.00
45818,100.00
45819,100.00
45820,100.00
45821,100.00
45822,100.00
45823,100.00
45824,100.00
45825,100.00
45826,100.00
45827,100.00
45828,100.00
45829,100.00
45830,100.00
45831,100.00
45832,100.00
45833,100.00
45834,100.00
45835,100.00
45836,100.00
45837,100.00
45838,100.00
45839,100.00
45840,100.00
45841,100.00
45842,100.00
45843,100.00
45844,100.00
45845,100.00
45846,100.00
45847,100.00
45848,100.00
45849,100.00
45850,100.00
45851,100.00
45852,100.00
45853,100.00
45854,100.00
45855,100.00
45856,100.00
45857,100.00
45858,100.00
45859,100.00
45860,100.00
45861,100.00
45862,100.00
45863,100.00
45864,100.00
45865,100.00
45866,100.00
45867,100.00
45868,100.00
45869,100.00
45870,100.00
45871,100.00
45872,100.00
45873,100.00
45874,100.00
45875,100.00
45876,100.00
45877,100.00
45878,100.00
45879,100.00
45880,100.00
45881,100.00
45882,100.00
45883,100.00
45884,100.00
45885,100.00
45886,100.00
45887,100.00
45888,100.00
45889,100.00
45890,100.00
45891,100.00
45892,100.00
45893,100.00
45894,100.00
45895,100.00
45896,100.00
45897,100.00
45898,100.00
45899,100.00
45900,100.00
45901,100.00
45902,100.00
45903,100.00
45904,100.00
45905,100.00
45906,100.00
45907,100.00
45908,100.00
45909,100.00
45910,100.00
45911,100.00
45912,100.00
45913,100.00
45914,100.00
45915,100.00
45916,100.00
45917,100.00
45918,100.00
45919,100.00
45920,100.00
45921,100.00
45922,100.00
45923,100.00
45924,100.00
45925,100.00
45926,100.00
45927,100.00
45928,100.00
45929,100.00
45930,100.00
45931,100.00
45932,100.00
45933,100.00
45934,100.00
45935,100.00
45936,100.00
45937,100.00
45938,100.00
45939,100.00
45940,100.00
45941,100.00
45942,100.00
45943,100.00
45944,100.00
45945,100.00
45946,100.00
45947,100.00
45948,100.00
45949,100.00
45950,100.00
45951,100.00
45952,100.00
45953,100.00
45954,100.00
45955,100.00
45956,100.00
45957,100.00
45958,100.00
45959,100.00
45960,100.00
45961,100.00
45962,100.00
45963,100.00
45964,100.00
45965,100.00
45966,100.00
45967,100.00
45968,100.00
45969,100.00
45970,100.00
45971,100.00
45972,100.00
45973,100.00
45974,100.00
45975,100.00
45976,100.00
45977,100.00
45978,100.00
45979,100.00
45980,100.00
45981,100.00
45982,100.00
45983,100.00
45984,100.00
45985,100.00
45986,100.00
45987,100.00
45988,100.00
45989,100.00
45990,100.00
45991,100.00
45992,100.00
45993,100.00
45994,100.00
45995,100.00
45996,100.00
45997,100.00
45998,100.00
45999,100.00
46000,100.00
46001,100.00
46002,100.00
46003,100.00
46004,100.00
46005,100.00
46006,100.00
46007,100.00
46008,100.00
46009,100.00
46010,100.00
46011,100.00
46012,100.00
46013,100.00
46014,100.00
46015,100.00
46016,100.00
46017,100.00
46018,100.00
46019,100.00
46020,100.00
46021,100.00
46022,100.00
46023,100.00
46024,100.00
46025,100.00
46026,100.00
46027,100.00
46028,100.00
46029,100.00
46030,100.00
46031,100.00
46032,100.00
46033,100.00
46034,100.00
46035,100.00
46036,100.00
46037,100.00
46038,100.00
46039,100.00
46040,100.00
46041,100.00
46042,100.00
46043,100.00
46044,100.00
46045,100.00
46046,100.00
46047,100.00
46048,100.00
46049,100.00
46050,100.00
46051,100.00
46052,100.00
46053,100.00
46054,100.00
46055,100.00
46056,100.00
46057,100.00
46058,100.00
46059,100.00
46060,100.00
46061,100.00
46062,100.00
46063,100.00
46064,100.00
46065,100.00
46066,100.00
46067,100.00
46068,100.00
46069,100.00
46070,100.00
46071,100.00
46072,100.00
46073,100.00
46074,100.00
46075,100.00
46076,100.00
46077,100.00
46078,100.00
46079,100.00
46080,100.00
46081,100.00
46082,100.00
46083,100.00
46084,100.00
46085,100.00
46086,100.00
46087,100.00
46088,100.00
46089,100.00
46090,100.00
46091,100.00
46092,100.00
46093,100.00
46094,100.00
46095,100.00
46096,100.00
46097,100.00
46098,100.00
46099,100.00
46100,100.00
46101,100.00
46102,100.00
46103,100.00
46104,100.00
46105,100.00
46106,100.00
46107,100.00
46108,100.00
46109,100.00
46110,100.00
46111,100.00
46112,100.00
46113,100.00
46114,100.00
46115,100.00
46116,100.00
46117,100.00
46118,100.00
46119,100.00
46120,100.00
46121,100.00
46122,100.00
46123,100.00
46124,100.00
46125,100.00
46126,100.00
46127,100.00
46128,100.00
46129,100.00
46130,100.00
46131,100.00
46132,100.00
46133,100.00
46134,100.00
46135,100.00
46136,100.00
46137,100.00
46138,100.00
46139,100.00
46140,100.00
46141,100.00
46142,100.00
46143,100.00
46144,100.00
46145,100.00
46146,100.00
46147,100.00
46148,100.00
46149,100.00
46150,100.00
46151,100.00
46152,100.00
46153,100.00
46154,100.00
46155,100.00
46156,100.00
46157,100.00
46158,100.00
46159,100.00
46160,100.00
46161,100.00
46162,100.00
46163,100.00
46164,100.00
46165,100.00
46166,100.00
46167,100.00
46168,100.00
46169,100.00
46170,100.00
46171,100.00
46172,100.00
46173,100.00
46174,100.00
46175,100.00
46176,100.00
46177,100.00
46178,100.00
46179,100.00
46180,100.00
46181,100.00
46182,100.00
46183,100.00
46184,100.00
46185,100.00
46186,100.00
46187,100.00
46188,100.00
46189,100.00
46190,100.00
46191,100.00
46192,100.00
46193,100.00
46194,100.00
46195,100.00
46196,100.00
46197,100.00
46198,100.00
46199,100.00
46200,100.00
46201,100.00
46202,100.00
46203,100.00
46204,100.00
46205,100.00
46206,100.00
46207,100.00
46208,100.00
46209,100.00
46210,100.00
46211,100.00
46212,100.00
46213,100.00
46214,100.00
46215,100.00
46216,100.00
46217,100.00
46218,100.00
46219,100.00
46220,100.00
46221,100.00
46222,100.00
46223,100.00
46224,100.00
46225,100.00
46226,100.00
46227,100.00
46228,100.00
46229,100.00
46230,100.00
46231,100.00
46232,100.00
46233,100.00
46234,100.00
46235,100.00
46236,100.00
46237,100.00
46238,100.00
46239,100.00
46240,100.00
46241,100.00
46242,100.00
46243,100.00
46244,100.00
46245,100.00
46246,100.00
46247,100.00
46248,100.00
46249,100.00
46250,100.00
46251,100.00
46252,100.00
46253,100.00
46254,100.00
46255,100.00
46256,100.00
46257,100.00
46258,100.00
46259,100.00
46260,100.00
46261,100.00
46262,100.00
46263,100.00
46264,100.00
46265,100.00
46266,100.00
46267,100.00
46268,100.00
46269,100.00
46270,100.00
46271,100.00
46272,100.00
46273,100.00
46274,100.00
46275,100.00
46276,100.00
46277,100.00
46278,100.00
46279,100.00
46280,100.00
46281,100.00
46282,100.00
46283,100.00
46284,100.00
46285,100.00
46286,100.00
46287,100.00
46288,100.00
46289,100.00
46290,100.00
46291,100.00
46292,100.00
46293,100.00
46294,100.00
46295,100.00
46296,100.00
46297,100.00
46298,100.00
46299,100.00
46300,100.00
46301,100.00
46302,100.00
46303,100.00
46304,100.00
46305,100.00
46306,100.00
46307,100.00
46308,100.00
46309,100.00
46310,100.00
46311,100.00
46312,100.00
46313,100.00
46314,100.00
46315,100.00
46316,100.00
46317,100.00
46318,100.00
46319,100.00
46320,100.00
46321,100.00
46322,100.00
46323,100.00
46324,100.00
46325,100.00
46326,100.00
46327,100.00
46328,100.00
46329,100.00
46330,100.00
46331,100.00
46332,100.00
46333,100.00
46334,100.00
46335,100.00
46336,100.00
46337,100.00
46338,100.00
46339,100.00
46340,100.00
46341,100.00
46342,100.00
46343,100.00
46344,100.00
46345,100.00
46346,100.00
46347,100.00
46348,100.00
46349,100.00
46350,100.00
46351,100.00
46352,100.00
46353,100.00
46354,100.00
46355,100.00
46356,100.00
46357,100.00
46358,100.00
46359,100.00
46360,100.00
46361,100.00
46362,100.00
46363,100.00
46364,100.00
46365,100.00
46366,100.00
46367,100.00
46368,100.00
46369,100.00
46370,100.00
46371,100.00
46372,100.00
46373,100.00
46374,100.00
46375,100.00
46376,100.00
46377,100.00
46378,100.00
46379,100.00
46380,100.00
46381,100.00
46382,100.00
46383,100.00
46384,100.00
46385,100.00
46386,100.00
46387,100.00
46388,100.00
46389,100.00
46390,100.00
46391,100.00
46392,100.00
46393,100.00
46394,100.00
46395,100.00
46396,100.00
46397,100.00
46398,100.00
46399,100.00
46400,100.00
46401,100.00
46402,100.00
46403,100.00
46404,100.00
46405,100.00
46406,100.00
46407,100.00
46408,100.00
46409,100.00
46410,100.00
46411,100.00
46412,100.00
46413,100.00
46414,100.00
46415,100.00
46416,100.00
46417,100.00
46418,100.00
46419,100.00
46420,100.00
46421,100.00
46422,100.00
46423,100.00
46424,100.00
46425,100.00
46426,100.00
46427,100.00
46428,100.00
46429,100.00
46430,100.00
46431,100.00
46432,100.00
46433,100.00
46434,100.00
46435,100.00
46436,100.00
46437,100.00
46438,100.00
46439,100.00
46440,100.00
46441,100.00
46442,100.00
46443,100.00
46444,100.00
46445,100.00
46446,100.00
46447,100.00
46448,100.00
46449,100.00
46450,100.00
46451,100.00
46452,100.00
46453,100.00
46454,100.00
46455,100.00
46456,100.00
46457,100.00
46458,100.00
46459,100.00
46460,100.00
46461,100.00
46462,100.00
46463,100.00
46464,100.00
46465,100.00
46466,100.00
46467,100.00
46468,100.00
46469,100.00
46470,100.00
46471,100.00
46472,100.00
46473,100.00
46474,100.00
46475,100.00
46476,100.00
46477,100.00
46478,100.00
46479,100.00
46480,100.00
46481,100.00
46482,100.00
46483,100.00
46484,100.00
46485,100.00
46486,100.00
46487,100.00
46488,100.00
46489,100.00
46490,100.00
46491,100.00
46492,100.00
46493,100.00
46494,100.00
46495,100.00
46496,100.00
46497,100.00
46498,100.00
46499,100.00
46500,100.00
46501,100.00
46502,100.00
46503,100.00
46504,100.00
46505,100.00
46506,100.00
46507,100.00
46508,100.00
46509,100.00
46510,100.00
46511,100.00
46512,100.00
46513,100.00
46514,100.00
46515,100.00
46516,100.00
46517,100.00
46518,100.00
46519,100.00
46520,100.00
46521,100.00
46522,100.00
46523,100.00
46524,100.00
46525,100.00
46526,100.00
46527,100.00
46528,100.00
46529,100.00
46530,100.00
46531,100.00
46532,100.00
46533,100.00
46534,100.00
46535,100.00
46536,100.00
46537,100.00
46538,100.00
46539,100.00
46540,100.00
46541,100.00
46542,100.00
46543,100.00
46544,100.00
46545,100.00
46546,100.00
46547,100.00
46548,100.00
46549,100.00
46550,100.00
46551,100.00
46552,100.00
46553,100.00
46554,100.00
46555,100.00
46556,100.00
46557,100.00
46558,100.00
46559,100.00
46560,100.00
46561,100.00
46562,100.00
46563,100.00
46564,100.00
46565,100.00
46566,100.00
46567,100.00
46568,100.00
46569,100.00
46570,100.00
46571,100.00
46572,100.00
46573,100.00
46574,100.00
46575,100.00
46576,100.00
46577,100.00
46578,100.00
46579,100.00
46580,100.00
46581,100.00
46582,100.00
46583,100.00
46584,100.00
46585,100.00
46586,100.00
46587,100.00
46588,100.00
46589,100.00
46590,100.00
46591,100.00
46592,100.00
46593,100.00
46594,100.00
46595,100.00
46596,100.00
46597,100.00
46598,100.00
46599,100.00
46600,100.00
46601,100.00
46602,100.00
46603,100.00
46604,100.00
46605,100.00
46606,100.00
46607,100.00
46608,100.00
46609,100.00
46610,100.00
46611,100.00
46612,100.00
46613,100.00
46614,100.00
46615,100.00
46616,100.00
46617,100.00
46618,100.00
46619,100.00
46620,100.00
46621,100.00
46622,100.00
46623,100.00
46624,100.00
46625,100.00
46626,100.00
46627,100.00
46628,100.00
46629,100.00
46630,100.00
46631,100.00
46632,100.00
46633,100.00
46634,100.00
46635,100.00
46636,100.00
46637,100.00
46638,100.00
46639,100.00
46640,100.00
46641,100.00
46642,100.00
46643,100.00
46644,100.00
46645,100.00
46646,100.00
46647,100.00
46648,100.00
46649,100.00
46650,100.00
46651,100.00
46652,100.00
46653,100.00
46654,100.00
46655,100.00
46656,100.00
46657,100.00
46658,100.00
46659,100.00
46660,100.00
46661,100.00
46662,100.00
46663,100.00
46664,100.00
46665,100.00
46666,100.00
46667,100.00
46668,100.00
46669,100.00
46670,100.00
46671,100.00
46672,100.00
46673,100.00
46674,100.00
46675,100.00
46676,100.00
46677,100.00
46678,100.00
46679,100.00
46680,100.00
46681,100.00
46682,100.00
46683,100.00
46684,100.00
46685,100.00
46686,100.00
46687,100.00
46688,100.00
46689,100.00
46690,100.00
46691,100.00
46692,100.00
46693,100.00
46694,100.00
46695,100.00
46696,100.00
46697,100.00
46698,100.00
46699,100.00
46700,100.00
46701,100.00
46702,100.00
46703,100.00
46704,100.00
46705,100.00
46706,100.00
46707,100.00
46708,100.00
46709,100.00
46710,100.00
46711,100.00
46712,100.00
46713,100.00
46714,100.00
46715,100.00
46716,100.00
46717,100.00
46718,100.00
46719,100.00
46720,100.00
46721,100.00
46722,100.00
46723,100.00
46724,100.00
46725,100.00
46726,100.00
46727,100.00
46728,100.00
46729,100.00
46730,100.00
46731,100.00
46732,100.00
46733,100.00
46734,100.00
46735,100.00
46736,100.00
46737,100.00
46738,100.00
46739,100.00
46740,100.00
46741,100.00
46742,100.00
46743,100.00
46744,100.00
46745,100.00
46746,100.00
46747,100.00
46748,100.00
46749,100.00
46750,100.00
46751,100.00
46752,100.00
46753,100.00
46754,100.00
46755,100.00
46756,100.00
46757,100.00
46758,100.00
46759,100.00
46760,100.00
46761,100.00
46762,100.00
46763,100.00
46764,100.00
46765,100.00
46766,100.00
46767,100.00
46768,100.00
46769,100.00
46770,100.00
46771,100.00
46772,100.00
46773,100.00
46774,100.00
46775,100.00
46776,100.00
46777,100.00
46778,100.00
46779,100.00
46780,100.00
46781,100.00
46782,100.00
46783,100.00
46784,100.00
46785,100.00
46786,100.00
46787,100.00
46788,100.00
46789,100.00
46790,100.00
46791,100.00
46792,100.00
46793,100.00
46794,100.00
46795,100.00
46796,100.00
46797,100.00
46798,100.00
46799,100.00
46800,100.00
46801,100.00
46802,100.00
46803,100.00
46804,100.00
46805,100.00
46806,100.00
46807,100.00
46808,100.00
46809,100.00
46810,100.00
46811,100.00
46812,100.00
46813,100.00
46814,100.00
46815,100.00
46816,100.00
46817,100.00
46818,100.00
46819,100.00
46820,100.00
46821,100.00
46822,100.00
46823,100.00
46824,100.00
46825,100.00
46826,100.00
46827,100.00
46828,100.00
46829,100.00
46830,100.00
46831,100.00
46832,100.00
46833,100.00
46834,100.00
46835,100.00
46836,100.00
46837,100.00
46838,100.00
46839,100.00
46840,100.00
46841,100.00
46842,100.00
46843,100.00
46844,100.00
46845,100.00
46846,100.00
46847,100.00
46848,100.00
46849,100.00
46850,100.00
46851,100.00
46852,100.00
46853,100.00
46854,100.00
46855,100.00
46856,100.00
46857,100.00
46858,100.00
46859,100.00
46860,100.00
46861,100.00
46862,100.00
46863,100.00
46864,100.00
46865,100.00
46866,100.00
46867,100.00
46868,100.00
46869,100.00
46870,100.00
46871,100.00
46872,100.00
46873,100.00
46874,100.00
46875,100.00
46876,100.00
46877,100.00
46878,100.00
46879,100.00
46880,100.00
46881,100.00
46882,100.00
46883,100.00
46884,100.00
46885,100.00
46886,100.00
46887,100.00
46888,100.00
46889,100.00
46890,100.00
46891,100.00
46892,100.00
46893,100.00
46894,100.00
46895,100.00
46896,100.00
46897,100.00
46898,100.00
46899,100.00
46900,100.00
46901,100.00
46902,100.00
46903,100.00
46904,100.00
46905,100.00
46906,100.00
46907,100.00
46908,100.00
46909,100.00
46910,100.00
46911,100.00
46912,100.00
46913,100.00
46914,100.00
46915,100.00
46916,100.00
46917,100.00
46918,100.00
46919,100.00
46920,100.00
46921,100.00
46922,100.00
46923,100.00
46924,100.00
46925,100.00
46926,100.00
46927,100.00
46928,100.00
46929,100.00
46930,100.00
46931,100.00
46932,100.00
46933,100.00
46934,100.00
46935,100.00
46936,100.00
46937,100.00
46938,100.00
46939,100.00
46940,100.00
46941,100.00
46942,100.00
46943,100.00
46944,100.00
46945,100.00
46946,100.00
46947,100.00
46948,100.00
46949,100.00
46950,100.00
46951,100.00
46952,100.00
46953,100.00
46954,100.00
46955,100.00
46956,100.00
46957,100.00
46958,100.00
46959,100.00
46960,100.00
46961,100.00
46962,100.00
46963,100.00
46964,100.00
46965,100.00
46966,100.00
46967,100.00
46968,100.00
46969,100.00
46970,100.00
46971,100.00
46972,100.00
46973,100.00
46974,100.00
46975,100.00
46976,100.00
46977,100.00
46978,100.00
46979,100.00
46980,100.00
46981,100.00
46982,100.00
46983,100.00
46984,100.00
46985,100.00
46986,100.00
46987,100.00
46988,100.00
46989,100.00
46990,100.00
46991,100.00
46992,100.00
46993,100.00
46994,100.00
46995,100.00
46996,100.00
46997,100.00
46998,100.00
46999,100.00
47000,100.00
47001,100.00
47002,100.00
47003,100.00
47004,100.00
47005,100.00
47006,100.00
47007,100.00
47008,100.00
47009,100.00
47010,100.00
47011,100.00
47012,100.00
47013,100.00
47014,100.00
47015,100.00
47016,100.00
47017,100.00
47018,100.00
47019,100.00
47020,100.00
47021,100.00
47022,100.00
47023,100.00
47024,100.00
47025,100.00
47026,100.00
47027,100.00
47028,100.00
47029,100.00
47030,100.00
47031,100.00
47032,100.00
47033,100.00
47034,100.00
47035,100.00
47036,100.00
47037,100.00
47038,100.00
47039,100.00
47040,100.00
47041,100.00
47042,100.00
47043,100.00
47044,100.00
47045,100.00
47046,100.00
47047,100.00
47048,100.00
47049,100.00
47050,100.00
47051,100.00
47052,100.00
47053,100.00
47054,100.00
47055,100.00
47056,100.00
47057,100.00
47058,100.00
47059,100.00
47060,100.00
47061,100.00
47062,100.00
47063,100.00
47064,100.00
47065,100.00
47066,100.00
47067,100.00
47068,100.00
47069,100.00
47070,100.00
47071,100.00
47072,100.00
47073,100.00
47074,100.00
47075,100.00
47076,100.00
47077,100.00
47078,100.00
47079,100.00
47080,100.00
47081,100.00
47082,100.00
47083,100.00
47084,100.00
47085,100.00
47086,100.00
47087,100.00
47088,100.00
47089,100.00
47090,100.00
47091,100.00
47092,100.00
47093,100.00
47094,100.00
47095,100.00
47096,100.00
47097,100.00
47098,100.00
47099,100.00
47100,100.00
47101,100.00
47102,100.00
47103,100.00
47104,100.00
47105,100.00
47106,100.00
47107,100.00
47108,100.00
47109,100.00
47110,100.00
47111,100.00
47112,100.00
47113,100.00
47114,100.00
47115,100.00
47116,100.00
47117,100.00
47118,100.00
47119,100.00
47120,100.00
47121,100.00
47122,100.00
47123,100.00
47124,100.00
47125,100.00
47126,100.00
47127,100.00
47128,100.00
47129,100.00
47130,100.00
47131,100.00
47132,100.00
47133,100.00
47134,100.00
47135,100.00
47136,100.00
47137,100.00
47138,100.00
47139,100.00
47140,100.00
47141,100.00
47142,100.00
47143,100.00
47144,100.00
47145,100.00
47146,100.00
47147,100.00
47148,100.00
47149,100.00
47150,100.00
47151,100.00
47152,100.00
47153,100.00
47154,100.00
47155,100.00
47156,100.00
47157,100.00
47158,100.00
47159,100.00
47160,100.00
47161,100.00
47162,100.00
47163,100.00
47164,100.00
47165,100.00
47166,100.00
47167,100.00
47168,100.00
47169,100.00
47170,100.00
47171,100.00
47172,100.00
47173,100.00
47174,100.00
47175,100.00
47176,100.00
47177,100.00
47178,100.00
47179,100.00
47180,100.00
47181,100.00
47182,100.00
47183,100.00
47184,100.00
47185,100.00
47186,100.00
47187,100.00
47188,100.00
47189,100.00
47190,100.00
47191,100.00
47192,100.00
47193,100.00
47194,100.00
47195,100.00
47196,100.00
47197,100.00
47198,100.00
47199,100.00
47200,100.00
47201,100.00
47202,100.00
47203,100.00
47204,100.00
47205,100.00
47206,100.00
47207,100.00
47208,100.00
47209,100.00
47210,100.00
47211,100.00
47212,100.00
47213,100.00
47214,100.00
47215,100.00
47216,100.00
47217,100.00
47218,100.00
47219,100.00
47220,100.00
47221,100.00
47222,100.00
47223,100.00
47224,100.00
47225,100.00
47226,100.00
47227,100.00
47228,100.00
47229,100.00
47230,100.00
47231,100.00
47232,100.00
47233,100.00
47234,100.00
47235,100.00
47236,100.00
47237,100.00
47238,100.00
47239,100.00
47240,100.00
47241,100.00
47242,100.00
47243,100.00
47244,100.00
47245,100.00
47246,100.00
47247,100.00
47248,100.00
47249,100.00
47250,100.00
47251,100.00
47252,100.00
47253,100.00
47254,100.00
47255,100.00
47256,100.00
47257,100.00
47258,100.00
47259,100.00
47260,100.00
47261,100.00
47262,100.00
47263,100.00
47264,100.00
47265,100.00
47266,100.00
47267,100.00
47268,100.00
47269,100.00
47270,100.00
47271,100.00
47272,100.00
47273,100.00
47274,100.00
47275,100.00
47276,100.00
47277,100.00
47278,100.00
47279,100.00
47280,100.00
47281,100.00
47282,100.00
47283,100.00
47284,100.00
47285,100.00
47286,100.00
47287,100.00
47288,100.00
47289,100.00
47290,100.00
47291,100.00
47292,100.00
47293,100.00
47294,100.00
47295,100.00
47296,100.00
47297,100.00
47298,100.00
47299,100.00
47300,100.00
47301,100.00
47302,100.00
47303,100.00
47304,100.00
47305,100.00
47306,100.00
47307,100.00
47308,100.00
47309,100.00
47310,100.00
47311,100.00
47312,100.00
47313,100.00
47314,100.00
47315,100.00
47316,100.00
47317,100.00
47318,100.00
47319,100.00
47320,100.00
47321,100.00
47322,100.00
47323,100.00
47324,100.00
47325,100.00
47326,100.00
47327,100.00
47328,100.00
47329,100.00
47330,100.00
47331,100.00
47332,100.00
47333,100.00
47334,100.00
47335,100.00
47336,100.00
47337,100.00
47338,100.00
47339,100.00
47340,100.00
47341,100.00
47342,100.00
47343,100.00
47344,100.00
47345,100.00
47346,100.00
47347,100.00
47348,100.00
47349,100.00
47350,100.00
47351,100.00
47352,100.00
47353,100.00
47354,100.00
47355,100.00
47356,100.00
47357,100.00
47358,100.00
47359,100.00
47360,100.00
47361,100.00
47362,100.00
47363,100.00
47364,100.00
47365,100.00
47366,100.00
47367,100.00
47368,100.00
47369,100.00
47370,100.00
47371,100.00
47372,100.00
47373,100.00
47374,100.00
47375,100.00
47376,100.00
47377,100.00
47378,100.00
47379,100.00
47380,100.00
47381,100.00
47382,100.00
47383,100.00
47384,100.00
47385,100.00
47386,100.00
47387,100.00
47388,100.00
47389,100.00
47390,100.00
47391,100.00
47392,100.00
47393,100.00
47394,100.00
47395,100.00
47396,100.00
47397,100.00
47398,100.00
47399,100.00
47400,100.00
47401,100.00
47402,100.00
47403,100.00
47404,100.00
47405,100.00
47406,100.00
47407,100.00
47408,100.00
47409,100.00
47410,100.00
47411,100.00
47412,100.00
47413,100.00
47414,100.00
47415,100.00
47416,100.00
47417,100.00
47418,100.00
47419,100.00
47420,100.00
47421,100.00
47422,100.00
47423,100.00
47424,100.00
47425,100.00
47426,100.00
47427,100.00
47428,100.00
47429,100.00
47430,100.00
47431,100.00
47432,100.00
47433,100.00
47434,100.00
47435,100.00
47436,100.00
47437,100.00
47438,100.00
47439,100.00
47440,100.00
47441,100.00
47442,100.00
47443,100.00
47444,100.00
47445,100.00
47446,100.00
47447,100.00
47448,100.00
47449,100.00
47450,100.00
47451,100.00
47452,100.00
47453,100.00
47454,100.00
47455,100.00
47456,100.00
47457,100.00
47458,100.00
47459,100.00
47460,100.00
47461,100.00
47462,100.00
47463,100.00
47464,100.00
47465,100.00
47466,100.00
47467,100.00
47468,100.00
47469,100.00
47470,100.00
47471,100.00
47472,100.00
47473,100.00
47474,100.00
47475,100.00
47476,100.00
47477,100.00
47478,100.00
47479,100.00
47480,100.00
47481,100.00
47482,100.00
47483,100.00
47484,100.00
47485,100.00
47486,100.00
47487,100.00
47488,100.00
47489,100.00
47490,100.00
47491,100.00
47492,100.00
47493,100.00
47494,100.00
47495,100.00
47496,100.00
47497,100.00
47498,100.00
47499,100.00
47500,100.00
47501,100.00
47502,100.00
47503,100.00
47504,100.00
47505,100.00
47506,100.00
47507,100.00
47508,100.00
47509,100.00
47510,100.00
47511,100.00
47512,100.00
47513,100.00
47514,100.00
47515,100.00
47516,100.00
47517,100.00
47518,100.00
47519,100.00
47520,100.00
47521,100.00
47522,100.00
47523,100.00
47524,100.00
47525,100.00
47526,100.00
47527,100.00
47528,100.00
47529,100.00
47530,100.00
47531,100.00
47532,100.00
47533,100.00
47534,100.00
47535,100.00
47536,100.00
47537,100.00
47538,100.00
47539,100.00
47540,100.00
47541,100.00
47542,100.00
47543,100.00
47544,100.00
47545,100.00
47546,100.00
47547,100.00
47548,100.00
47549,100.00
47550,100.00
47551,100.00
47552,100.00
47553,100.00
47554,100.00
47555,100.00
47556,100.00
47557,100.00
47558,100.00
47559,100.00
47560,100.00
47561,100.00
47562,100.00
47563,100.00
47564,100.00
47565,100.00
47566,100.00
47567,100.00
47568,100.00
47569,100.00
47570,100.00
47571,100.00
47572,100.00
47573,100.00
47574,100.00
47575,100.00
47576,100.00
47577,100.00
47578,100.00
47579,100.00
47580,100.00
47581,100.00
47582,100.00
47583,100.00
47584,100.00
47585,100.00
47586,100.00
47587,100.00
47588,100.00
47589,100.00
47590,100.00
47591,100.00
47592,100.00
47593,100.00
47594,100.00
47595,100.00
47596,100.00
47597,100.00
47598,100.00
47599,100.00
47600,100.00
47601,100.00
47602,100.00
47603,100.00
47604,100.00
47605,100.00
47606,100.00
47607,100.00
47608,100.00
47609,100.00
47610,100.00
47611,100.00
47612,100.00
47613,100.00
47614,100.00
47615,100.00
47616,100.00
47617,100.00
47618,100.00
47619,100.00
47620,100.00
47621,100.00
47622,100.00
47623,100.00
47624,100.00
47625,100.00
47626,100.00
47627,100.00
47628,100.00
47629,100.00
47630,100.00
47631,100.00
47632,100.00
47633,100.00
47634,100.00
47635,100.00
47636,100.00
47637,100.00
47638,100.00
47639,100.00
47640,100.00
47641,100.00
47642,100.00
47643,100.00
47644,100.00
47645,100.00
47646,100.00
47647,100.00
47648,100.00
47649,100.00
47650,100.00
47651,100.00
47652,100.00
47653,100.00
47654,100.00
47655,100.00
47656,100.00
47657,100.00
47658,100.00
47659,100.00
47660,100.00
47661,100.00
47662,100.00
47663,100.00
47664,100.00
47665,100.00
47666,100.00
47667,100.00
47668,100.00
47669,100.00
47670,100.00
47671,100.00
47672,100.00
47673,100.00
47674,100.00
47675,100.00
47676,100.00
47677,100.00
47678,100.00
47679,100.00
47680,100.00
47681,100.00
47682,100.00
47683,100.00
47684,100.00
47685,100.00
47686,100.00
47687,100.00
47688,100.00
47689,100.00
47690,100.00
47691,100.00
47692,100.00
47693,100.00
47694,100.00
47695,100.00
47696,100.00
47697,100.00
47698,100.00
47699,100.00
47700,100.00
47701,100.00
47702,100.00
47703,100.00
47704,100.00
47705,100.00
47706,100.00
47707,100.00
47708,100.00
47709,100.00
47710,100.00
47711,100.00
47712,100.00
47713,100.00
47714,100.00
47715,100.00
47716,100.00
47717,100.00
47718,100.00
47719,100.00
47720,100.00
47721,100.00
47722,100.00
47723,100.00
47724,100.00
47725,100.00
47726,100.00
47727,100.00
47728,100.00
47729,100.00
47730,100.00
47731,100.00
47732,100.00
47733,100.00
47734,100.00
47735,100.00
47736,100.00
47737,100.00
47738,100.00
47739,100.00
47740,100.00
47741,100.00
47742,100.00
47743,100.00
47744,100.00
47745,100.00
47746,100.00
47747,100.00
47748,100.00
47749,100.00
47750,100.00
47751,100.00
47752,100.00
47753,100.00
47754,100.00
47755,100.00
47756,100.00
47757,100.00
47758,100.00
47759,100.00
47760,100.00
47761,100.00
47762,100.00
47763,100.00
47764,100.00
47765,100.00
47766,100.00
47767,100.00
47768,100.00
47769,100.00
47770,100.00
47771,100.00
47772,100.00
47773,100.00
47774,100.00
47775,100.00
47776,100.00
47777,100.00
47778,100.00
47779,100.00
47780,100.00
47781,100.00
47782,100.00
47783,100.00
47784,100.00
47785,100.00
47786,100.00
47787,100.00
47788,100.00
47789,100.00
47790,100.00
47791,100.00
47792,100.00
47793,100.00
47794,100.00
47795,100.00
47796,100.00
47797,100.00
47798,100.00
47799,100.00
47800,100.00
47801,100.00
47802,100.00
47803,100.00
47804,100.00
47805,100.00
47806,100.00
47807,100.00
47808,100.00
47809,100.00
47810,100.00
47811,100.00
47812,100.00
47813,100.00
47814,100.00
47815,100.00
47816,100.00
47817,100.00
47818,100.00
47819,100.00
47820,100.00
47821,100.00
47822,100.00
47823,100.00
47824,100.00
47825,100.00
47826,100.00
47827,100.00
47828,100.00
47829,100.00
47830,100.00
47831,100.00
47832,100.00
47833,100.00
47834,100.00
47835,100.00
47836,100.00
47837,100.00
47838,100.00
47839,100.00
47840,100.00
47841,100.00
47842,100.00
47843,100.00
47844,100.00
47845,100.00
47846,100.00
47847,100.00
47848,100.00
47849,100.00
47850,100.00
47851,100.00
47852,100.00
47853,100.00
47854,100.00
47855,100.00
47856,100.00
47857,100.00
47858,100.00
47859,100.00
47860,100.00
47861,100.00
47862,100.00
47863,100.00
47864,100.00
47865,100.00
47866,100.00
47867,100.00
47868,100.00
47869,100.00
47870,100.00
47871,100.00
47872,100.00
47873,100.00
47874,100.00
47875,100.00
47876,100.00
47877,100.00
47878,100.00
47879,100.00
47880,100.00
47881,100.00
47882,100.00
47883,100.00
47884,100.00
47885,100.00
47886,100.00
47887,100.00
47888,100.00
47889,100.00
47890,100.00
47891,100.00
47892,100.00
47893,100.00
47894,100.00
47895,100.00
47896,100.00
47897,100.00
47898,100.00
47899,100.00
47900,100.00
47901,100.00
47902,100.00
47903,100.00
47904,100.00
47905,100.00
47906,100.00
47907,100.00
47908,100.00
47909,100.00
47910,100.00
47911,100.00
47912,100.00
47913,100.00
47914,100.00
47915,100.00
47916,100.00
47917,100.00
47918,100.00
47919,100.00
47920,100.00
47921,100.00
47922,100.00
47923,100.00
47924,100.00
47925,100.00
47926,100.00
47927,100.00
47928,100.00
47929,100.00
47930,100.00
47931,100.00
47932,100.00
47933,100.00
47934,100.00
47935,100.00
47936,100.00
47937,100.00
47938,100.00
47939,100.00
47940,100.00
47941,100.00
47942,100.00
47943,100.00
47944,100.00
47945,100.00
47946,100.00
47947,100.00
47948,100.00
47949,100.00
47950,100.00
47951,100.00
47952,100.00
47953,100.00
47954,100.00
47955,100.00
47956,100.00
47957,100.00
47958,100.00
47959,100.00
47960,100.00
47961,100.00
47962,100.00
47963,100.00
47964,100.00
47965,100.00
47966,100.00
47967,100.00
47968,100.00
47969,100.00
47970,100.00
47971,100.00
47972,100.00
47973,100.00
47974,100.00
47975,100.00
47976,100.00
47977,100.00
47978,100.00
47979,100.00
47980,100.00
47981,100.00
47982,100.00
47983,100.00
47984,100.00
47985,100.00
47986,100.00
47987,100.00
47988,100.00
47989,100.00
47990,100.00
47991,100.00
47992,100.00
47993,100.00
47994,100.00
47995,100.00
47996,100.00
47997,100.00
47998,100.00
47999,100.00
48000,100.00
48001,100.00
48002,100.00
48003,100.00
48004,100.00
48005,100.00
48006,100.00
48007,100.00
48008,100.00
48009,100.00
48010,100.00
48011,100.00
48012,100.00
48013,100.00
48014,100.00
48015,100.00
48016,100.00
48017,100.00
48018,100.00
48019,100.00
48020,100.00
48021,100.00
48022,100.00
48023,100.00
48024,100.00
48025,100.00
48026,100.00
48027,100.00
48028,100.00
48029,100.00
48030,100.00
48031,100.00
48032,100.00
48033,100.00
48034,100.00
48035,100.00
48036,100.00
48037,100.00
48038,100.00
48039,100.00
48040,100.00
48041,100.00
48042,100.00
48043,100.00
48044,100.00
48045,100.00
48046,100.00
48047,100.00
48048,100.00
48049,100.00
48050,100.00
48051,100.00
48052,100.00
48053,100.00
48054,100.00
48055,100.00
48056,100.00
48057,100.00
48058,100.00
48059,100.00
48060,100.00
48061,100.00
48062,100.00
48063,100.00
48064,100.00
48065,100.00
48066,100.00
48067,100.00
48068,100.00
48069,100.00
48070,100.00
48071,100.00
48072,100.00
48073,100.00
48074,100.00
48075,100.00
48076,100.00
48077,100.00
48078,100.00
48079,100.00
48080,100.00
48081,100.00
48082,100.00
48083,100.00
48084,100.00
48085,100.00
48086,100.00
48087,100.00
48088,100.00
48089,100.00
48090,100.00
48091,100.00
48092,100.00
48093,100.00
48094,100.00
48095,100.00
48096,100.00
48097,100.00
48098,100.00
48099,100.00
48100,100.00
48101,100.00
48102,100.00
48103,100.00
48104,100.00
48105,100.00
48106,100.00
48107,100.00
48108,100.00
48109,100.00
48110,100.00
48111,100.00
48112,100.00
48113,100.00
48114,100.00
48115,100.00
48116,100.00
48117,100.00
48118,100.00
48119,100.00
48120,100.00
48121,100.00
48122,100.00
48123,100.00
48124,100.00
48125,100.00
48126,100.00
48127,100.00
48128,100.00
48129,100.00
48130,100.00
48131,100.00
48132,100.00
48133,100.00
48134,100.00
48135,100.00
48136,100.00
48137,100.00
48138,100.00
48139,100.00
48140,100.00
48141,100.00
48142,100.00
48143,100.00
48144,100.00
48145,100.00
48146,100.00
48147,100.00
48148,100.00
48149,100.00
48150,100.00
48151,100.00
48152,100.00
48153,100.00
48154,100.00
48155,100.00
48156,100.00
48157,100.00
48158,100.00
48159,100.00
48160,100.00
48161,100.00
48162,100.00
48163,100.00
48164,100.00
48165,100.00
48166,100.00
48167,100.00
48168,100.00
48169,100.00
48170,100.00
48171,100.00
48172,100.00
48173,100.00
48174,100.00
48175,100.00
48176,100.00
48177,100.00
48178,100.00
48179,100.00
48180,100.00
48181,100.00
48182,100.00
48183,100.00
48184,100.00
48185,100.00
48186,100.00
48187,100.00
48188,100.00
48189,100.00
48190,100.00
48191,100.00
48192,100.00
48193,100.00
48194,100.00
48195,100.00
48196,100.00
48197,100.00
48198,100.00
48199,100.00
48200,100.00
48201,100.00
48202,100.00
48203,100.00
48204,100.00
48205,100.00
48206,100.00
48207,100.00
48208,100.00
48209,100.00
48210,100.00
48211,100.00
48212,100.00
48213,100.00
48214,100.00
48215,100.00
48216,100.00
48217,100.00
48218,100.00
48219,100.00
48220,100.00
48221,100.00
48222,100.00
48223,100.00
48224,100.00
48225,100.00
48226,100.00
48227,100.00
48228,100.00
48229,100.00
48230,100.00
48231,100.00
48232,100.00
48233,100.00
48234,100.00
48235,100.00
48236,100.00
48237,100.00
48238,100.00
48239,100.00
48240,100.00
48241,100.00
48242,100.00
48243,100.00
48244,100.00
48245,100.00
48246,100.00
48247,100.00
48248,100.00
48249,100.00
48250,100.00
48251,100.00
48252,100.00
48253,100.00
48254,100.00
48255,100.00
48256,100.00
48257,100.00
48258,100.00
48259,100.00
48260,100.00
48261,100.00
48262,100.00
48263,100.00
48264,100.00
48265,100.00
48266,100.00
48267,100.00
48268,100.00
48269,100.00
48270,100.00
48271,100.00
48272,100.00
48273,100.00
48274,100.00
48275,100.00
48276,100.00
48277,100.00
48278,100.00
48279,100.00
48280,100.00
48281,100.00
48282,100.00
48283,100.00
48284,100.00
48285,100.00
48286,100.00
48287,100.00
48288,100.00
48289,100.00
48290,100.00
48291,100.00
48292,100.00
48293,100.00
48294,100.00
48295,100.00
48296,100.00
48297,100.00
48298,100.00
48299,100.00
48300,100.00
48301,100.00
48302,100.00
48303,100.00
48304,100.00
48305,100.00
48306,100.00
48307,100.00
48308,100.00
48309,100.00
48310,100.00
48311,100.00
48312,100.00
48313,100.00
48314,100.00
48315,100.00
48316,100.00
48317,100.00
48318,100.00
48319,100.00
48320,100.00
48321,100.00
48322,100.00
48323,100.00
48324,100.00
48325,100.00
48326,100.00
48327,100.00
48328,100.00
48329,100.00
48330,100.00
48331,100.00
48332,100.00
48333,100.00
48334,100.00
48335,100.00
48336,100.00
48337,100.00
48338,100.00
48339,100.00
48340,100.00
48341,100.00
48342,100.00
48343,100.00
48344,100.00
48345,100.00
48346,100.00
48347,100.00
48348,100.00
48349,100.00
48350,100.00
48351,100.00
48352,100.00
48353,100.00
48354,100.00
48355,100.00
48356,100.00
48357,100.00
48358,100.00
48359,100.00
48360,100.00
48361,100.00
48362,100.00
48363,100.00
48364,100.00
48365,100.00
48366,100.00
48367,100.00
48368,100.00
48369,100.00
48370,100.00
48371,100.00
48372,100.00
48373,100.00
48374,100.00
48375,100.00
48376,100.00
48377,100.00
48378,100.00
48379,100.00
48380,100.00
48381,100.00
48382,100.00
48383,100.00
48384,100.00
48385,100.00
48386,100.00
48387,100.00
48388,100.00
48389,100.00
48390,100.00
48391,100.00
48392,100.00
48393,100.00
48394,100.00
48395,100.00
48396,100.00
48397,100.00
48398,100.00
48399,100.00
48400,100.00
48401,100.00
48402,100.00
48403,100.00
48404,100.00
48405,100.00
48406,100.00
48407,100.00
48408,100.00
48409,100.00
48410,100.00
48411,100.00
48412,100.00
48413,100.00
48414,100.00
48415,100.00
48416,100.00
48417,100.00
48418,100.00
48419,100.00
48420,100.00
48421,100.00
48422,100.00
48423,100.00
48424,100.00
48425,100.00
48426,100.00
48427,100.00
48428,100.00
48429,100.00
48430,100.00
48431,100.00
48432,100.00
48433,100.00
48434,100.00
48435,100.00
48436,100.00
48437,100.00
48438,100.00
48439,100.00
48440,100.00
48441,100.00
48442,100.00
48443,100.00
48444,100.00
48445,100.00
48446,100.00
48447,100.00
48448,100.00
48449,100.00
48450,100.00
48451,100.00
48452,100.00
48453,100.00
48454,100.00
48455,100.00
48456,100.00
48457,100.00
48458,100.00
48459,100.00
48460,100.00
48461,100.00
48462,100.00
48463,100.00
48464,100.00
48465,100.00
48466,100.00
48467,100.00
48468,100.00
48469,100.00
48470,100.00
48471,100.00
48472,100.00
48473,100.00
48474,100.00
48475,100.00
48476,100.00
48477,100.00
48478,100.00
48479,100.00
48480,100.00
48481,100.00
48482,100.00
48483,100.00
48484,100.00
48485,100.00
48486,100.00
48487,100.00
48488,100.00
48489,100.00
48490,100.00
48491,100.00
48492,100.00
48493,100.00
48494,100.00
48495,100.00
48496,100.00
48497,100.00
48498,100.00
48499,100.00
48500,100.00
48501,100.00
48502,100.00
48503,100.00
48504,100.00
48505,100.00
48506,100.00
48507,100.00
48508,100.00
48509,100.00
48510,100.00
48511,100.00
48512,100.00
48513,100.00
48514,100.00
48515,100.00
48516,100.00
48517,100.00
48518,100.00
48519,100.00
48520,100.00
48521,100.00
48522,100.00
48523,100.00
48524,100.00
48525,100.00
48526,100.00
48527,100.00
48528,100.00
48529,100.00
48530,100.00
48531,100.00
48532,100.00
48533,100.00
48534,100.00
48535,100.00
48536,100.00
48537,100.00
48538,100.00
48539,100.00
48540,100.00
48541,100.00
48542,100.00
48543,100.00
48544,100.00
48545,100.00
48546,100.00
48547,100.00
48548,100.00
48549,100.00
48550,100.00
48551,100.00
48552,100.00
48553,100.00
48554,100.00
48555,100.00
48556,100.00
48557,100.00
48558,100.00
48559,100.00
48560,100.00
48561,100.00
48562,100.00
48563,100.00
48564,100.00
48565,100.00
48566,100.00
48567,100.00
48568,100.00
48569,100.00
48570,100.00
48571,100.00
48572,100.00
48573,100.00
48574,100.00
48575,100.00
48576,100.00
48577,100.00
48578,100.00
48579,100.00
48580,100.00
48581,100.00
48582,100.00
48583,100.00
48584,100.00
48585,100.00
48586,100.00
48587,100.00
48588,100.00
48589,100.00
48590,100.00
48591,100.00
48592,100.00
48593,100.00
48594,100.00
48595,100.00
48596,100.00
48597,100.00
48598,100.00
48599,100.00
48600,100.00
48601,100.00
48602,100.00
48603,100.00
48604,100.00
48605,100.00
48606,100.00
48607,100.00
48608,100.00
48609,100.00
48610,100.00
48611,100.00
48612,100.00
48613,100.00
48614,100.00
48615,100.00
48616,100.00
48617,100.00
48618,100.00
48619,100.00
48620,100.00
48621,100.00
48622,100.00
48623,100.00
48624,100.00
48625,100.00
48626,100.00
48627,100.00
48628,100.00
48629,100.00
48630,100.00
48631,100.00
48632,100.00
48633,100.00
48634,100.00
48635,100.00
48636,100.00
48637,100.00
48638,100.00
48639,100.00
48640,100.00
48641,100.00
48642,100.00
48643,100.00
48644,100.00
48645,100.00
48646,100.00
48647,100.00
48648,100.00
48649,100.00
48650,100.00
48651,100.00
48652,100.00
48653,100.00
48654,100.00
48655,100.00
48656,100.00
48657,100.00
48658,100.00
48659,100.00
48660,100.00
48661,100.00
48662,100.00
48663,100.00
48664,100.00
48665,100.00
48666,100.00
48667,100.00
48668,100.00
48669,100.00
48670,100.00
48671,100.00
48672,100.00
48673,100.00
48674,100.00
48675,100.00
48676,100.00
48677,100.00
48678,100.00
48679,100.00
48680,100.00
48681,100.00
48682,100.00
48683,100.00
48684,100.00
48685,100.00
48686,100.00
48687,100.00
48688,100.00
48689,100.00
48690,100.00
48691,100.00
48692,100.00
48693,100.00
48694,100.00
48695,100.00
48696,100.00
48697,100.00
48698,100.00
48699,100.00
48700,100.00
48701,100.00
48702,100.00
48703,100.00
48704,100.00
48705,100.00
48706,100.00
48707,100.00
48708,100.00
48709,100.00
48710,100.00
48711,100.00
48712,100.00
48713,100.00
48714,100.00
48715,100.00
48716,100.00
48717,100.00
48718,100.00
48719,100.00
48720,100.00
48721,100.00
48722,100.00
48723,100.00
48724,100.00
48725,100.00
48726,100.00
48727,100.00
48728,100.00
48729,100.00
48730,100.00
48731,100.00
48732,100.00
48733,100.00
48734,100.00
48735,100.00
48736,100.00
48737,100.00
48738,100.00
48739,100.00
48740,100.00
48741,100.00
48742,100.00
48743,100.00
48744,100.00
48745,100.00
48746,100.00
48747,100.00
48748,100.00
48749,100.00
48750,100.00
48751,100.00
48752,100.00
48753,100.00
48754,100.00
48755,100.00
48756,100.00
48757,100.00
48758,100.00
48759,100.00
48760,100.00
48761,100.00
48762,100.00
48763,100.00
48764,100.00
48765,100.00
48766,100.00
48767,100.00
48768,100.00
48769,100.00
48770,100.00
48771,100.00
48772,100.00
48773,100.00
48774,100.00
48775,100.00
48776,100.00
48777,100.00
48778,100.00
48779,100.00
48780,100.00
48781,100.00
48782,100.00
48783,100.00
48784,100.00
48785,100.00
48786,100.00
48787,100.00
48788,100.00
48789,100.00
48790,100.00
48791,100.00
48792,100.00
48793,100.00
48794,100.00
48795,100.00
48796,100.00
48797,100.00
48798,100.00
48799,100.00
48800,100.00
48801,100.00
48802,100.00
48803,100.00
48804,100.00
48805,100.00
48806,100.00
48807,100.00
48808,100.00
48809,100.00
48810,100.00
48811,100.00
48812,100.00
48813,100.00
48814,100.00
48815,100.00
48816,100.00
48817,100.00
48818,100.00
48819,100.00
48820,100.00
48821,100.00
48822,100.00
48823,100.00
48824,100.00
48825,100.00
48826,100.00
48827,100.00
48828,100.00
48829,100.00
48830,100.00
48831,100.00
48832,100.00
48833,100.00
48834,100.00
48835,100.00
48836,100.00
48837,100.00
48838,100.00
48839,100.00
48840,100.00
48841,100.00
48842,100.00
48843,100.00
48844,100.00
48845,100.00
48846,100.00
48847,100.00
48848,100.00
48849,100.00
48850,100.00
48851,100.00
48852,100.00
48853,100.00
48854,100.00
48855,100.00
48856,100.00
48857,100.00
48858,100.00
48859,100.00
48860,100.00
48861,100.00
48862,100.00
48863,100.00
48864,100.00
48865,100.00
48866,100.00
48867,100.00
48868,100.00
48869,100.00
48870,100.00
48871,100.00
48872,100.00
48873,100.00
48874,100.00
48875,100.00
48876,100.00
48877,100.00
48878,100.00
48879,100.00
48880,100.00
48881,100.00
48882,100.00
48883,100.00
48884,100.00
48885,100.00
48886,100.00
48887,100.00
48888,100.00
48889,100.00
48890,100.00
48891,100.00
48892,100.00
48893,100.00
48894,100.00
48895,100.00
48896,100.00
48897,100.00
48898,100.00
48899,100.00
48900,100.00
48901,100.00
48902,100.00
48903,100.00
48904,100.00
48905,100.00
48906,100.00
48907,100.00
48908,100.00
48909,100.00
48910,100.00
48911,100.00
48912,100.00
48913,100.00
48914,100.00
48915,100.00
48916,100.00
48917,100.00
48918,100.00
48919,100.00
48920,100.00
48921,100.00
48922,100.00
48923,100.00
48924,100.00
48925,100.00
48926,100.00
48927,100.00
48928,100.00
48929,100.00
48930,100.00
48931,100.00
48932,100.00
48933,100.00
48934,100.00
48935,100.00
48936,100.00
48937,100.00
48938,100.00
48939,100.00
48940,100.00
48941,100.00
48942,100.00
48943,100.00
48944,100.00
48945,100.00
48946,100.00
48947,100.00
48948,100.00
48949,100.00
48950,100.00
48951,100.00
48952,100.00
48953,100.00
48954,100.00
48955,100.00
48956,100.00
48957,100.00
48958,100.00
48959,100.00
48960,100.00
48961,100.00
48962,100.00
48963,100.00
48964,100.00
48965,100.00
48966,100.00
48967,100.00
48968,100.00
48969,100.00
48970,100.00
48971,100.00
48972,100.00
48973,100.00
48974,100.00
48975,100.00
48976,100.00
48977,100.00
48978,100.00
48979,100.00
48980,100.00
48981,100.00
48982,100.00
48983,100.00
48984,100.00
48985,100.00
48986,100.00
48987,100.00
48988,100.00
48989,100.00
48990,100.00
48991,100.00
48992,100.00
48993,100.00
48994,100.00
48995,100.00
48996,100.00
48997,100.00
48998,100.00
48999,100.00
49000,100.00
49001,100.00
49002,100.00
49003,100.00
49004,100.00
49005,100.00
49006,100.00
49007,100.00
49008,100.00
49009,100.00
49010,100.00
49011,100.00
49012,100.00
49013,100.00
49014,100.00
49015,100.00
49016,100.00
49017,100.00
49018,100.00
49019,100.00
49020,100.00
49021,100.00
49022,100.00
49023,100.00
49024,100.00
49025,100.00
49026,100.00
49027,100.00
49028,100.00
49029,100.00
49030,100.00
49031,100.00
49032,100.00
49033,100.00
49034,100.00
49035,100.00
49036,100.00
49037,100.00
49038,100.00
49039,100.00
49040,100.00
49041,100.00
49042,100.00
49043,100.00
49044,100.00
49045,100.00
49046,100.00
49047,100.00
49048,100.00
49049,100.00
49050,100.00
49051,100.00
49052,100.00
49053,100.00
49054,100.00
49055,100.00
49056,100.00
49057,100.00
49058,100.00
49059,100.00
49060,100.00
49061,100.00
49062,100.00
49063,100.00
49064,100.00
49065,100.00
49066,100.00
49067,100.00
49068,100.00
49069,100.00
49070,100.00
49071,100.00
49072,100.00
49073,100.00
49074,100.00
49075,100.00
49076,100.00
49077,100.00
49078,100.00
49079,100.00
49080,100.00
49081,100.00
49082,100.00
49083,100.00
49084,100.00
49085,100.00
49086,100.00
49087,100.00
49088,100.00
49089,100.00
49090,100.00
49091,100.00
49092,100.00
49093,100.00
49094,100.00
49095,100.00
49096,100.00
49097,100.00
49098,100.00
49099,100.00
49100,100.00
49101,100.00
49102,100.00
49103,100.00
49104,100.00
49105,100.00
49106,100.00
49107,100.00
49108,100.00
49109,100.00
49110,100.00
49111,100.00
49112,100.00
49113,100.00
49114,100.00
49115,100.00
49116,100.00
49117,100.00
49118,100.00
49119,100.00
49120,100.00
49121,100.00
49122,100.00
49123,100.00
49124,100.00
49125,100.00
49126,100.00
49127,100.00
49128,100.00
49129,100.00
49130,100.00
49131,100.00
49132,100.00
49133,100.00
49134,100.00
49135,100.00
49136,100.00
49137,100.00
49138,100.00
49139,100.00
49140,100.00
49141,100.00
49142,100.00
49143,100.00
49144,100.00
49145,100.00
49146,100.00
49147,100.00
49148,100.00
49149,100.00
49150,100.00
49151,100.00
49152,100.00
49153,100.00
49154,100.00
49155,100.00
49156,100.00
49157,100.00
49158,100.00
49159,100.00
49160,100.00
49161,100.00
49162,100.00
49163,100.00
49164,100.00
49165,100.00
49166,100.00
49167,100.00
49168,100.00
49169,100.00
49170,100.00
49171,100.00
49172,100.00
49173,100.00
49174,100.00
49175,100.00
49176,100.00
49177,100.00
49178,100.00
49179,100.00
49180,100.00
49181,100.00
49182,100.00
49183,100.00
49184,100.00
49185,100.00
49186,100.00
49187,100.00
49188,100.00
49189,100.00
49190,100.00
49191,100.00
49192,100.00
49193,100.00
49194,100.00
49195,100.00
49196,100.00
49197,100.00
49198,100.00
49199,100.00
49200,100.00
49201,100.00
49202,100.00
49203,100.00
49204,100.00
49205,100.00
49206,100.00
49207,100.00
49208,100.00
49209,100.00
49210,100.00
49211,100.00
49212,100.00
49213,100.00
49214,100.00
49215,100.00
49216,100.00
49217,100.00
49218,100.00
49219,100.00
49220,100.00
49221,100.00
49222,100.00
49223,100.00
49224,100.00
49225,100.00
49226,100.00
49227,100.00
49228,100.00
49229,100.00
49230,100.00
49231,100.00
49232,100.00
49233,100.00
49234,100.00
49235,100.00
49236,100.00
49237,100.00
49238,100.00
49239,100.00
49240,100.00
49241,100.00
49242,100.00
49243,100.00
49244,100.00
49245,100.00
49246,100.00
49247,100.00
49248,100.00
49249,100.00
49250,100.00
49251,100.00
49252,100.00
49253,100.00
49254,100.00
49255,100.00
49256,100.00
49257,100.00
49258,100.00
49259,100.00
49260,100.00
49261,100.00
49262,100.00
49263,100.00
49264,100.00
49265,100.00
49266,100.00
49267,100.00
49268,100.00
49269,100.00
49270,100.00
49271,100.00
49272,100.00
49273,100.00
49274,100.00
49275,100.00
49276,100.00
49277,100.00
49278,100.00
49279,100.00
49280,100.00
49281,100.00
49282,100.00
49283,100.00
49284,100.00
49285,100.00
49286,100.00
49287,100.00
49288,100.00
49289,100.00
49290,100.00
49291,100.00
49292,100.00
49293,100.00
49294,100.00
49295,100.00
49296,100.00
49297,100.00
49298,100.00
49299,100.00
49300,100.00
49301,100.00
49302,100.00
49303,100.00
49304,100.00
49305,100.00
49306,100.00
49307,100.00
49308,100.00
49309,100.00
49310,100.00
49311,100.00
49312,100.00
49313,100.00
49314,100.00
49315,100.00
49316,100.00
49317,100.00
49318,100.00
49319,100.00
49320,100.00
49321,100.00
49322,100.00
49323,100.00
49324,100.00
49325,100.00
49326,100.00
49327,100.00
49328,100.00
49329,100.00
49330,100.00
49331,100.00
49332,100.00
49333,100.00
49334,100.00
49335,100.00
49336,100.00
49337,100.00
49338,100.00
49339,100.00
49340,100.00
49341,100.00
49342,100.00
49343,100.00
49344,100.00
49345,100.00
49346,100.00
49347,100.00
49348,100.00
49349,100.00
49350,100.00
49351,100.00
49352,100.00
49353,100.00
49354,100.00
49355,100.00
49356,100.00
49357,100.00
49358,100.00
49359,100.00
49360,100.00
49361,100.00
49362,100.00
49363,100.00
49364,100.00
49365,100.00
49366,100.00
49367,100.00
49368,100.00
49369,100.00
49370,100.00
49371,100.00
49372,100.00
49373,100.00
49374,100.00
49375,100.00
49376,100.00
49377,100.00
49378,100.00
49379,100.00
49380,100.00
49381,100.00
49382,100.00
49383,100.00
49384,100.00
49385,100.00
49386,100.00
49387,100.00
49388,100.00
49389,100.00
49390,100.00
49391,100.00
49392,100.00
49393,100.00
49394,100.00
49395,100.00
49396,100.00
49397,100.00
49398,100.00
49399,100.00
49400,100.00
49401,100.00
49402,100.00
49403,100.00
49404,100.00
49405,100.00
49406,100.00
49407,100.00
49408,100.00
49409,100.00
49410,100.00
49411,100.00
49412,100.00
49413,100.00
49414,100.00
49415,100.00
49416,100.00
49417,100.00
49418,100.00
49419,100.00
49420,100.00
49421,100.00
49422,100.00
49423,100.00
49424,100.00
49425,100.00
49426,100.00
49427,100.00
49428,100.00
49429,100.00
49430,100.00
49431,100.00
49432,100.00
49433,100.00
49434,100.00
49435,100.00
49436,100.00
49437,100.00
49438,100.00
49439,100.00
49440,100.00
49441,100.00
49442,100.00
49443,100.00
49444,100.00
49445,100.00
49446,100.00
49447,100.00
49448,100.00
49449,100.00
49450,100.00
49451,100.00
49452,100.00
49453,100.00
49454,100.00
49455,100.00
49456,100.00
49457,100.00
49458,100.00
49459,100.00
49460,100.00
49461,100.00
49462,100.00
49463,100.00
49464,100.00
49465,100.00
49466,100.00
49467,100.00
49468,100.00
49469,100.00
49470,100.00
49471,100.00
49472,100.00
49473,100.00
49474,100.00
49475,100.00
49476,100.00
49477,100.00
49478,100.00
49479,100.00
49480,100.00
49481,100.00
49482,100.00
49483,100.00
49484,100.00
49485,100.00
49486,100.00
49487,100.00
49488,100.00
49489,100.00
49490,100.00
49491,100.00
49492,100.00
49493,100.00
49494,100.00
49495,100.00
49496,100.00
49497,100.00
49498,100.00
49499,100.00
49500,100.00
49501,100.00
49502,100.00
49503,100.00
49504,100.00
49505,100.00
49506,100.00
49507,100.00
49508,100.00
49509,100.00
49510,100.00
49511,100.00
49512,100.00
49513,100.00
49514,100.00
49515,100.00
49516,100.00
49517,100.00
49518,100.00
49519,100.00
49520,100.00
49521,100.00
49522,100.00
49523,100.00
49524,100.00
49525,100.00
49526,100.00
49527,100.00
49528,100.00
49529,100.00
49530,100.00
49531,100.00
49532,100.00
49533,100.00
49534,100.00
49535,100.00
49536,100.00
49537,100.00
49538,100.00
49539,100.00
49540,100.00
49541,100.00
49542,100.00
49543,100.00
49544,100.00
49545,100.00
49546,100.00
49547,100.00
49548,100.00
49549,100.00
49550,100.00
49551,100.00
49552,100.00
49553,100.00
49554,100.00
49555,100.00
49556,100.00
49557,100.00
49558,100.00
49559,100.00
49560,100.00
49561,100.00
49562,100.00
49563,100.00
49564,100.00
49565,100.00
49566,100.00
49567,100.00
49568,100.00
49569,100.00
49570,100.00
49571,100.00
49572,100.00
49573,100.00
49574,100.00
49575,100.00
49576,100.00
49577,100.00
49578,100.00
49579,100.00
49580,100.00
49581,100.00
49582,100.00
49583,100.00
49584,100.00
49585,100.00
49586,100.00
49587,100.00
49588,100.00
49589,100.00
49590,100.00
49591,100.00
49592,100.00
49593,100.00
49594,100.00
49595,100.00
49596,100.00
49597,100.00
49598,100.00
49599,100.00
49600,100.00
49601,100.00
49602,100.00
49603,100.00
49604,100.00
49605,100.00
49606,100.00
49607,100.00
49608,100.00
49609,100.00
49610,100.00
49611,100.00
49612,100.00
49613,100.00
49614,100.00
49615,100.00
49616,100.00
49617,100.00
49618,100.00
49619,100.00
49620,100.00
49621,100.00
49622,100.00
49623,100.00
49624,100.00
49625,100.00
49626,100.00
49627,100.00
49628,100.00
49629,100.00
49630,100.00
49631,100.00
49632,100.00
49633,100.00
49634,100.00
49635,100.00
49636,100.00
49637,100.00
49638,100.00
49639,100.00
49640,100.00
49641,100.00
49642,100.00
49643,100.00
49644,100.00
49645,100.00
49646,100.00
49647,100.00
49648,100.00
49649,100.00
49650,100.00
49651,100.00
49652,100.00
49653,100.00
49654,100.00
49655,100.00
49656,100.00
49657,100.00
49658,100.00
49659,100.00
49660,100.00
49661,100.00
49662,100.00
49663,100.00
49664,100.00
49665,100.00
49666,100.00
49667,100.00
49668,100.00
49669,100.00
49670,100.00
49671,100.00
49672,100.00
49673,100.00
49674,100.00
49675,100.00
49676,100.00
49677,100.00
49678,100.00
49679,100.00
49680,100.00
49681,100.00
49682,100.00
49683,100.00
49684,100.00
49685,100.00
49686,100.00
49687,100.00
49688,100.00
49689,100.00
49690,100.00
49691,100.00
49692,100.00
49693,100.00
49694,100.00
49695,100.00
49696,100.00
49697,100.00
49698,100.00
49699,100.00
49700,100.00
49701,100.00
49702,100.00
49703,100.00
49704,100.00
49705,100.00
49706,100.00
49707,100.00
49708,100.00
49709,100.00
49710,100.00
49711,100.00
49712,100.00
49713,100.00
49714,100.00
49715,100.00
49716,100.00
49717,100.00
49718,100.00
49719,100.00
49720,100.00
49721,100.00
49722,100.00
49723,100.00
49724,100.00
49725,100.00
49726,100.00
49727,100.00
49728,100.00
49729,100.00
49730,100.00
49731,100.00
49732,100.00
49733,100.00
49734,100.00
49735,100.00
49736,100.00
49737,100.00
49738,100.00
49739,100.00
49740,100.00
49741,100.00
49742,100.00
49743,100.00
49744,100.00
49745,100.00
49746,100.00
49747,100.00
49748,100.00
49749,100.00
49750,100.00
49751,100.00
49752,100.00
49753,100.00
49754,100.00
49755,100.00
49756,100.00
49757,100.00
49758,100.00
49759,100.00
49760,100.00
49761,100.00
49762,100.00
49763,100.00
49764,100.00
49765,100.00
49766,100.00
49767,100.00
49768,100.00
49769,100.00
49770,100.00
49771,100.00
49772,100.00
49773,100.00
49774,100.00
49775,100.00
49776,100.00
49777,100.00
49778,100.00
49779,100.00
49780,100.00
49781,100.00
49782,100.00
49783,100.00
49784,100.00
49785,100.00
49786,100.00
49787,100.00
49788,100.00
49789,100.00
49790,100.00
49791,100.00
49792,100.00
49793,100.00
49794,100.00
49795,100.00
49796,100.00
49797,100.00
49798,100.00
49799,100.00
49800,100.00
49801,100.00
49802,100.00
49803,100.00
49804,100.00
49805,100.00
49806,100.00
49807,100.00
49808,100.00
49809,100.00
49810,100.00
49811,100.00
49812,100.00
49813,100.00
49814,100.00
49815,100.00
49816,100.00
49817,100.00
49818,100.00
49819,100.00
49820,100.00
49821,100.00
49822,100.00
49823,100.00
49824,100.00
49825,100.00
49826,100.00
49827,100.00
49828,100.00
49829,100.00
49830,100.00
49831,100.00
49832,100.00
49833,100.00
49834,100.00
49835,100.00
49836,100.00
49837,100.00
49838,100.00
49839,100.00
49840,100.00
49841,100.00
49842,100.00
49843,100.00
49844,100.00
49845,100.00
49846,100.00
49847,100.00
49848,100.00
49849,100.00
49850,100.00
49851,100.00
49852,100.00
49853,100.00
49854,100.00
49855,100.00
49856,100.00
49857,100.00
49858,100.00
49859,100.00
49860,100.00
49861,100.00
49862,100.00
49863,100.00
49864,100.00
49865,100.00
49866,100.00
49867,100.00
49868,100.00
49869,100.00
49870,100.00
49871,100.00
49872,100.00
49873,100.00
49874,100.00
49875,100.00
49876,100.00
49877,100.00
49878,100.00
49879,100.00
49880,100.00
49881,100.00
49882,100.00
49883,100.00
49884,100.00
49885,100.00
49886,100.00
49887,100.00
49888,100.00
49889,100.00
49890,100.00
49891,100.00
49892,100.00
49893,100.00
49894,100.00
49895,100.00
49896,100.00
49897,100.00
49898,100.00
49899,100.00
49900,100.00
49901,100.00
49902,100.00
49903,100.00
49904,100.00
49905,100.00
49906,100.00
49907,100.00
49908,100.00
49909,100.00
49910,100.00
49911,100.00
49912,100.00
49913,100.00
49914,100.00
49915,100.00
49916,100.00
49917,100.00
49918,100.00
49919,100.00
49920,100.00
49921,100.00
49922,100.00
49923,100.00
49924,100.00
49925,100.00
49926,100.00
49927,100.00
49928,100.00
49929,100.00
49930,100.00
49931,100.00
49932,100.00
49933,100.00
49934,100.00
49935,100.00
49936,100.00
49937,100.00
49938,100.00
49939,100.00
49940,100.00
49941,100.00
49942,100.00
49943,100.00
49944,100.00
49945,100.00
49946,100.00
49947,100.00
49948,100.00
49949,100.00
49950,100.00
49951,100.00
49952,100.00
49953,100.00
49954,100.00
49955,100.00
49956,100.00
49957,100.00
49958,100.00
49959,100.00
49960,100.00
49961,100.00
49962,100.00
49963,100.00
49964,100.00
49965,100.00
49966,100.00
49967,100.00
49968,100.00
49969,100.00
49970,100.00
49971,100.00
49972,100.00
49973,100.00
49974,100.00
49975,100.00
49976,100.00
49977,100.00
49978,100.00
49979,100.00
49980,100.00
49981,100.00
49982,100.00
49983,100.00
49984,100.00
49985,100.00
49986,100.00
49987,100.00
49988,100.00
49989,100.00
49990,100.00
49991,100.00
49992,100.00
49993,100.00
49994,100.00
49995,100.00
49996,100.00
49997,100.00
49998,100.00
49999,100.00
50000,100.00
